<?xml version='1.0' encoding='UTF-8'?>
<!--
(c) 2010-2024 Financial Accounting Foundation; (c) 2007-2010 XBRL US, Inc.  All Rights Reserved.
Notice: Authorized Uses are Set Forth at https://xbrl.fasb.org/terms/TaxonomiesTermsConditions.html
  -->
<link:linkbase xmlns:link='http://www.xbrl.org/2003/linkbase' xmlns:tin-part='http://fasb.org/tin-part/2024' xmlns:xlink='http://www.w3.org/1999/xlink' xmlns:xsi='http://www.w3.org/2001/XMLSchema-instance' xsi:schemaLocation='http://www.xbrl.org/2003/linkbase http://www.xbrl.org/2003/xbrl-linkbase-2003-12-31.xsd http://fasb.org/tin-part/2024 ../../elts/us-parts-tin-2024.xsd'>
  <link:roleRef roleURI='http://fasb.org/us-gaap/role/tin/resource' xlink:href='../../elts/us-roles-2024.xsd#resource' xlink:type='simple' />
  <link:roleRef roleURI='http://fasb.org/us-gaap/role/tin/usage' xlink:href='../../elts/us-roles-2024.xsd#usage' xlink:type='simple' />
  <link:roleRef roleURI='http://fasb.org/us-gaap/role/tin/value' xlink:href='../../elts/us-roles-2024.xsd#value' xlink:type='simple' />
  <link:referenceLink xlink:role='http://www.xbrl.org/2003/role/link' xlink:type='extended'>
    <link:loc xlink:href='./us-gaap-ebp-2024.xsd#us-gaap-ebp_EmployeeBenefitPlanChangeInNetAssetAvailableForBenefitDecrease' xlink:label='loc_EmployeeBenefitPlanChangeInNetAssetAvailableForBenefitDecrease' xlink:type='locator' />
    <link:loc xlink:href='./us-gaap-ebp-2024.xsd#us-gaap-ebp_EmployeeBenefitPlanChangeInNetAssetAvailableForBenefitDecreaseForAdministrativeExpense' xlink:label='loc_EmployeeBenefitPlanChangeInNetAssetAvailableForBenefitDecreaseForAdministrativeExpense' xlink:type='locator' />
    <link:loc xlink:href='./us-gaap-ebp-2024.xsd#us-gaap-ebp_EmployeeBenefitPlanChangeInNetAssetAvailableForBenefitDecreaseForAllocatedSharesForEsop' xlink:label='loc_EmployeeBenefitPlanChangeInNetAssetAvailableForBenefitDecreaseForAllocatedSharesForEsop' xlink:type='locator' />
    <link:loc xlink:href='./us-gaap-ebp-2024.xsd#us-gaap-ebp_EmployeeBenefitPlanChangeInNetAssetAvailableForBenefitDecreaseForInterestExpenseOnDebt' xlink:label='loc_EmployeeBenefitPlanChangeInNetAssetAvailableForBenefitDecreaseForInterestExpenseOnDebt' xlink:type='locator' />
    <link:loc xlink:href='./us-gaap-ebp-2024.xsd#us-gaap-ebp_EmployeeBenefitPlanChangeInNetAssetAvailableForBenefitDecreaseForInvestmentExpense' xlink:label='loc_EmployeeBenefitPlanChangeInNetAssetAvailableForBenefitDecreaseForInvestmentExpense' xlink:type='locator' />
    <link:loc xlink:href='./us-gaap-ebp-2024.xsd#us-gaap-ebp_EmployeeBenefitPlanChangeInNetAssetAvailableForBenefitDecreaseForManagementFeeExpense' xlink:label='loc_EmployeeBenefitPlanChangeInNetAssetAvailableForBenefitDecreaseForManagementFeeExpense' xlink:type='locator' />
    <link:loc xlink:href='./us-gaap-ebp-2024.xsd#us-gaap-ebp_EmployeeBenefitPlanChangeInNetAssetAvailableForBenefitDecreaseForPaymentForInsuranceContractExcludedFromPlanAsset' xlink:label='loc_EmployeeBenefitPlanChangeInNetAssetAvailableForBenefitDecreaseForPaymentForInsuranceContractExcludedFromPlanAsset' xlink:type='locator' />
    <link:loc xlink:href='./us-gaap-ebp-2024.xsd#us-gaap-ebp_EmployeeBenefitPlanChangeInNetAssetAvailableForBenefitDecreaseForPaymentToParticipant' xlink:label='loc_EmployeeBenefitPlanChangeInNetAssetAvailableForBenefitDecreaseForPaymentToParticipant' xlink:type='locator' />
    <link:loc xlink:href='./us-gaap-ebp-2024.xsd#us-gaap-ebp_EmployeeBenefitPlanChangeInNetAssetAvailableForBenefitIncrease' xlink:label='loc_EmployeeBenefitPlanChangeInNetAssetAvailableForBenefitIncrease' xlink:type='locator' />
    <link:loc xlink:href='./us-gaap-ebp-2024.xsd#us-gaap-ebp_EmployeeBenefitPlanChangeInNetAssetAvailableForBenefitIncreaseDecrease' xlink:label='loc_EmployeeBenefitPlanChangeInNetAssetAvailableForBenefitIncreaseDecrease' xlink:type='locator' />
    <link:loc xlink:href='./us-gaap-ebp-2024.xsd#us-gaap-ebp_EmployeeBenefitPlanChangeInNetAssetAvailableForBenefitIncreaseDecreaseForChangeInPlanInterestInMasterTrust' xlink:label='loc_EmployeeBenefitPlanChangeInNetAssetAvailableForBenefitIncreaseDecreaseForChangeInPlanInterestInMasterTrust' xlink:type='locator' />
    <link:loc xlink:href='./us-gaap-ebp-2024.xsd#us-gaap-ebp_EmployeeBenefitPlanChangeInNetAssetAvailableForBenefitIncreaseDecreaseForGainLossOnInvestment' xlink:label='loc_EmployeeBenefitPlanChangeInNetAssetAvailableForBenefitIncreaseDecreaseForGainLossOnInvestment' xlink:type='locator' />
    <link:loc xlink:href='./us-gaap-ebp-2024.xsd#us-gaap-ebp_EmployeeBenefitPlanChangeInNetAssetAvailableForBenefitIncreaseDecreaseForIncomeLossOnInvestment' xlink:label='loc_EmployeeBenefitPlanChangeInNetAssetAvailableForBenefitIncreaseDecreaseForIncomeLossOnInvestment' xlink:type='locator' />
    <link:loc xlink:href='./us-gaap-ebp-2024.xsd#us-gaap-ebp_EmployeeBenefitPlanChangeInNetAssetAvailableForBenefitIncreaseDecreaseForInvestmentIncomeLossAfterInvestmentExpense' xlink:label='loc_EmployeeBenefitPlanChangeInNetAssetAvailableForBenefitIncreaseDecreaseForInvestmentIncomeLossAfterInvestmentExpense' xlink:type='locator' />
    <link:loc xlink:href='./us-gaap-ebp-2024.xsd#us-gaap-ebp_EmployeeBenefitPlanChangeInNetAssetAvailableForBenefitIncreaseDecreaseForInvestmentIncomeLossBeforeInvestmentExpense' xlink:label='loc_EmployeeBenefitPlanChangeInNetAssetAvailableForBenefitIncreaseDecreaseForInvestmentIncomeLossBeforeInvestmentExpense' xlink:type='locator' />
    <link:loc xlink:href='./us-gaap-ebp-2024.xsd#us-gaap-ebp_EmployeeBenefitPlanChangeInNetAssetAvailableForBenefitIncreaseDecreaseForOtherIncomeLossOnInvestment' xlink:label='loc_EmployeeBenefitPlanChangeInNetAssetAvailableForBenefitIncreaseDecreaseForOtherIncomeLossOnInvestment' xlink:type='locator' />
    <link:loc xlink:href='./us-gaap-ebp-2024.xsd#us-gaap-ebp_EmployeeBenefitPlanChangeInNetAssetAvailableForBenefitIncreaseDecreaseForPlanAmendment' xlink:label='loc_EmployeeBenefitPlanChangeInNetAssetAvailableForBenefitIncreaseDecreaseForPlanAmendment' xlink:type='locator' />
    <link:loc xlink:href='./us-gaap-ebp-2024.xsd#us-gaap-ebp_EmployeeBenefitPlanChangeInNetAssetAvailableForBenefitIncreaseDecreaseForRealizedGainLossOnInvestment' xlink:label='loc_EmployeeBenefitPlanChangeInNetAssetAvailableForBenefitIncreaseDecreaseForRealizedGainLossOnInvestment' xlink:type='locator' />
    <link:loc xlink:href='./us-gaap-ebp-2024.xsd#us-gaap-ebp_EmployeeBenefitPlanChangeInNetAssetAvailableForBenefitIncreaseDecreaseForUnrealizedGainLossOnInvestment' xlink:label='loc_EmployeeBenefitPlanChangeInNetAssetAvailableForBenefitIncreaseDecreaseForUnrealizedGainLossOnInvestment' xlink:type='locator' />
    <link:loc xlink:href='./us-gaap-ebp-2024.xsd#us-gaap-ebp_EmployeeBenefitPlanChangeInNetAssetAvailableForBenefitIncreaseForAllocatedSharesForEsop' xlink:label='loc_EmployeeBenefitPlanChangeInNetAssetAvailableForBenefitIncreaseForAllocatedSharesForEsop' xlink:type='locator' />
    <link:loc xlink:href='./us-gaap-ebp-2024.xsd#us-gaap-ebp_EmployeeBenefitPlanChangeInNetAssetAvailableForBenefitIncreaseForContribution' xlink:label='loc_EmployeeBenefitPlanChangeInNetAssetAvailableForBenefitIncreaseForContribution' xlink:type='locator' />
    <link:loc xlink:href='./us-gaap-ebp-2024.xsd#us-gaap-ebp_EmployeeBenefitPlanChangeInNetAssetAvailableForBenefitIncreaseForDividendIncomeOnInvestment' xlink:label='loc_EmployeeBenefitPlanChangeInNetAssetAvailableForBenefitIncreaseForDividendIncomeOnInvestment' xlink:type='locator' />
    <link:loc xlink:href='./us-gaap-ebp-2024.xsd#us-gaap-ebp_EmployeeBenefitPlanChangeInNetAssetAvailableForBenefitIncreaseForEmployerContribution' xlink:label='loc_EmployeeBenefitPlanChangeInNetAssetAvailableForBenefitIncreaseForEmployerContribution' xlink:type='locator' />
    <link:loc xlink:href='./us-gaap-ebp-2024.xsd#us-gaap-ebp_EmployeeBenefitPlanChangeInNetAssetAvailableForBenefitIncreaseForEmployerContributionCash' xlink:label='loc_EmployeeBenefitPlanChangeInNetAssetAvailableForBenefitIncreaseForEmployerContributionCash' xlink:type='locator' />
    <link:loc xlink:href='./us-gaap-ebp-2024.xsd#us-gaap-ebp_EmployeeBenefitPlanChangeInNetAssetAvailableForBenefitIncreaseForEmployerContributionNoncash' xlink:label='loc_EmployeeBenefitPlanChangeInNetAssetAvailableForBenefitIncreaseForEmployerContributionNoncash' xlink:type='locator' />
    <link:loc xlink:href='./us-gaap-ebp-2024.xsd#us-gaap-ebp_EmployeeBenefitPlanChangeInNetAssetAvailableForBenefitIncreaseForInterestAndDividendIncomeOnInvestment' xlink:label='loc_EmployeeBenefitPlanChangeInNetAssetAvailableForBenefitIncreaseForInterestAndDividendIncomeOnInvestment' xlink:type='locator' />
    <link:loc xlink:href='./us-gaap-ebp-2024.xsd#us-gaap-ebp_EmployeeBenefitPlanChangeInNetAssetAvailableForBenefitIncreaseForInterestIncomeOnInvestment' xlink:label='loc_EmployeeBenefitPlanChangeInNetAssetAvailableForBenefitIncreaseForInterestIncomeOnInvestment' xlink:type='locator' />
    <link:loc xlink:href='./us-gaap-ebp-2024.xsd#us-gaap-ebp_EmployeeBenefitPlanChangeInNetAssetAvailableForBenefitIncreaseForInterestIncomeOnNoteReceivableFromParticipant' xlink:label='loc_EmployeeBenefitPlanChangeInNetAssetAvailableForBenefitIncreaseForInterestIncomeOnNoteReceivableFromParticipant' xlink:type='locator' />
    <link:loc xlink:href='./us-gaap-ebp-2024.xsd#us-gaap-ebp_EmployeeBenefitPlanChangeInNetAssetAvailableForBenefitIncreaseForParticipantContribution' xlink:label='loc_EmployeeBenefitPlanChangeInNetAssetAvailableForBenefitIncreaseForParticipantContribution' xlink:type='locator' />
    <link:loc xlink:href='./us-gaap-ebp-2024.xsd#us-gaap-ebp_EmployeeBenefitPlanChangeInNetAssetAvailableForBenefitIncreaseForParticipantContributionExcludingRollover' xlink:label='loc_EmployeeBenefitPlanChangeInNetAssetAvailableForBenefitIncreaseForParticipantContributionExcludingRollover' xlink:type='locator' />
    <link:loc xlink:href='./us-gaap-ebp-2024.xsd#us-gaap-ebp_EmployeeBenefitPlanChangeInNetAssetAvailableForBenefitIncreaseForParticipantContributionRollover' xlink:label='loc_EmployeeBenefitPlanChangeInNetAssetAvailableForBenefitIncreaseForParticipantContributionRollover' xlink:type='locator' />
    <link:loc xlink:href='./us-gaap-ebp-2024.xsd#us-gaap-ebp_EmployeeBenefitPlanChangeInNetAssetAvailableForBenefitTransferToFromExternalPlan' xlink:label='loc_EmployeeBenefitPlanChangeInNetAssetAvailableForBenefitTransferToFromExternalPlan' xlink:type='locator' />
    <link:loc xlink:href='./us-gaap-ebp-2024.xsd#us-gaap-ebp_EmployeeBenefitPlanChangeInNetAssetAvailableForBenefitTransferToFromFundWithinEsop' xlink:label='loc_EmployeeBenefitPlanChangeInNetAssetAvailableForBenefitTransferToFromFundWithinEsop' xlink:type='locator' />
    <link:loc xlink:href='./us-gaap-ebp-2024.xsd#us-gaap-ebp_EmployeeBenefitPlanReconciliationToForm5500ChangeInNetAssetAvailableForBenefitDecreaseForDeemedDistributionCurrentPeriod' xlink:label='loc_EmployeeBenefitPlanReconciliationToForm5500ChangeInNetAssetAvailableForBenefitDecreaseForDeemedDistributionCurrentPeriod' xlink:type='locator' />
    <link:loc xlink:href='./us-gaap-ebp-2024.xsd#us-gaap-ebp_EmployeeBenefitPlanReconciliationToForm5500ChangeInNetAssetAvailableForBenefitIncreaseDecreaseForContractValueToCurrentValue' xlink:label='loc_EmployeeBenefitPlanReconciliationToForm5500ChangeInNetAssetAvailableForBenefitIncreaseDecreaseForContractValueToCurrentValue' xlink:type='locator' />
    <link:loc xlink:href='./us-gaap-ebp-2024.xsd#us-gaap-ebp_EmployeeBenefitPlanReconciliationToForm5500ChangeInNetAssetAvailableForBenefitIncreaseDecreaseForDeemedDistribution' xlink:label='loc_EmployeeBenefitPlanReconciliationToForm5500ChangeInNetAssetAvailableForBenefitIncreaseDecreaseForDeemedDistribution' xlink:type='locator' />
    <link:loc xlink:href='./us-gaap-ebp-2024.xsd#us-gaap-ebp_EmployeeBenefitPlanReconciliationToForm5500ChangeInNetAssetAvailableForBenefitIncreaseForDeemedDistributionPriorPeriod' xlink:label='loc_EmployeeBenefitPlanReconciliationToForm5500ChangeInNetAssetAvailableForBenefitIncreaseForDeemedDistributionPriorPeriod' xlink:type='locator' />
    <link:loc xlink:href='./us-gaap-ebp-2024.xsd#us-gaap-ebp_EmployeeBenefitPlanReportableTransactionChangeInNetAssetAvailableForBenefitDecreaseForExpenseIncurred' xlink:label='loc_EmployeeBenefitPlanReportableTransactionChangeInNetAssetAvailableForBenefitDecreaseForExpenseIncurred' xlink:type='locator' />
    <link:loc xlink:href='./us-gaap-ebp-2024.xsd#us-gaap-ebp_EmployeeBenefitPlanForm5500CaptionTransferToFromPlan' xlink:label='loc_EmployeeBenefitPlanForm5500CaptionTransferToFromPlan' xlink:type='locator' />
    <link:loc xlink:href='./us-gaap-ebp-2024.xsd#us-gaap-ebp_EmployeeBenefitPlanNetAssetAvailableForBenefit' xlink:label='loc_EmployeeBenefitPlanNetAssetAvailableForBenefit' xlink:type='locator' />
    <link:loc xlink:href='./us-gaap-ebp-2024.xsd#us-gaap-ebp_EmployeeBenefitPlanReconciliationToForm5500NetAssetAvailableForBenefitContractValueToCurrentValueAdjustment' xlink:label='loc_EmployeeBenefitPlanReconciliationToForm5500NetAssetAvailableForBenefitContractValueToCurrentValueAdjustment' xlink:type='locator' />
    <link:loc xlink:href='./us-gaap-ebp-2024.xsd#us-gaap-ebp_EmployeeBenefitPlanAssetHeldForInvestmentInvestmentExcludingPlanInterestInMasterTrustParticipationStatusExtensibleEnumeration' xlink:label='loc_EmployeeBenefitPlanAssetHeldForInvestmentInvestmentExcludingPlanInterestInMasterTrustParticipationStatusExtensibleEnumeration' xlink:type='locator' />
    <link:loc xlink:href='./us-gaap-ebp-2024.xsd#us-gaap-ebp_EmployeeBenefitPlanAssetHeldForInvestmentPlanInterestInMasterTrustAllocationStatusExtensibleEnumeration' xlink:label='loc_EmployeeBenefitPlanAssetHeldForInvestmentPlanInterestInMasterTrustAllocationStatusExtensibleEnumeration' xlink:type='locator' />
    <link:loc xlink:href='./us-gaap-ebp-2024.xsd#us-gaap-ebp_EmployeeBenefitPlanAssetHeldForInvestmentPlanInterestInMasterTrustParticipationStatusExtensibleEnumeration' xlink:label='loc_EmployeeBenefitPlanAssetHeldForInvestmentPlanInterestInMasterTrustParticipationStatusExtensibleEnumeration' xlink:type='locator' />
    <link:loc xlink:href='./us-gaap-ebp-2024.xsd#us-gaap-ebp_EmployeeBenefitPlanPartyInInterestRelationshipToPlanExtensibleEnumeration' xlink:label='loc_EmployeeBenefitPlanPartyInInterestRelationshipToPlanExtensibleEnumeration' xlink:type='locator' />
    <link:loc xlink:href='./us-gaap-ebp-2024.xsd#us-gaap-ebp_EmployeeBenefitPlanInvestmentIssuerNameExtensibleEnumeration' xlink:label='loc_EmployeeBenefitPlanInvestmentIssuerNameExtensibleEnumeration' xlink:type='locator' />
    <link:loc xlink:href='./us-gaap-ebp-2024.xsd#us-gaap-ebp_EmployeeBenefitPlanInvestmentTypeExtensibleEnumeration' xlink:label='loc_EmployeeBenefitPlanInvestmentTypeExtensibleEnumeration' xlink:type='locator' />
    <link:loc xlink:href='./us-gaap-ebp-2024.xsd#us-gaap-ebp_EmployeeBenefitPlanTaxQualificationStatusExtensibleEnumeration' xlink:label='loc_EmployeeBenefitPlanTaxQualificationStatusExtensibleEnumeration' xlink:type='locator' />
    <link:loc xlink:href='./us-gaap-ebp-2024.xsd#us-gaap-ebp_EmployeeBenefitPlanInvestmentSoldCostBasisExtensibleEnumeration' xlink:label='loc_EmployeeBenefitPlanInvestmentSoldCostBasisExtensibleEnumeration' xlink:type='locator' />
    <link:loc xlink:href='./us-gaap-ebp-2024.xsd#us-gaap-ebp_EmployeeBenefitPlanInvestmentMeasurementInputExtensibleEnumeration' xlink:label='loc_EmployeeBenefitPlanInvestmentMeasurementInputExtensibleEnumeration' xlink:type='locator' />
    <link:loc xlink:href='./us-gaap-ebp-2024.xsd#us-gaap-ebp_EmployeeBenefitPlanInvestmentValuationTechniqueExtensibleEnumeration' xlink:label='loc_EmployeeBenefitPlanInvestmentValuationTechniqueExtensibleEnumeration' xlink:type='locator' />
    <link:loc xlink:href='./us-gaap-ebp-2024.xsd#us-gaap-ebp_EmployeeBenefitPlanAssetHeldForInvestmentInvestmentExcludingPlanInterestInMasterTrustAllocationStatusExtensibleEnumeration' xlink:label='loc_EmployeeBenefitPlanAssetHeldForInvestmentInvestmentExcludingPlanInterestInMasterTrustAllocationStatusExtensibleEnumeration' xlink:type='locator' />
    <link:loc xlink:href='./us-gaap-ebp-2024.xsd#us-gaap-ebp_EmployeeBenefitPlanInvestmentLevel3ReconciliationPeriodIncreaseDecrease' xlink:label='loc_EmployeeBenefitPlanInvestmentLevel3ReconciliationPeriodIncreaseDecrease' xlink:type='locator' />
    <link:loc xlink:href='./us-gaap-ebp-2024.xsd#us-gaap-ebp_EmployeeBenefitPlanInvestmentLevel3ReconciliationIncreaseDecreaseForUnrealizedGainLoss' xlink:label='loc_EmployeeBenefitPlanInvestmentLevel3ReconciliationIncreaseDecreaseForUnrealizedGainLoss' xlink:type='locator' />
    <link:loc xlink:href='./us-gaap-ebp-2024.xsd#us-gaap-ebp_EmployeeBenefitPlanForm5500CaptionOtherIncome' xlink:label='loc_EmployeeBenefitPlanForm5500CaptionOtherIncome' xlink:type='locator' />
    <link:loc xlink:href='./us-gaap-ebp-2024.xsd#us-gaap-ebp_EmployeeBenefitPlanReconciliationToForm5500PaymentToParticipantIncreaseDecreaseForDeemedDistribution' xlink:label='loc_EmployeeBenefitPlanReconciliationToForm5500PaymentToParticipantIncreaseDecreaseForDeemedDistribution' xlink:type='locator' />
    <link:loc xlink:href='./us-gaap-ebp-2024.xsd#us-gaap-ebp_EmployeeBenefitPlanForm5500CaptionNetGainLossOnSale' xlink:label='loc_EmployeeBenefitPlanForm5500CaptionNetGainLossOnSale' xlink:type='locator' />
    <link:loc xlink:href='./us-gaap-ebp-2024.xsd#us-gaap-ebp_EmployeeBenefitPlanForm5500CaptionUnrealizedAppreciationDepreciation' xlink:label='loc_EmployeeBenefitPlanForm5500CaptionUnrealizedAppreciationDepreciation' xlink:type='locator' />
    <link:loc xlink:href='./us-gaap-ebp-2024.xsd#us-gaap-ebp_EmployeeBenefitPlanForm5500CaptionNetIncomeLoss' xlink:label='loc_EmployeeBenefitPlanForm5500CaptionNetIncomeLoss' xlink:type='locator' />
    <link:loc xlink:href='./us-gaap-ebp-2024.xsd#us-gaap-ebp_EmployeeBenefitPlanInvestmentLevel3ReconciliationIncreaseDecreaseForRealizedGainLoss' xlink:label='loc_EmployeeBenefitPlanInvestmentLevel3ReconciliationIncreaseDecreaseForRealizedGainLoss' xlink:type='locator' />
    <link:loc xlink:href='./us-gaap-ebp-2024.xsd#us-gaap-ebp_EmployeeBenefitPlanInvestmentAccumulatedGainLoss' xlink:label='loc_EmployeeBenefitPlanInvestmentAccumulatedGainLoss' xlink:type='locator' />
	<link:loc xlink:href='https://xbrl.sec.gov/dei/2024/dei-2024.xsd#dei_LegalEntityAxis' xlink:label='loc_LegalEntityAxis' xlink:type='locator' />
	<link:loc xlink:href='https://xbrl.sec.gov/dei/2024/dei-2024.xsd#dei_EntityDomain' xlink:label='loc_EntityDomain' xlink:type='locator' />
    <link:reference xlink:label='ref_1' xlink:role='http://fasb.org/us-gaap/role/tin/usage' xlink:type='resource'>
      <tin-part:Note>Element is modeled from perspective of statement of net asset available for benefit.</tin-part:Note>
    </link:reference>
    <link:reference xlink:label='ref_2' xlink:role='http://fasb.org/us-gaap/role/tin/value' xlink:type='resource'>
      <tin-part:Positive_XBRL_Value>Transfer to</tin-part:Positive_XBRL_Value>
      <tin-part:Negative_XBRL_Value>Transfer from</tin-part:Negative_XBRL_Value>
    </link:reference>
    <link:reference xlink:label='ref_3' xlink:role='http://fasb.org/us-gaap/role/tin/usage' xlink:type='resource'>
      <tin-part:Note>Element is intended to be used for any employee stock purchase, savings, or similar plan reporting plan equity.</tin-part:Note>
    </link:reference>
    <link:reference xlink:label='ref_4' xlink:role='http://fasb.org/us-gaap/role/tin/value' xlink:type='resource'>
      <tin-part:Positive_XBRL_Value>Excess of</tin-part:Positive_XBRL_Value>
      <tin-part:Negative_XBRL_Value>Less than</tin-part:Negative_XBRL_Value>
    </link:reference>
    <link:reference xlink:label='ref_5' xlink:role='http://fasb.org/us-gaap/role/tin/resource' xlink:type='resource'>
      <tin-part:Source>Taxonomy Implementation Guide</tin-part:Source>
      <tin-part:SourceName>Extensible Enumerations: A Guide for Preparers</tin-part:SourceName>
      <tin-part:URI>https://www.fasb.org/extensibleenumerations</tin-part:URI>
    </link:reference>
    <link:reference xlink:label='ref_6' xlink:role='http://fasb.org/us-gaap/role/tin/value' xlink:type='resource'>
      <tin-part:Note>Value reported using this element must be element available in taxonomies used in filing, including extension taxonomy. Example of how pattern for reported value would appear, but may not necessarily be reported for this element, is: "http://fasb.org/us-gaap/2024#Assets". There is no limit to number of values that could be reported. Additional values are required to be space-separated and alphabetically ordered.</tin-part:Note>
    </link:reference>
    <link:reference xlink:label='ref_7' xlink:role='http://fasb.org/us-gaap/role/tin/value' xlink:type='resource'>
      <tin-part:Positive_XBRL_Value>Increase</tin-part:Positive_XBRL_Value>
      <tin-part:Negative_XBRL_Value>Decrease</tin-part:Negative_XBRL_Value>
    </link:reference>
    <link:reference xlink:label='ref_8' xlink:role='http://fasb.org/us-gaap/role/tin/value' xlink:type='resource'>
      <tin-part:Positive_XBRL_Value>Accumulated Gain</tin-part:Positive_XBRL_Value>
      <tin-part:Negative_XBRL_Value>Accumulated Loss</tin-part:Negative_XBRL_Value>
    </link:reference>
	<link:reference xlink:label='ref_9' xlink:role='http://fasb.org/us-gaap/role/tin/usage' xlink:type='resource'>
      <tin-part:Note>Element is intended to be used on every XBRL fact tagged when employer has multiple Employee Benefit Plan filings in same plan year.</tin-part:Note>
    </link:reference>
	<link:reference xlink:label='ref_10' xlink:role='http://fasb.org/us-gaap/role/tin/usage' xlink:type='resource'>
      <tin-part:Note>Plan-specific member within domain identified in tin-part:AlternateElement is intended to be in following format, [EBP] Employer Identification Number [0-9]{2}-[0-9]{7} Plan Number [0-9]{3} (for example, EBP 12-3456789 001 [Member]) [Guidance]</tin-part:Note>
	  <tin-part:AlternateElement>EntityDomain</tin-part:AlternateElement>
    </link:reference>
    <link:referenceArc order='1.0' xlink:arcrole='http://www.xbrl.org/2003/arcrole/concept-reference' xlink:from='loc_EmployeeBenefitPlanChangeInNetAssetAvailableForBenefitDecrease' xlink:to='ref_1' xlink:type='arc' />
    <link:referenceArc order='1.0' xlink:arcrole='http://www.xbrl.org/2003/arcrole/concept-reference' xlink:from='loc_EmployeeBenefitPlanChangeInNetAssetAvailableForBenefitDecreaseForAdministrativeExpense' xlink:to='ref_1' xlink:type='arc' />
    <link:referenceArc order='1.0' xlink:arcrole='http://www.xbrl.org/2003/arcrole/concept-reference' xlink:from='loc_EmployeeBenefitPlanChangeInNetAssetAvailableForBenefitDecreaseForAllocatedSharesForEsop' xlink:to='ref_1' xlink:type='arc' />
    <link:referenceArc order='1.0' xlink:arcrole='http://www.xbrl.org/2003/arcrole/concept-reference' xlink:from='loc_EmployeeBenefitPlanChangeInNetAssetAvailableForBenefitDecreaseForInterestExpenseOnDebt' xlink:to='ref_1' xlink:type='arc' />
    <link:referenceArc order='1.0' xlink:arcrole='http://www.xbrl.org/2003/arcrole/concept-reference' xlink:from='loc_EmployeeBenefitPlanChangeInNetAssetAvailableForBenefitDecreaseForInvestmentExpense' xlink:to='ref_1' xlink:type='arc' />
    <link:referenceArc order='1.0' xlink:arcrole='http://www.xbrl.org/2003/arcrole/concept-reference' xlink:from='loc_EmployeeBenefitPlanChangeInNetAssetAvailableForBenefitDecreaseForManagementFeeExpense' xlink:to='ref_1' xlink:type='arc' />
    <link:referenceArc order='1.0' xlink:arcrole='http://www.xbrl.org/2003/arcrole/concept-reference' xlink:from='loc_EmployeeBenefitPlanChangeInNetAssetAvailableForBenefitDecreaseForPaymentForInsuranceContractExcludedFromPlanAsset' xlink:to='ref_1' xlink:type='arc' />
    <link:referenceArc order='1.0' xlink:arcrole='http://www.xbrl.org/2003/arcrole/concept-reference' xlink:from='loc_EmployeeBenefitPlanChangeInNetAssetAvailableForBenefitDecreaseForPaymentToParticipant' xlink:to='ref_1' xlink:type='arc' />
    <link:referenceArc order='1.0' xlink:arcrole='http://www.xbrl.org/2003/arcrole/concept-reference' xlink:from='loc_EmployeeBenefitPlanChangeInNetAssetAvailableForBenefitIncrease' xlink:to='ref_1' xlink:type='arc' />
    <link:referenceArc order='1.0' xlink:arcrole='http://www.xbrl.org/2003/arcrole/concept-reference' xlink:from='loc_EmployeeBenefitPlanChangeInNetAssetAvailableForBenefitIncreaseDecrease' xlink:to='ref_1' xlink:type='arc' />
    <link:referenceArc order='1.0' xlink:arcrole='http://www.xbrl.org/2003/arcrole/concept-reference' xlink:from='loc_EmployeeBenefitPlanChangeInNetAssetAvailableForBenefitIncreaseDecrease' xlink:to='ref_7' xlink:type='arc' />
    <link:referenceArc order='1.0' xlink:arcrole='http://www.xbrl.org/2003/arcrole/concept-reference' xlink:from='loc_EmployeeBenefitPlanChangeInNetAssetAvailableForBenefitIncreaseDecreaseForChangeInPlanInterestInMasterTrust' xlink:to='ref_1' xlink:type='arc' />
    <link:referenceArc order='1.0' xlink:arcrole='http://www.xbrl.org/2003/arcrole/concept-reference' xlink:from='loc_EmployeeBenefitPlanChangeInNetAssetAvailableForBenefitIncreaseDecreaseForChangeInPlanInterestInMasterTrust' xlink:to='ref_7' xlink:type='arc' />
    <link:referenceArc order='1.0' xlink:arcrole='http://www.xbrl.org/2003/arcrole/concept-reference' xlink:from='loc_EmployeeBenefitPlanChangeInNetAssetAvailableForBenefitIncreaseDecreaseForGainLossOnInvestment' xlink:to='ref_1' xlink:type='arc' />
    <link:referenceArc order='1.0' xlink:arcrole='http://www.xbrl.org/2003/arcrole/concept-reference' xlink:from='loc_EmployeeBenefitPlanChangeInNetAssetAvailableForBenefitIncreaseDecreaseForGainLossOnInvestment' xlink:to='ref_7' xlink:type='arc' />
    <link:referenceArc order='1.0' xlink:arcrole='http://www.xbrl.org/2003/arcrole/concept-reference' xlink:from='loc_EmployeeBenefitPlanChangeInNetAssetAvailableForBenefitIncreaseDecreaseForIncomeLossOnInvestment' xlink:to='ref_1' xlink:type='arc' />
    <link:referenceArc order='1.0' xlink:arcrole='http://www.xbrl.org/2003/arcrole/concept-reference' xlink:from='loc_EmployeeBenefitPlanChangeInNetAssetAvailableForBenefitIncreaseDecreaseForIncomeLossOnInvestment' xlink:to='ref_7' xlink:type='arc' />
    <link:referenceArc order='1.0' xlink:arcrole='http://www.xbrl.org/2003/arcrole/concept-reference' xlink:from='loc_EmployeeBenefitPlanChangeInNetAssetAvailableForBenefitIncreaseDecreaseForInvestmentIncomeLossAfterInvestmentExpense' xlink:to='ref_1' xlink:type='arc' />
    <link:referenceArc order='1.0' xlink:arcrole='http://www.xbrl.org/2003/arcrole/concept-reference' xlink:from='loc_EmployeeBenefitPlanChangeInNetAssetAvailableForBenefitIncreaseDecreaseForInvestmentIncomeLossAfterInvestmentExpense' xlink:to='ref_7' xlink:type='arc' />
    <link:referenceArc order='1.0' xlink:arcrole='http://www.xbrl.org/2003/arcrole/concept-reference' xlink:from='loc_EmployeeBenefitPlanChangeInNetAssetAvailableForBenefitIncreaseDecreaseForInvestmentIncomeLossBeforeInvestmentExpense' xlink:to='ref_1' xlink:type='arc' />
    <link:referenceArc order='1.0' xlink:arcrole='http://www.xbrl.org/2003/arcrole/concept-reference' xlink:from='loc_EmployeeBenefitPlanChangeInNetAssetAvailableForBenefitIncreaseDecreaseForInvestmentIncomeLossBeforeInvestmentExpense' xlink:to='ref_7' xlink:type='arc' />
    <link:referenceArc order='1.0' xlink:arcrole='http://www.xbrl.org/2003/arcrole/concept-reference' xlink:from='loc_EmployeeBenefitPlanChangeInNetAssetAvailableForBenefitIncreaseDecreaseForOtherIncomeLossOnInvestment' xlink:to='ref_1' xlink:type='arc' />
    <link:referenceArc order='1.0' xlink:arcrole='http://www.xbrl.org/2003/arcrole/concept-reference' xlink:from='loc_EmployeeBenefitPlanChangeInNetAssetAvailableForBenefitIncreaseDecreaseForOtherIncomeLossOnInvestment' xlink:to='ref_7' xlink:type='arc' />
    <link:referenceArc order='1.0' xlink:arcrole='http://www.xbrl.org/2003/arcrole/concept-reference' xlink:from='loc_EmployeeBenefitPlanChangeInNetAssetAvailableForBenefitIncreaseDecreaseForPlanAmendment' xlink:to='ref_1' xlink:type='arc' />
    <link:referenceArc order='1.0' xlink:arcrole='http://www.xbrl.org/2003/arcrole/concept-reference' xlink:from='loc_EmployeeBenefitPlanChangeInNetAssetAvailableForBenefitIncreaseDecreaseForPlanAmendment' xlink:to='ref_7' xlink:type='arc' />
    <link:referenceArc order='1.0' xlink:arcrole='http://www.xbrl.org/2003/arcrole/concept-reference' xlink:from='loc_EmployeeBenefitPlanChangeInNetAssetAvailableForBenefitIncreaseDecreaseForRealizedGainLossOnInvestment' xlink:to='ref_1' xlink:type='arc' />
    <link:referenceArc order='1.0' xlink:arcrole='http://www.xbrl.org/2003/arcrole/concept-reference' xlink:from='loc_EmployeeBenefitPlanChangeInNetAssetAvailableForBenefitIncreaseDecreaseForRealizedGainLossOnInvestment' xlink:to='ref_7' xlink:type='arc' />
    <link:referenceArc order='1.0' xlink:arcrole='http://www.xbrl.org/2003/arcrole/concept-reference' xlink:from='loc_EmployeeBenefitPlanChangeInNetAssetAvailableForBenefitIncreaseDecreaseForUnrealizedGainLossOnInvestment' xlink:to='ref_1' xlink:type='arc' />
    <link:referenceArc order='1.0' xlink:arcrole='http://www.xbrl.org/2003/arcrole/concept-reference' xlink:from='loc_EmployeeBenefitPlanChangeInNetAssetAvailableForBenefitIncreaseDecreaseForUnrealizedGainLossOnInvestment' xlink:to='ref_7' xlink:type='arc' />
    <link:referenceArc order='1.0' xlink:arcrole='http://www.xbrl.org/2003/arcrole/concept-reference' xlink:from='loc_EmployeeBenefitPlanChangeInNetAssetAvailableForBenefitIncreaseForAllocatedSharesForEsop' xlink:to='ref_1' xlink:type='arc' />
    <link:referenceArc order='1.0' xlink:arcrole='http://www.xbrl.org/2003/arcrole/concept-reference' xlink:from='loc_EmployeeBenefitPlanChangeInNetAssetAvailableForBenefitIncreaseForContribution' xlink:to='ref_1' xlink:type='arc' />
    <link:referenceArc order='1.0' xlink:arcrole='http://www.xbrl.org/2003/arcrole/concept-reference' xlink:from='loc_EmployeeBenefitPlanChangeInNetAssetAvailableForBenefitIncreaseForDividendIncomeOnInvestment' xlink:to='ref_1' xlink:type='arc' />
    <link:referenceArc order='1.0' xlink:arcrole='http://www.xbrl.org/2003/arcrole/concept-reference' xlink:from='loc_EmployeeBenefitPlanChangeInNetAssetAvailableForBenefitIncreaseForEmployerContribution' xlink:to='ref_1' xlink:type='arc' />
    <link:referenceArc order='1.0' xlink:arcrole='http://www.xbrl.org/2003/arcrole/concept-reference' xlink:from='loc_EmployeeBenefitPlanChangeInNetAssetAvailableForBenefitIncreaseForEmployerContributionCash' xlink:to='ref_1' xlink:type='arc' />
    <link:referenceArc order='1.0' xlink:arcrole='http://www.xbrl.org/2003/arcrole/concept-reference' xlink:from='loc_EmployeeBenefitPlanChangeInNetAssetAvailableForBenefitIncreaseForEmployerContributionNoncash' xlink:to='ref_1' xlink:type='arc' />
    <link:referenceArc order='1.0' xlink:arcrole='http://www.xbrl.org/2003/arcrole/concept-reference' xlink:from='loc_EmployeeBenefitPlanChangeInNetAssetAvailableForBenefitIncreaseForInterestAndDividendIncomeOnInvestment' xlink:to='ref_1' xlink:type='arc' />
    <link:referenceArc order='1.0' xlink:arcrole='http://www.xbrl.org/2003/arcrole/concept-reference' xlink:from='loc_EmployeeBenefitPlanChangeInNetAssetAvailableForBenefitIncreaseForInterestIncomeOnInvestment' xlink:to='ref_1' xlink:type='arc' />
    <link:referenceArc order='1.0' xlink:arcrole='http://www.xbrl.org/2003/arcrole/concept-reference' xlink:from='loc_EmployeeBenefitPlanChangeInNetAssetAvailableForBenefitIncreaseForInterestIncomeOnNoteReceivableFromParticipant' xlink:to='ref_1' xlink:type='arc' />
    <link:referenceArc order='1.0' xlink:arcrole='http://www.xbrl.org/2003/arcrole/concept-reference' xlink:from='loc_EmployeeBenefitPlanChangeInNetAssetAvailableForBenefitIncreaseForParticipantContribution' xlink:to='ref_1' xlink:type='arc' />
    <link:referenceArc order='1.0' xlink:arcrole='http://www.xbrl.org/2003/arcrole/concept-reference' xlink:from='loc_EmployeeBenefitPlanChangeInNetAssetAvailableForBenefitIncreaseForParticipantContributionExcludingRollover' xlink:to='ref_1' xlink:type='arc' />
    <link:referenceArc order='1.0' xlink:arcrole='http://www.xbrl.org/2003/arcrole/concept-reference' xlink:from='loc_EmployeeBenefitPlanChangeInNetAssetAvailableForBenefitIncreaseForParticipantContributionRollover' xlink:to='ref_1' xlink:type='arc' />
    <link:referenceArc order='1.0' xlink:arcrole='http://www.xbrl.org/2003/arcrole/concept-reference' xlink:from='loc_EmployeeBenefitPlanChangeInNetAssetAvailableForBenefitTransferToFromExternalPlan' xlink:to='ref_1' xlink:type='arc' />
    <link:referenceArc order='1.0' xlink:arcrole='http://www.xbrl.org/2003/arcrole/concept-reference' xlink:from='loc_EmployeeBenefitPlanChangeInNetAssetAvailableForBenefitTransferToFromExternalPlan' xlink:to='ref_2' xlink:type='arc' />
    <link:referenceArc order='1.0' xlink:arcrole='http://www.xbrl.org/2003/arcrole/concept-reference' xlink:from='loc_EmployeeBenefitPlanChangeInNetAssetAvailableForBenefitTransferToFromFundWithinEsop' xlink:to='ref_1' xlink:type='arc' />
    <link:referenceArc order='1.0' xlink:arcrole='http://www.xbrl.org/2003/arcrole/concept-reference' xlink:from='loc_EmployeeBenefitPlanChangeInNetAssetAvailableForBenefitTransferToFromFundWithinEsop' xlink:to='ref_2' xlink:type='arc' />
    <link:referenceArc order='1.0' xlink:arcrole='http://www.xbrl.org/2003/arcrole/concept-reference' xlink:from='loc_EmployeeBenefitPlanReconciliationToForm5500ChangeInNetAssetAvailableForBenefitDecreaseForDeemedDistributionCurrentPeriod' xlink:to='ref_1' xlink:type='arc' />
    <link:referenceArc order='1.0' xlink:arcrole='http://www.xbrl.org/2003/arcrole/concept-reference' xlink:from='loc_EmployeeBenefitPlanReconciliationToForm5500ChangeInNetAssetAvailableForBenefitIncreaseDecreaseForContractValueToCurrentValue' xlink:to='ref_1' xlink:type='arc' />
    <link:referenceArc order='1.0' xlink:arcrole='http://www.xbrl.org/2003/arcrole/concept-reference' xlink:from='loc_EmployeeBenefitPlanReconciliationToForm5500ChangeInNetAssetAvailableForBenefitIncreaseDecreaseForContractValueToCurrentValue' xlink:to='ref_7' xlink:type='arc' />
    <link:referenceArc order='1.0' xlink:arcrole='http://www.xbrl.org/2003/arcrole/concept-reference' xlink:from='loc_EmployeeBenefitPlanReconciliationToForm5500ChangeInNetAssetAvailableForBenefitIncreaseDecreaseForDeemedDistribution' xlink:to='ref_1' xlink:type='arc' />
    <link:referenceArc order='1.0' xlink:arcrole='http://www.xbrl.org/2003/arcrole/concept-reference' xlink:from='loc_EmployeeBenefitPlanReconciliationToForm5500ChangeInNetAssetAvailableForBenefitIncreaseDecreaseForDeemedDistribution' xlink:to='ref_7' xlink:type='arc' />
    <link:referenceArc order='1.0' xlink:arcrole='http://www.xbrl.org/2003/arcrole/concept-reference' xlink:from='loc_EmployeeBenefitPlanReconciliationToForm5500ChangeInNetAssetAvailableForBenefitIncreaseForDeemedDistributionPriorPeriod' xlink:to='ref_1' xlink:type='arc' />
    <link:referenceArc order='1.0' xlink:arcrole='http://www.xbrl.org/2003/arcrole/concept-reference' xlink:from='loc_EmployeeBenefitPlanReportableTransactionChangeInNetAssetAvailableForBenefitDecreaseForExpenseIncurred' xlink:to='ref_1' xlink:type='arc' />
    <link:referenceArc order='1.0' xlink:arcrole='http://www.xbrl.org/2003/arcrole/concept-reference' xlink:from='loc_EmployeeBenefitPlanForm5500CaptionTransferToFromPlan' xlink:to='ref_2' xlink:type='arc' />
    <link:referenceArc order='1.0' xlink:arcrole='http://www.xbrl.org/2003/arcrole/concept-reference' xlink:from='loc_EmployeeBenefitPlanNetAssetAvailableForBenefit' xlink:to='ref_3' xlink:type='arc' />
    <link:referenceArc order='1.0' xlink:arcrole='http://www.xbrl.org/2003/arcrole/concept-reference' xlink:from='loc_EmployeeBenefitPlanReconciliationToForm5500NetAssetAvailableForBenefitContractValueToCurrentValueAdjustment' xlink:to='ref_4' xlink:type='arc' />
    <link:referenceArc order='1.0' xlink:arcrole='http://www.xbrl.org/2003/arcrole/concept-reference' xlink:from='loc_EmployeeBenefitPlanAssetHeldForInvestmentInvestmentExcludingPlanInterestInMasterTrustParticipationStatusExtensibleEnumeration' xlink:to='ref_5' xlink:type='arc' />
    <link:referenceArc order='1.0' xlink:arcrole='http://www.xbrl.org/2003/arcrole/concept-reference' xlink:from='loc_EmployeeBenefitPlanAssetHeldForInvestmentInvestmentExcludingPlanInterestInMasterTrustParticipationStatusExtensibleEnumeration' xlink:to='ref_6' xlink:type='arc' />
    <link:referenceArc order='1.0' xlink:arcrole='http://www.xbrl.org/2003/arcrole/concept-reference' xlink:from='loc_EmployeeBenefitPlanAssetHeldForInvestmentPlanInterestInMasterTrustAllocationStatusExtensibleEnumeration' xlink:to='ref_5' xlink:type='arc' />
    <link:referenceArc order='1.0' xlink:arcrole='http://www.xbrl.org/2003/arcrole/concept-reference' xlink:from='loc_EmployeeBenefitPlanAssetHeldForInvestmentPlanInterestInMasterTrustAllocationStatusExtensibleEnumeration' xlink:to='ref_6' xlink:type='arc' />
    <link:referenceArc order='1.0' xlink:arcrole='http://www.xbrl.org/2003/arcrole/concept-reference' xlink:from='loc_EmployeeBenefitPlanAssetHeldForInvestmentPlanInterestInMasterTrustParticipationStatusExtensibleEnumeration' xlink:to='ref_5' xlink:type='arc' />
    <link:referenceArc order='1.0' xlink:arcrole='http://www.xbrl.org/2003/arcrole/concept-reference' xlink:from='loc_EmployeeBenefitPlanAssetHeldForInvestmentPlanInterestInMasterTrustParticipationStatusExtensibleEnumeration' xlink:to='ref_6' xlink:type='arc' />
    <link:referenceArc order='1.0' xlink:arcrole='http://www.xbrl.org/2003/arcrole/concept-reference' xlink:from='loc_EmployeeBenefitPlanPartyInInterestRelationshipToPlanExtensibleEnumeration' xlink:to='ref_5' xlink:type='arc' />
    <link:referenceArc order='1.0' xlink:arcrole='http://www.xbrl.org/2003/arcrole/concept-reference' xlink:from='loc_EmployeeBenefitPlanPartyInInterestRelationshipToPlanExtensibleEnumeration' xlink:to='ref_6' xlink:type='arc' />
    <link:referenceArc order='1.0' xlink:arcrole='http://www.xbrl.org/2003/arcrole/concept-reference' xlink:from='loc_EmployeeBenefitPlanInvestmentIssuerNameExtensibleEnumeration' xlink:to='ref_5' xlink:type='arc' />
    <link:referenceArc order='1.0' xlink:arcrole='http://www.xbrl.org/2003/arcrole/concept-reference' xlink:from='loc_EmployeeBenefitPlanInvestmentIssuerNameExtensibleEnumeration' xlink:to='ref_6' xlink:type='arc' />
    <link:referenceArc order='1.0' xlink:arcrole='http://www.xbrl.org/2003/arcrole/concept-reference' xlink:from='loc_EmployeeBenefitPlanInvestmentTypeExtensibleEnumeration' xlink:to='ref_5' xlink:type='arc' />
    <link:referenceArc order='1.0' xlink:arcrole='http://www.xbrl.org/2003/arcrole/concept-reference' xlink:from='loc_EmployeeBenefitPlanInvestmentTypeExtensibleEnumeration' xlink:to='ref_6' xlink:type='arc' />
    <link:referenceArc order='1.0' xlink:arcrole='http://www.xbrl.org/2003/arcrole/concept-reference' xlink:from='loc_EmployeeBenefitPlanTaxQualificationStatusExtensibleEnumeration' xlink:to='ref_5' xlink:type='arc' />
    <link:referenceArc order='1.0' xlink:arcrole='http://www.xbrl.org/2003/arcrole/concept-reference' xlink:from='loc_EmployeeBenefitPlanTaxQualificationStatusExtensibleEnumeration' xlink:to='ref_6' xlink:type='arc' />
    <link:referenceArc order='1.0' xlink:arcrole='http://www.xbrl.org/2003/arcrole/concept-reference' xlink:from='loc_EmployeeBenefitPlanInvestmentSoldCostBasisExtensibleEnumeration' xlink:to='ref_5' xlink:type='arc' />
    <link:referenceArc order='1.0' xlink:arcrole='http://www.xbrl.org/2003/arcrole/concept-reference' xlink:from='loc_EmployeeBenefitPlanInvestmentSoldCostBasisExtensibleEnumeration' xlink:to='ref_6' xlink:type='arc' />
    <link:referenceArc order='1.0' xlink:arcrole='http://www.xbrl.org/2003/arcrole/concept-reference' xlink:from='loc_EmployeeBenefitPlanInvestmentMeasurementInputExtensibleEnumeration' xlink:to='ref_5' xlink:type='arc' />
    <link:referenceArc order='1.0' xlink:arcrole='http://www.xbrl.org/2003/arcrole/concept-reference' xlink:from='loc_EmployeeBenefitPlanInvestmentMeasurementInputExtensibleEnumeration' xlink:to='ref_6' xlink:type='arc' />
    <link:referenceArc order='1.0' xlink:arcrole='http://www.xbrl.org/2003/arcrole/concept-reference' xlink:from='loc_EmployeeBenefitPlanInvestmentValuationTechniqueExtensibleEnumeration' xlink:to='ref_5' xlink:type='arc' />
    <link:referenceArc order='1.0' xlink:arcrole='http://www.xbrl.org/2003/arcrole/concept-reference' xlink:from='loc_EmployeeBenefitPlanInvestmentValuationTechniqueExtensibleEnumeration' xlink:to='ref_6' xlink:type='arc' />
    <link:referenceArc order='1.0' xlink:arcrole='http://www.xbrl.org/2003/arcrole/concept-reference' xlink:from='loc_EmployeeBenefitPlanAssetHeldForInvestmentInvestmentExcludingPlanInterestInMasterTrustAllocationStatusExtensibleEnumeration' xlink:to='ref_5' xlink:type='arc' />
    <link:referenceArc order='1.0' xlink:arcrole='http://www.xbrl.org/2003/arcrole/concept-reference' xlink:from='loc_EmployeeBenefitPlanAssetHeldForInvestmentInvestmentExcludingPlanInterestInMasterTrustAllocationStatusExtensibleEnumeration' xlink:to='ref_6' xlink:type='arc' />
    <link:referenceArc order='1.0' xlink:arcrole='http://www.xbrl.org/2003/arcrole/concept-reference' xlink:from='loc_EmployeeBenefitPlanInvestmentLevel3ReconciliationPeriodIncreaseDecrease' xlink:to='ref_7' xlink:type='arc' />
    <link:referenceArc order='1.0' xlink:arcrole='http://www.xbrl.org/2003/arcrole/concept-reference' xlink:from='loc_EmployeeBenefitPlanInvestmentLevel3ReconciliationIncreaseDecreaseForUnrealizedGainLoss' xlink:to='ref_7' xlink:type='arc' />
    <link:referenceArc order='1.0' xlink:arcrole='http://www.xbrl.org/2003/arcrole/concept-reference' xlink:from='loc_EmployeeBenefitPlanForm5500CaptionOtherIncome' xlink:to='ref_7' xlink:type='arc' />
    <link:referenceArc order='1.0' xlink:arcrole='http://www.xbrl.org/2003/arcrole/concept-reference' xlink:from='loc_EmployeeBenefitPlanReconciliationToForm5500PaymentToParticipantIncreaseDecreaseForDeemedDistribution' xlink:to='ref_7' xlink:type='arc' />
    <link:referenceArc order='1.0' xlink:arcrole='http://www.xbrl.org/2003/arcrole/concept-reference' xlink:from='loc_EmployeeBenefitPlanForm5500CaptionNetGainLossOnSale' xlink:to='ref_7' xlink:type='arc' />
    <link:referenceArc order='1.0' xlink:arcrole='http://www.xbrl.org/2003/arcrole/concept-reference' xlink:from='loc_EmployeeBenefitPlanForm5500CaptionUnrealizedAppreciationDepreciation' xlink:to='ref_7' xlink:type='arc' />
    <link:referenceArc order='1.0' xlink:arcrole='http://www.xbrl.org/2003/arcrole/concept-reference' xlink:from='loc_EmployeeBenefitPlanForm5500CaptionNetIncomeLoss' xlink:to='ref_7' xlink:type='arc' />
    <link:referenceArc order='1.0' xlink:arcrole='http://www.xbrl.org/2003/arcrole/concept-reference' xlink:from='loc_EmployeeBenefitPlanInvestmentLevel3ReconciliationIncreaseDecreaseForRealizedGainLoss' xlink:to='ref_7' xlink:type='arc' />
    <link:referenceArc order='1.0' xlink:arcrole='http://www.xbrl.org/2003/arcrole/concept-reference' xlink:from='loc_EmployeeBenefitPlanInvestmentAccumulatedGainLoss' xlink:to='ref_8' xlink:type='arc' />
	<link:referenceArc order='1.0' xlink:arcrole='http://www.xbrl.org/2003/arcrole/concept-reference' xlink:from='loc_LegalEntityAxis' xlink:to='ref_9' xlink:type='arc' />
	<link:referenceArc order='1.0' xlink:arcrole='http://www.xbrl.org/2003/arcrole/concept-reference' xlink:from='loc_EntityDomain' xlink:to='ref_10' xlink:type='arc' />
  </link:referenceLink>
</link:linkbase>