<?xml version='1.0' encoding='UTF-8'?>

<!--
(c) 2010-2024 Financial Accounting Foundation; (c) 2007-2010 XBRL US, Inc.  All Rights Reserved.
Notice: Authorized Uses are Set Forth at https://xbrl.fasb.org/terms/TaxonomiesTermsConditions.html
  -->
<link:linkbase xmlns:link='http://www.xbrl.org/2003/linkbase' xmlns:xbrldt='http://xbrl.org/2005/xbrldt' xmlns:xlink='http://www.w3.org/1999/xlink' xmlns:xsi='http://www.w3.org/2001/XMLSchema-instance' xsi:schemaLocation='http://www.xbrl.org/2003/linkbase http://www.xbrl.org/2003/xbrl-linkbase-2003-12-31.xsd'>
  <link:roleRef roleURI='http://fasb.org/us-gaap/role/disclosure/EBPFullyBenefitResponsiveInvestmentEmployeeBenefitPlanFullyBenefitResponsiveInvestmentContractTable' xlink:href='../../elts/us-roles-2024.xsd#EBPFullyBenefitResponsiveInvestmentEmployeeBenefitPlanFullyBenefitResponsiveInvestmentContractTable' xlink:type='simple' />
  <link:arcroleRef arcroleURI='http://xbrl.org/int/dim/arcrole/all' xlink:href='http://www.xbrl.org/2005/xbrldt-2005.xsd#all' xlink:type='simple' />
  <link:arcroleRef arcroleURI='http://xbrl.org/int/dim/arcrole/hypercube-dimension' xlink:href='http://www.xbrl.org/2005/xbrldt-2005.xsd#hypercube-dimension' xlink:type='simple' />
  <link:arcroleRef arcroleURI='http://xbrl.org/int/dim/arcrole/dimension-domain' xlink:href='http://www.xbrl.org/2005/xbrldt-2005.xsd#dimension-domain' xlink:type='simple' />
  <link:arcroleRef arcroleURI='http://xbrl.org/int/dim/arcrole/dimension-default' xlink:href='http://www.xbrl.org/2005/xbrldt-2005.xsd#dimension-default' xlink:type='simple' />
  <link:arcroleRef arcroleURI='http://xbrl.org/int/dim/arcrole/domain-member' xlink:href='http://www.xbrl.org/2005/xbrldt-2005.xsd#domain-member' xlink:type='simple' />
  <link:definitionLink xlink:role='http://fasb.org/us-gaap/role/disclosure/EBPFullyBenefitResponsiveInvestmentEmployeeBenefitPlanFullyBenefitResponsiveInvestmentContractTable' xlink:type='extended'>
    <link:loc xlink:href='../elts/us-gaap-ebp-2024.xsd#us-gaap-ebp_EmployeeBenefitPlanFullyBenefitResponsiveInvestmentContractTable' xlink:label='loc_EmployeeBenefitPlanFullyBenefitResponsiveInvestmentContractTable' xlink:type='locator' />
    <link:loc xlink:href='../elts/us-gaap-ebp-2024.xsd#us-gaap-ebp_EmployeeBenefitPlanFullyBenefitResponsiveInvestmentContractLineItems' xlink:label='loc_EmployeeBenefitPlanFullyBenefitResponsiveInvestmentContractLineItems' xlink:type='locator' />
    <link:definitionArc order='1.0' xbrldt:closed='true' xbrldt:contextElement='segment' xlink:arcrole='http://xbrl.org/int/dim/arcrole/all' xlink:from='loc_EmployeeBenefitPlanFullyBenefitResponsiveInvestmentContractLineItems' xlink:to='loc_EmployeeBenefitPlanFullyBenefitResponsiveInvestmentContractTable' xlink:type='arc' />
  </link:definitionLink>
  <link:definitionLink xlink:role='http://fasb.org/us-gaap/role/disclosure/EBPFullyBenefitResponsiveInvestmentEmployeeBenefitPlanFullyBenefitResponsiveInvestmentContractTable' xlink:type='extended'>
    <link:loc xlink:href='../elts/us-gaap-ebp-2024.xsd#us-gaap-ebp_EmployeeBenefitPlanFullyBenefitResponsiveInvestmentContractTable' xlink:label='loc_EmployeeBenefitPlanFullyBenefitResponsiveInvestmentContractTable' xlink:type='locator' />
    <link:loc xlink:href='https://xbrl.sec.gov/dei/2024/dei-2024.xsd#dei_LegalEntityAxis' xlink:label='loc_LegalEntityAxis' xlink:type='locator' />
    <link:loc xlink:href='../../elts/us-gaap-2024.xsd#us-gaap_InvestmentTypeAxis' xlink:label='loc_InvestmentTypeAxis' xlink:type='locator' />
    <link:loc xlink:href='../elts/us-gaap-ebp-2024.xsd#us-gaap-ebp_EmployeeBenefitPlanAllocationStatusAxis' xlink:label='loc_EmployeeBenefitPlanAllocationStatusAxis' xlink:type='locator' />
    <link:loc xlink:href='../elts/us-gaap-ebp-2024.xsd#us-gaap-ebp_EmployeeBenefitPlanParticipantDirectedStatusAxis' xlink:label='loc_EmployeeBenefitPlanParticipantDirectedStatusAxis' xlink:type='locator' />
    <link:definitionArc order='1.0' xlink:arcrole='http://xbrl.org/int/dim/arcrole/hypercube-dimension' xlink:from='loc_EmployeeBenefitPlanFullyBenefitResponsiveInvestmentContractTable' xlink:to='loc_LegalEntityAxis' xlink:type='arc' />
    <link:definitionArc order='2.0' xlink:arcrole='http://xbrl.org/int/dim/arcrole/hypercube-dimension' xlink:from='loc_EmployeeBenefitPlanFullyBenefitResponsiveInvestmentContractTable' xlink:to='loc_InvestmentTypeAxis' xlink:type='arc' />
    <link:definitionArc order='3.0' xlink:arcrole='http://xbrl.org/int/dim/arcrole/hypercube-dimension' xlink:from='loc_EmployeeBenefitPlanFullyBenefitResponsiveInvestmentContractTable' xlink:to='loc_EmployeeBenefitPlanAllocationStatusAxis' xlink:type='arc' />
    <link:definitionArc order='4.0' xlink:arcrole='http://xbrl.org/int/dim/arcrole/hypercube-dimension' xlink:from='loc_EmployeeBenefitPlanFullyBenefitResponsiveInvestmentContractTable' xlink:to='loc_EmployeeBenefitPlanParticipantDirectedStatusAxis' xlink:type='arc' />
  </link:definitionLink>
  <link:definitionLink xlink:role='http://fasb.org/us-gaap/role/disclosure/EBPFullyBenefitResponsiveInvestmentEmployeeBenefitPlanFullyBenefitResponsiveInvestmentContractTable' xlink:type='extended'>
    <link:loc xlink:href='https://xbrl.sec.gov/dei/2024/dei-2024.xsd#dei_LegalEntityAxis' xlink:label='loc_LegalEntityAxis' xlink:type='locator' />
    <link:loc xlink:href='https://xbrl.sec.gov/dei/2024/dei-2024.xsd#dei_EntityDomain' xlink:label='loc_EntityDomain' xlink:type='locator' />
    <link:loc xlink:href='../../elts/us-gaap-2024.xsd#us-gaap_InvestmentTypeAxis' xlink:label='loc_InvestmentTypeAxis' xlink:type='locator' />
    <link:loc xlink:href='../../elts/us-gaap-2024.xsd#us-gaap_InvestmentTypeCategorizationMember' xlink:label='loc_InvestmentTypeCategorizationMember' xlink:type='locator' />
    <link:loc xlink:href='../elts/us-gaap-ebp-2024.xsd#us-gaap-ebp_EmployeeBenefitPlanAllocationStatusAxis' xlink:label='loc_EmployeeBenefitPlanAllocationStatusAxis' xlink:type='locator' />
    <link:loc xlink:href='../elts/us-gaap-ebp-2024.xsd#us-gaap-ebp_EmployeeBenefitPlanAllocationStatusDomain' xlink:label='loc_EmployeeBenefitPlanAllocationStatusDomain' xlink:type='locator' />
    <link:loc xlink:href='../elts/us-gaap-ebp-2024.xsd#us-gaap-ebp_EmployeeBenefitPlanParticipantDirectedStatusAxis' xlink:label='loc_EmployeeBenefitPlanParticipantDirectedStatusAxis' xlink:type='locator' />
    <link:loc xlink:href='../elts/us-gaap-ebp-2024.xsd#us-gaap-ebp_EmployeeBenefitPlanParticipantDirectedStatusDomain' xlink:label='loc_EmployeeBenefitPlanParticipantDirectedStatusDomain' xlink:type='locator' />
    <link:definitionArc order='1.0' xlink:arcrole='http://xbrl.org/int/dim/arcrole/dimension-domain' xlink:from='loc_LegalEntityAxis' xlink:to='loc_EntityDomain' xlink:type='arc' />
    <link:definitionArc order='2.0' xlink:arcrole='http://xbrl.org/int/dim/arcrole/dimension-domain' xlink:from='loc_InvestmentTypeAxis' xlink:to='loc_InvestmentTypeCategorizationMember' xlink:type='arc' />
    <link:definitionArc order='3.0' xlink:arcrole='http://xbrl.org/int/dim/arcrole/dimension-domain' xlink:from='loc_EmployeeBenefitPlanAllocationStatusAxis' xlink:to='loc_EmployeeBenefitPlanAllocationStatusDomain' xlink:type='arc' />
    <link:definitionArc order='4.0' xlink:arcrole='http://xbrl.org/int/dim/arcrole/dimension-domain' xlink:from='loc_EmployeeBenefitPlanParticipantDirectedStatusAxis' xlink:to='loc_EmployeeBenefitPlanParticipantDirectedStatusDomain' xlink:type='arc' />
  </link:definitionLink>
  <link:definitionLink xlink:role='http://fasb.org/us-gaap/role/disclosure/EBPFullyBenefitResponsiveInvestmentEmployeeBenefitPlanFullyBenefitResponsiveInvestmentContractTable' xlink:type='extended'>
    <link:loc xlink:href='https://xbrl.sec.gov/dei/2024/dei-2024.xsd#dei_LegalEntityAxis' xlink:label='loc_LegalEntityAxis' xlink:type='locator' />
    <link:loc xlink:href='https://xbrl.sec.gov/dei/2024/dei-2024.xsd#dei_EntityDomain' xlink:label='loc_EntityDomain' xlink:type='locator' />
    <link:loc xlink:href='../../elts/us-gaap-2024.xsd#us-gaap_InvestmentTypeAxis' xlink:label='loc_InvestmentTypeAxis' xlink:type='locator' />
    <link:loc xlink:href='../../elts/us-gaap-2024.xsd#us-gaap_InvestmentTypeCategorizationMember' xlink:label='loc_InvestmentTypeCategorizationMember' xlink:type='locator' />
    <link:loc xlink:href='../elts/us-gaap-ebp-2024.xsd#us-gaap-ebp_EmployeeBenefitPlanAllocationStatusAxis' xlink:label='loc_EmployeeBenefitPlanAllocationStatusAxis' xlink:type='locator' />
    <link:loc xlink:href='../elts/us-gaap-ebp-2024.xsd#us-gaap-ebp_EmployeeBenefitPlanAllocationStatusDomain' xlink:label='loc_EmployeeBenefitPlanAllocationStatusDomain' xlink:type='locator' />
    <link:loc xlink:href='../elts/us-gaap-ebp-2024.xsd#us-gaap-ebp_EmployeeBenefitPlanParticipantDirectedStatusAxis' xlink:label='loc_EmployeeBenefitPlanParticipantDirectedStatusAxis' xlink:type='locator' />
    <link:loc xlink:href='../elts/us-gaap-ebp-2024.xsd#us-gaap-ebp_EmployeeBenefitPlanParticipantDirectedStatusDomain' xlink:label='loc_EmployeeBenefitPlanParticipantDirectedStatusDomain' xlink:type='locator' />
    <link:definitionArc order='1.0' xlink:arcrole='http://xbrl.org/int/dim/arcrole/dimension-default' xlink:from='loc_LegalEntityAxis' xlink:to='loc_EntityDomain' xlink:type='arc' />
    <link:definitionArc order='2.0' xlink:arcrole='http://xbrl.org/int/dim/arcrole/dimension-default' xlink:from='loc_InvestmentTypeAxis' xlink:to='loc_InvestmentTypeCategorizationMember' xlink:type='arc' />
    <link:definitionArc order='3.0' xlink:arcrole='http://xbrl.org/int/dim/arcrole/dimension-default' xlink:from='loc_EmployeeBenefitPlanAllocationStatusAxis' xlink:to='loc_EmployeeBenefitPlanAllocationStatusDomain' xlink:type='arc' />
    <link:definitionArc order='4.0' xlink:arcrole='http://xbrl.org/int/dim/arcrole/dimension-default' xlink:from='loc_EmployeeBenefitPlanParticipantDirectedStatusAxis' xlink:to='loc_EmployeeBenefitPlanParticipantDirectedStatusDomain' xlink:type='arc' />
  </link:definitionLink>
  <link:definitionLink xlink:role='http://fasb.org/us-gaap/role/disclosure/EBPFullyBenefitResponsiveInvestmentEmployeeBenefitPlanFullyBenefitResponsiveInvestmentContractTable' xlink:type='extended'>
    <link:loc xlink:href='../elts/us-gaap-ebp-2024.xsd#us-gaap-ebp_EmployeeBenefitPlanFullyBenefitResponsiveInvestmentContractLineItems' xlink:label='loc_EmployeeBenefitPlanFullyBenefitResponsiveInvestmentContractLineItems' xlink:type='locator' />
    <link:loc xlink:href='../elts/us-gaap-ebp-2024.xsd#us-gaap-ebp_EmployeeBenefitPlanFullyBenefitResponsiveInvestmentContractTextBlock' xlink:label='loc_EmployeeBenefitPlanFullyBenefitResponsiveInvestmentContractTextBlock' xlink:type='locator' />
    <link:loc xlink:href='../elts/us-gaap-ebp-2024.xsd#us-gaap-ebp_EmployeeBenefitPlanFullyBenefitResponsiveInvestmentContractTableTextBlock' xlink:label='loc_EmployeeBenefitPlanFullyBenefitResponsiveInvestmentContractTableTextBlock' xlink:type='locator' />
    <link:loc xlink:href='../elts/us-gaap-ebp-2024.xsd#us-gaap-ebp_EmployeeBenefitPlanInvestmentContractValueAbstract' xlink:label='loc_EmployeeBenefitPlanInvestmentContractValueAbstract' xlink:type='locator' />
    <link:loc xlink:href='../elts/us-gaap-ebp-2024.xsd#us-gaap-ebp_EmployeeBenefitPlanInvestmentExcludingPlanInterestInMasterTrustContractValue' xlink:label='loc_EmployeeBenefitPlanInvestmentExcludingPlanInterestInMasterTrustContractValue' xlink:type='locator' />
    <link:loc xlink:href='../elts/us-gaap-ebp-2024.xsd#us-gaap-ebp_EmployeeBenefitPlanInvestmentPlanInterestInMasterTrustContractValue' xlink:label='loc_EmployeeBenefitPlanInvestmentPlanInterestInMasterTrustContractValue' xlink:type='locator' />
    <link:loc xlink:href='../elts/us-gaap-ebp-2024.xsd#us-gaap-ebp_EmployeeBenefitPlanInvestmentContractValue' xlink:label='loc_EmployeeBenefitPlanInvestmentContractValue' xlink:type='locator' />
    <link:loc xlink:href='../elts/us-gaap-ebp-2024.xsd#us-gaap-ebp_EmployeeBenefitPlanFullyBenefitResponsiveInvestmentContractDescription' xlink:label='loc_EmployeeBenefitPlanFullyBenefitResponsiveInvestmentContractDescription' xlink:type='locator' />
    <link:loc xlink:href='../elts/us-gaap-ebp-2024.xsd#us-gaap-ebp_EmployeeBenefitPlanFullyBenefitResponsiveInvestmentContractLimitationOnTransactingAtContractValueDescription' xlink:label='loc_EmployeeBenefitPlanFullyBenefitResponsiveInvestmentContractLimitationOnTransactingAtContractValueDescription' xlink:type='locator' />
    <link:loc xlink:href='../elts/us-gaap-ebp-2024.xsd#us-gaap-ebp_EmployeeBenefitPlanFullyBenefitResponsiveInvestmentContractLimitationOnTransactingAtContractValueNotProbable' xlink:label='loc_EmployeeBenefitPlanFullyBenefitResponsiveInvestmentContractLimitationOnTransactingAtContractValueNotProbable' xlink:type='locator' />
    <link:loc xlink:href='../elts/us-gaap-ebp-2024.xsd#us-gaap-ebp_EmployeeBenefitPlanFullyBenefitResponsiveInvestmentContractTerminationDescription' xlink:label='loc_EmployeeBenefitPlanFullyBenefitResponsiveInvestmentContractTerminationDescription' xlink:type='locator' />
    <link:definitionArc order='1.0' xlink:arcrole='http://xbrl.org/int/dim/arcrole/domain-member' xlink:from='loc_EmployeeBenefitPlanFullyBenefitResponsiveInvestmentContractLineItems' xlink:to='loc_EmployeeBenefitPlanFullyBenefitResponsiveInvestmentContractTextBlock' xlink:type='arc' />
    <link:definitionArc order='2.0' xlink:arcrole='http://xbrl.org/int/dim/arcrole/domain-member' xlink:from='loc_EmployeeBenefitPlanFullyBenefitResponsiveInvestmentContractLineItems' xlink:to='loc_EmployeeBenefitPlanFullyBenefitResponsiveInvestmentContractTableTextBlock' xlink:type='arc' />
    <link:definitionArc order='3.0' xlink:arcrole='http://xbrl.org/int/dim/arcrole/domain-member' xlink:from='loc_EmployeeBenefitPlanFullyBenefitResponsiveInvestmentContractLineItems' xlink:to='loc_EmployeeBenefitPlanInvestmentContractValueAbstract' xlink:type='arc' />
    <link:definitionArc order='4.0' xlink:arcrole='http://xbrl.org/int/dim/arcrole/domain-member' xlink:from='loc_EmployeeBenefitPlanInvestmentContractValueAbstract' xlink:to='loc_EmployeeBenefitPlanInvestmentExcludingPlanInterestInMasterTrustContractValue' xlink:type='arc' />
    <link:definitionArc order='5.0' xlink:arcrole='http://xbrl.org/int/dim/arcrole/domain-member' xlink:from='loc_EmployeeBenefitPlanInvestmentContractValueAbstract' xlink:to='loc_EmployeeBenefitPlanInvestmentPlanInterestInMasterTrustContractValue' xlink:type='arc' />
    <link:definitionArc order='6.0' xlink:arcrole='http://xbrl.org/int/dim/arcrole/domain-member' xlink:from='loc_EmployeeBenefitPlanInvestmentContractValueAbstract' xlink:to='loc_EmployeeBenefitPlanInvestmentContractValue' xlink:type='arc' />
    <link:definitionArc order='7.0' xlink:arcrole='http://xbrl.org/int/dim/arcrole/domain-member' xlink:from='loc_EmployeeBenefitPlanFullyBenefitResponsiveInvestmentContractLineItems' xlink:to='loc_EmployeeBenefitPlanFullyBenefitResponsiveInvestmentContractDescription' xlink:type='arc' />
    <link:definitionArc order='8.0' xlink:arcrole='http://xbrl.org/int/dim/arcrole/domain-member' xlink:from='loc_EmployeeBenefitPlanFullyBenefitResponsiveInvestmentContractLineItems' xlink:to='loc_EmployeeBenefitPlanFullyBenefitResponsiveInvestmentContractLimitationOnTransactingAtContractValueDescription' xlink:type='arc' />
    <link:definitionArc order='9.0' xlink:arcrole='http://xbrl.org/int/dim/arcrole/domain-member' xlink:from='loc_EmployeeBenefitPlanFullyBenefitResponsiveInvestmentContractLimitationOnTransactingAtContractValueDescription' xlink:to='loc_EmployeeBenefitPlanFullyBenefitResponsiveInvestmentContractLimitationOnTransactingAtContractValueNotProbable' xlink:type='arc' />
    <link:definitionArc order='10.0' xlink:arcrole='http://xbrl.org/int/dim/arcrole/domain-member' xlink:from='loc_EmployeeBenefitPlanFullyBenefitResponsiveInvestmentContractLineItems' xlink:to='loc_EmployeeBenefitPlanFullyBenefitResponsiveInvestmentContractTerminationDescription' xlink:type='arc' />
  </link:definitionLink>
  <link:definitionLink xlink:role='http://fasb.org/us-gaap/role/disclosure/EBPFullyBenefitResponsiveInvestmentEmployeeBenefitPlanFullyBenefitResponsiveInvestmentContractTable' xlink:type='extended'>
    <link:loc xlink:href='../../elts/us-gaap-2024.xsd#us-gaap_InvestmentTypeCategorizationMember' xlink:label='loc_InvestmentTypeCategorizationMember' xlink:type='locator' />
    <link:loc xlink:href='../elts/us-gaap-ebp-2024.xsd#us-gaap-ebp_EmployeeBenefitPlanTraditionalGuaranteedInvestmentContractMember' xlink:label='loc_EmployeeBenefitPlanTraditionalGuaranteedInvestmentContractMember' xlink:type='locator' />
    <link:loc xlink:href='../elts/us-gaap-ebp-2024.xsd#us-gaap-ebp_EmployeeBenefitPlanSyntheticInvestmentContractMember' xlink:label='loc_EmployeeBenefitPlanSyntheticInvestmentContractMember' xlink:type='locator' />
    <link:loc xlink:href='../elts/us-gaap-ebp-2024.xsd#us-gaap-ebp_EmployeeBenefitPlanAllocationStatusDomain' xlink:label='loc_EmployeeBenefitPlanAllocationStatusDomain' xlink:type='locator' />
    <link:loc xlink:href='../elts/us-gaap-ebp-2024.xsd#us-gaap-ebp_EmployeeBenefitPlanUnallocatedMember' xlink:label='loc_EmployeeBenefitPlanUnallocatedMember' xlink:type='locator' />
    <link:loc xlink:href='../elts/us-gaap-ebp-2024.xsd#us-gaap-ebp_EmployeeBenefitPlanAllocatedMember' xlink:label='loc_EmployeeBenefitPlanAllocatedMember' xlink:type='locator' />
    <link:loc xlink:href='../elts/us-gaap-ebp-2024.xsd#us-gaap-ebp_EmployeeBenefitPlanParticipantDirectedStatusDomain' xlink:label='loc_EmployeeBenefitPlanParticipantDirectedStatusDomain' xlink:type='locator' />
    <link:loc xlink:href='../elts/us-gaap-ebp-2024.xsd#us-gaap-ebp_EmployeeBenefitPlanNonparticipantDirectedMember' xlink:label='loc_EmployeeBenefitPlanNonparticipantDirectedMember' xlink:type='locator' />
    <link:loc xlink:href='../elts/us-gaap-ebp-2024.xsd#us-gaap-ebp_EmployeeBenefitPlanParticipantDirectedMember' xlink:label='loc_EmployeeBenefitPlanParticipantDirectedMember' xlink:type='locator' />
    <link:definitionArc order='1.0' xlink:arcrole='http://xbrl.org/int/dim/arcrole/domain-member' xlink:from='loc_InvestmentTypeCategorizationMember' xlink:to='loc_EmployeeBenefitPlanTraditionalGuaranteedInvestmentContractMember' xlink:type='arc' />
    <link:definitionArc order='2.0' xlink:arcrole='http://xbrl.org/int/dim/arcrole/domain-member' xlink:from='loc_InvestmentTypeCategorizationMember' xlink:to='loc_EmployeeBenefitPlanSyntheticInvestmentContractMember' xlink:type='arc' />
    <link:definitionArc order='3.0' xlink:arcrole='http://xbrl.org/int/dim/arcrole/domain-member' xlink:from='loc_EmployeeBenefitPlanAllocationStatusDomain' xlink:to='loc_EmployeeBenefitPlanUnallocatedMember' xlink:type='arc' />
    <link:definitionArc order='4.0' xlink:arcrole='http://xbrl.org/int/dim/arcrole/domain-member' xlink:from='loc_EmployeeBenefitPlanAllocationStatusDomain' xlink:to='loc_EmployeeBenefitPlanAllocatedMember' xlink:type='arc' />
    <link:definitionArc order='5.0' xlink:arcrole='http://xbrl.org/int/dim/arcrole/domain-member' xlink:from='loc_EmployeeBenefitPlanParticipantDirectedStatusDomain' xlink:to='loc_EmployeeBenefitPlanNonparticipantDirectedMember' xlink:type='arc' />
    <link:definitionArc order='6.0' xlink:arcrole='http://xbrl.org/int/dim/arcrole/domain-member' xlink:from='loc_EmployeeBenefitPlanParticipantDirectedStatusDomain' xlink:to='loc_EmployeeBenefitPlanParticipantDirectedMember' xlink:type='arc' />
  </link:definitionLink>
</link:linkbase>
