<?xml version='1.0' encoding='UTF-8'?>

<!--
(c) 2010-2024 Financial Accounting Foundation; (c) 2007-2010 XBRL US, Inc.  All Rights Reserved.
Notice: Authorized Uses are Set Forth at https://xbrl.fasb.org/terms/TaxonomiesTermsConditions.html
  -->
<link:linkbase xmlns:link='http://www.xbrl.org/2003/linkbase' xmlns:xlink='http://www.w3.org/1999/xlink' xmlns:xsi='http://www.w3.org/2001/XMLSchema-instance' xsi:schemaLocation='http://www.xbrl.org/2003/linkbase http://www.xbrl.org/2003/xbrl-linkbase-2003-12-31.xsd'>
  <link:roleRef roleURI='http://fasb.org/us-gaap/role/disclosure/EBPSummaryAccountingPolicy' xlink:href='../../elts/us-roles-2024.xsd#ebp-sap' xlink:type='simple' />
  <link:presentationLink xlink:role='http://fasb.org/us-gaap/role/disclosure/EBPSummaryAccountingPolicy' xlink:type='extended'>
    <link:loc xlink:href='../elts/us-gaap-ebp-2024.xsd#us-gaap-ebp_EmployeeBenefitPlanAccountingPolicyAbstract' xlink:label='loc_EmployeeBenefitPlanAccountingPolicyAbstract' xlink:type='locator' />
    <link:loc xlink:href='../elts/us-gaap-ebp-2024.xsd#us-gaap-ebp_EmployeeBenefitPlanAccountingPolicyTable' xlink:label='loc_EmployeeBenefitPlanAccountingPolicyTable' xlink:type='locator' />
    <link:loc xlink:href='https://xbrl.sec.gov/dei/2024/dei-2024.xsd#dei_LegalEntityAxis' xlink:label='loc_LegalEntityAxis' xlink:type='locator' />
    <link:loc xlink:href='../elts/us-gaap-ebp-2024.xsd#us-gaap-ebp_UseLegalEntityAxisOnEveryXbrlFactTaggedWhenPlanSponsorHasMultipleEmployeeBenefitPlanFilingsInSamePlanYearGuidance' xlink:label='loc_UseLegalEntityAxisOnEveryXbrlFactTaggedWhenPlanSponsorHasMultipleEmployeeBenefitPlanFilingsInSamePlanYearGuidance' xlink:type='locator' />
    <link:loc xlink:href='https://xbrl.sec.gov/dei/2024/dei-2024.xsd#dei_EntityDomain' xlink:label='loc_EntityDomain' xlink:type='locator' />
    <link:loc xlink:href='../elts/us-gaap-ebp-2024.xsd#us-gaap-ebp_CreatePlanSpecificMemberWithLegalEntityAxisForEmployeeBenefitPlanFilingInFollowingFormatEbpEmployerIdentificationNumbePlanNumberForExampleEbpMemberGuidance' xlink:label='loc_CreatePlanSpecificMemberWithLegalEntityAxisForEmployeeBenefitPlanFilingInFollowingFormatEbpEmployerIdentificationNumbePlanNumberForExampleEbpMemberGuidance' xlink:type='locator' />
    <link:loc xlink:href='../elts/us-gaap-ebp-2024.xsd#us-gaap-ebp_EmployeeBenefitPlanAccountingPolicyLineItems' xlink:label='loc_EmployeeBenefitPlanAccountingPolicyLineItems' xlink:type='locator' />
    <link:loc xlink:href='../elts/us-gaap-ebp-2024.xsd#us-gaap-ebp_EmployeeBenefitPlanSummaryOfAccountingPolicyTextBlock' xlink:label='loc_EmployeeBenefitPlanSummaryOfAccountingPolicyTextBlock' xlink:type='locator' />
    <link:loc xlink:href='../elts/us-gaap-ebp-2024.xsd#us-gaap-ebp_EmployeeBenefitPlanBasisOfAccountingPolicyTextBlock' xlink:label='loc_EmployeeBenefitPlanBasisOfAccountingPolicyTextBlock' xlink:type='locator' />
    <link:loc xlink:href='../elts/us-gaap-ebp-2024.xsd#us-gaap-ebp_EmployeeBenefitPlanModifiedCashBasis' xlink:label='loc_EmployeeBenefitPlanModifiedCashBasis' xlink:type='locator' />
    <link:loc xlink:href='../elts/us-gaap-ebp-2024.xsd#us-gaap-ebp_EmployeeBenefitPlanLiquidationBasisOfAccounting' xlink:label='loc_EmployeeBenefitPlanLiquidationBasisOfAccounting' xlink:type='locator' />
    <link:loc xlink:href='../elts/us-gaap-ebp-2024.xsd#us-gaap-ebp_EmployeeBenefitPlanContributionPolicyTextBlock' xlink:label='loc_EmployeeBenefitPlanContributionPolicyTextBlock' xlink:type='locator' />
    <link:loc xlink:href='../elts/us-gaap-ebp-2024.xsd#us-gaap-ebp_EmployeeBenefitPlanExcessContributionPayablePolicyTextBlock' xlink:label='loc_EmployeeBenefitPlanExcessContributionPayablePolicyTextBlock' xlink:type='locator' />
    <link:loc xlink:href='../elts/us-gaap-ebp-2024.xsd#us-gaap-ebp_EmployeeBenefitPlanExpensePolicyTextBlock' xlink:label='loc_EmployeeBenefitPlanExpensePolicyTextBlock' xlink:type='locator' />
    <link:loc xlink:href='../elts/us-gaap-ebp-2024.xsd#us-gaap-ebp_EmployeeBenefitPlanInvestmentPolicyTextBlock' xlink:label='loc_EmployeeBenefitPlanInvestmentPolicyTextBlock' xlink:type='locator' />
    <link:loc xlink:href='../elts/us-gaap-ebp-2024.xsd#us-gaap-ebp_EmployeeBenefitPlanInvestmentAccountingPolicyElectionMonthEndMeasurementDateElected' xlink:label='loc_EmployeeBenefitPlanInvestmentAccountingPolicyElectionMonthEndMeasurementDateElected' xlink:type='locator' />
    <link:loc xlink:href='../elts/us-gaap-ebp-2024.xsd#us-gaap-ebp_EmployeeBenefitPlanInvestmentAccountingPolicyElectionMeasurementDate' xlink:label='loc_EmployeeBenefitPlanInvestmentAccountingPolicyElectionMeasurementDate' xlink:type='locator' />
    <link:loc xlink:href='../elts/us-gaap-ebp-2024.xsd#us-gaap-ebp_EmployeeBenefitPlanMasterTrustPolicyTextBlock' xlink:label='loc_EmployeeBenefitPlanMasterTrustPolicyTextBlock' xlink:type='locator' />
    <link:loc xlink:href='../elts/us-gaap-ebp-2024.xsd#us-gaap-ebp_EmployeeBenefitPlanNoteReceivableFromParticipantPolicyTextBlock' xlink:label='loc_EmployeeBenefitPlanNoteReceivableFromParticipantPolicyTextBlock' xlink:type='locator' />
    <link:loc xlink:href='../elts/us-gaap-ebp-2024.xsd#us-gaap-ebp_EmployeeBenefitPlanPaymentToParticipantPolicyTextBlock' xlink:label='loc_EmployeeBenefitPlanPaymentToParticipantPolicyTextBlock' xlink:type='locator' />
    <link:loc xlink:href='../elts/us-gaap-ebp-2024.xsd#us-gaap-ebp_EmployeeBenefitPlanPurchaseOfInsuranceContractExcludedFromPlanAssetPolicyTextBlock' xlink:label='loc_EmployeeBenefitPlanPurchaseOfInsuranceContractExcludedFromPlanAssetPolicyTextBlock' xlink:type='locator' />
    <link:loc xlink:href='../elts/us-gaap-ebp-2024.xsd#us-gaap-ebp_EmployeeBenefitPlanUnallocatedAssetPolicyTextBlock' xlink:label='loc_EmployeeBenefitPlanUnallocatedAssetPolicyTextBlock' xlink:type='locator' />
    <link:loc xlink:href='../elts/us-gaap-ebp-2024.xsd#us-gaap-ebp_EmployeeBenefitPlanSubsequentEventPolicyTextBlock' xlink:label='loc_EmployeeBenefitPlanSubsequentEventPolicyTextBlock' xlink:type='locator' />
    <link:loc xlink:href='../elts/us-gaap-ebp-2024.xsd#us-gaap-ebp_EmployeeBenefitPlanUseOfEstimatePolicyTextBlock' xlink:label='loc_EmployeeBenefitPlanUseOfEstimatePolicyTextBlock' xlink:type='locator' />
    <link:presentationArc order='10' xlink:arcrole='http://www.xbrl.org/2003/arcrole/parent-child' xlink:from='loc_EmployeeBenefitPlanAccountingPolicyAbstract' xlink:to='loc_EmployeeBenefitPlanAccountingPolicyTable' xlink:type='arc' />
    <link:presentationArc order='10' xlink:arcrole='http://www.xbrl.org/2003/arcrole/parent-child' xlink:from='loc_EmployeeBenefitPlanAccountingPolicyTable' xlink:to='loc_LegalEntityAxis' xlink:type='arc' />
    <link:presentationArc order='10' xlink:arcrole='http://www.xbrl.org/2003/arcrole/parent-child' xlink:from='loc_LegalEntityAxis' xlink:to='loc_UseLegalEntityAxisOnEveryXbrlFactTaggedWhenPlanSponsorHasMultipleEmployeeBenefitPlanFilingsInSamePlanYearGuidance' xlink:type='arc' />
    <link:presentationArc order='20' xlink:arcrole='http://www.xbrl.org/2003/arcrole/parent-child' xlink:from='loc_LegalEntityAxis' xlink:to='loc_EntityDomain' xlink:type='arc' />
    <link:presentationArc order='10' xlink:arcrole='http://www.xbrl.org/2003/arcrole/parent-child' xlink:from='loc_EntityDomain' xlink:to='loc_CreatePlanSpecificMemberWithLegalEntityAxisForEmployeeBenefitPlanFilingInFollowingFormatEbpEmployerIdentificationNumbePlanNumberForExampleEbpMemberGuidance' xlink:type='arc' />
    <link:presentationArc order='20' xlink:arcrole='http://www.xbrl.org/2003/arcrole/parent-child' xlink:from='loc_EmployeeBenefitPlanAccountingPolicyTable' xlink:to='loc_EmployeeBenefitPlanAccountingPolicyLineItems' xlink:type='arc' />
    <link:presentationArc order='10' xlink:arcrole='http://www.xbrl.org/2003/arcrole/parent-child' xlink:from='loc_EmployeeBenefitPlanAccountingPolicyLineItems' xlink:to='loc_EmployeeBenefitPlanSummaryOfAccountingPolicyTextBlock' xlink:type='arc' />
    <link:presentationArc order='20' xlink:arcrole='http://www.xbrl.org/2003/arcrole/parent-child' xlink:from='loc_EmployeeBenefitPlanAccountingPolicyLineItems' xlink:to='loc_EmployeeBenefitPlanBasisOfAccountingPolicyTextBlock' xlink:type='arc' />
    <link:presentationArc order='10' xlink:arcrole='http://www.xbrl.org/2003/arcrole/parent-child' xlink:from='loc_EmployeeBenefitPlanBasisOfAccountingPolicyTextBlock' xlink:to='loc_EmployeeBenefitPlanModifiedCashBasis' xlink:type='arc' />
    <link:presentationArc order='20' xlink:arcrole='http://www.xbrl.org/2003/arcrole/parent-child' xlink:from='loc_EmployeeBenefitPlanBasisOfAccountingPolicyTextBlock' xlink:to='loc_EmployeeBenefitPlanLiquidationBasisOfAccounting' xlink:type='arc' />
    <link:presentationArc order='30' xlink:arcrole='http://www.xbrl.org/2003/arcrole/parent-child' xlink:from='loc_EmployeeBenefitPlanAccountingPolicyLineItems' xlink:to='loc_EmployeeBenefitPlanContributionPolicyTextBlock' xlink:type='arc' />
    <link:presentationArc order='40' xlink:arcrole='http://www.xbrl.org/2003/arcrole/parent-child' xlink:from='loc_EmployeeBenefitPlanAccountingPolicyLineItems' xlink:to='loc_EmployeeBenefitPlanExcessContributionPayablePolicyTextBlock' xlink:type='arc' />
    <link:presentationArc order='50' xlink:arcrole='http://www.xbrl.org/2003/arcrole/parent-child' xlink:from='loc_EmployeeBenefitPlanAccountingPolicyLineItems' xlink:to='loc_EmployeeBenefitPlanExpensePolicyTextBlock' xlink:type='arc' />
    <link:presentationArc order='60' xlink:arcrole='http://www.xbrl.org/2003/arcrole/parent-child' xlink:from='loc_EmployeeBenefitPlanAccountingPolicyLineItems' xlink:to='loc_EmployeeBenefitPlanInvestmentPolicyTextBlock' xlink:type='arc' />
    <link:presentationArc order='10' xlink:arcrole='http://www.xbrl.org/2003/arcrole/parent-child' xlink:from='loc_EmployeeBenefitPlanInvestmentPolicyTextBlock' xlink:to='loc_EmployeeBenefitPlanInvestmentAccountingPolicyElectionMonthEndMeasurementDateElected' xlink:type='arc' />
    <link:presentationArc order='20' xlink:arcrole='http://www.xbrl.org/2003/arcrole/parent-child' xlink:from='loc_EmployeeBenefitPlanInvestmentPolicyTextBlock' xlink:to='loc_EmployeeBenefitPlanInvestmentAccountingPolicyElectionMeasurementDate' xlink:type='arc' />
    <link:presentationArc order='70' xlink:arcrole='http://www.xbrl.org/2003/arcrole/parent-child' xlink:from='loc_EmployeeBenefitPlanAccountingPolicyLineItems' xlink:to='loc_EmployeeBenefitPlanMasterTrustPolicyTextBlock' xlink:type='arc' />
    <link:presentationArc order='80' xlink:arcrole='http://www.xbrl.org/2003/arcrole/parent-child' xlink:from='loc_EmployeeBenefitPlanAccountingPolicyLineItems' xlink:to='loc_EmployeeBenefitPlanNoteReceivableFromParticipantPolicyTextBlock' xlink:type='arc' />
    <link:presentationArc order='90' xlink:arcrole='http://www.xbrl.org/2003/arcrole/parent-child' xlink:from='loc_EmployeeBenefitPlanAccountingPolicyLineItems' xlink:to='loc_EmployeeBenefitPlanPaymentToParticipantPolicyTextBlock' xlink:type='arc' />
    <link:presentationArc order='100' xlink:arcrole='http://www.xbrl.org/2003/arcrole/parent-child' xlink:from='loc_EmployeeBenefitPlanAccountingPolicyLineItems' xlink:to='loc_EmployeeBenefitPlanPurchaseOfInsuranceContractExcludedFromPlanAssetPolicyTextBlock' xlink:type='arc' />
    <link:presentationArc order='110' xlink:arcrole='http://www.xbrl.org/2003/arcrole/parent-child' xlink:from='loc_EmployeeBenefitPlanAccountingPolicyLineItems' xlink:to='loc_EmployeeBenefitPlanUnallocatedAssetPolicyTextBlock' xlink:type='arc' />
    <link:presentationArc order='120' xlink:arcrole='http://www.xbrl.org/2003/arcrole/parent-child' xlink:from='loc_EmployeeBenefitPlanAccountingPolicyLineItems' xlink:to='loc_EmployeeBenefitPlanSubsequentEventPolicyTextBlock' xlink:type='arc' />
    <link:presentationArc order='130' xlink:arcrole='http://www.xbrl.org/2003/arcrole/parent-child' xlink:from='loc_EmployeeBenefitPlanAccountingPolicyLineItems' xlink:to='loc_EmployeeBenefitPlanUseOfEstimatePolicyTextBlock' xlink:type='arc' />
  </link:presentationLink>
</link:linkbase>
