<?xml version='1.0' encoding='UTF-8'?>

<!--
(c) 2010-2024 Financial Accounting Foundation; (c) 2007-2010 XBRL US, Inc.  All Rights Reserved.
Notice: Authorized Uses are Set Forth at https://xbrl.fasb.org/terms/TaxonomiesTermsConditions.html
  -->
<link:linkbase xmlns:link='http://www.xbrl.org/2003/linkbase' xmlns:xlink='http://www.w3.org/1999/xlink' xmlns:xsi='http://www.w3.org/2001/XMLSchema-instance' xsi:schemaLocation='http://www.xbrl.org/2003/linkbase http://www.xbrl.org/2003/xbrl-linkbase-2003-12-31.xsd'>
  <link:roleRef roleURI='http://fasb.org/us-gaap/role/disclosure/EBPMasterTrust' xlink:href='../../elts/us-roles-2024.xsd#ebp-mt' xlink:type='simple' />
  <link:presentationLink xlink:role='http://fasb.org/us-gaap/role/disclosure/EBPMasterTrust' xlink:type='extended'>
    <link:loc xlink:href='../elts/us-gaap-ebp-2024.xsd#us-gaap-ebp_EmployeeBenefitPlanMasterTrustAbstract' xlink:label='loc_EmployeeBenefitPlanMasterTrustAbstract' xlink:type='locator' />
    <link:loc xlink:href='../elts/us-gaap-ebp-2024.xsd#us-gaap-ebp_EmployeeBenefitPlanMasterTrustTable' xlink:label='loc_EmployeeBenefitPlanMasterTrustTable' xlink:type='locator' />
    <link:loc xlink:href='https://xbrl.sec.gov/dei/2024/dei-2024.xsd#dei_LegalEntityAxis' xlink:label='loc_LegalEntityAxis' xlink:type='locator' />
    <link:loc xlink:href='../elts/us-gaap-ebp-2024.xsd#us-gaap-ebp_UseLegalEntityAxisOnEveryXbrlFactTaggedWhenPlanSponsorHasMultipleEmployeeBenefitPlanFilingsInSamePlanYearGuidance' xlink:label='loc_UseLegalEntityAxisOnEveryXbrlFactTaggedWhenPlanSponsorHasMultipleEmployeeBenefitPlanFilingsInSamePlanYearGuidance' xlink:type='locator' />
    <link:loc xlink:href='https://xbrl.sec.gov/dei/2024/dei-2024.xsd#dei_EntityDomain' xlink:label='loc_EntityDomain' xlink:type='locator' />
    <link:loc xlink:href='../elts/us-gaap-ebp-2024.xsd#us-gaap-ebp_CreatePlanSpecificMemberWithLegalEntityAxisForEmployeeBenefitPlanFilingInFollowingFormatEbpEmployerIdentificationNumbePlanNumberForExampleEbpMemberGuidance' xlink:label='loc_CreatePlanSpecificMemberWithLegalEntityAxisForEmployeeBenefitPlanFilingInFollowingFormatEbpEmployerIdentificationNumbePlanNumberForExampleEbpMemberGuidance' xlink:type='locator' />
    <link:loc xlink:href='../elts/us-gaap-ebp-2024.xsd#us-gaap-ebp_EmployeeBenefitPlanNonconsolidatedMasterTrustAndPlanInterestInMasterTrustAxis' xlink:label='loc_EmployeeBenefitPlanNonconsolidatedMasterTrustAndPlanInterestInMasterTrustAxis' xlink:type='locator' />
    <link:loc xlink:href='../elts/us-gaap-ebp-2024.xsd#us-gaap-ebp_EmployeeBenefitPlanNonconsolidatedMasterTrustAndPlanInterestInMasterTrustDomain' xlink:label='loc_EmployeeBenefitPlanNonconsolidatedMasterTrustAndPlanInterestInMasterTrustDomain' xlink:type='locator' />
    <link:loc xlink:href='../elts/us-gaap-ebp-2024.xsd#us-gaap-ebp_EmployeeBenefitPlanNonconsolidatedMasterTrustMember' xlink:label='loc_EmployeeBenefitPlanNonconsolidatedMasterTrustMember' xlink:type='locator' />
    <link:loc xlink:href='../elts/us-gaap-ebp-2024.xsd#us-gaap-ebp_EmployeeBenefitPlanNonconsolidatedPlanInterestInMasterTrustMember' xlink:label='loc_EmployeeBenefitPlanNonconsolidatedPlanInterestInMasterTrustMember' xlink:type='locator' />
    <link:loc xlink:href='../../elts/us-gaap-2024.xsd#us-gaap_InvestmentTypeAxis' xlink:label='loc_InvestmentTypeAxis' xlink:type='locator' />
    <link:loc xlink:href='../../elts/us-gaap-2024.xsd#us-gaap_InvestmentTypeCategorizationMember' xlink:label='loc_InvestmentTypeCategorizationMember' xlink:type='locator' />
    <link:loc xlink:href='../../elts/us-gaap-2024.xsd#us-gaap_InterestBearingDepositsMember' xlink:label='loc_InterestBearingDepositsMember' xlink:type='locator' />
    <link:loc xlink:href='../../elts/us-gaap-2024.xsd#us-gaap_CertificatesOfDepositMember' xlink:label='loc_CertificatesOfDepositMember' xlink:type='locator' />
    <link:loc xlink:href='../../elts/us-gaap-2024.xsd#us-gaap_MoneyMarketFundsMember' xlink:label='loc_MoneyMarketFundsMember' xlink:type='locator' />
    <link:loc xlink:href='../../elts/us-gaap-2024.xsd#us-gaap_CommercialPaperMember' xlink:label='loc_CommercialPaperMember' xlink:type='locator' />
    <link:loc xlink:href='../../elts/us-gaap-2024.xsd#us-gaap_FixedIncomeInvestmentsMember' xlink:label='loc_FixedIncomeInvestmentsMember' xlink:type='locator' />
    <link:loc xlink:href='../../elts/us-gaap-2024.xsd#us-gaap_USTreasuryAndGovernmentMember' xlink:label='loc_USTreasuryAndGovernmentMember' xlink:type='locator' />
    <link:loc xlink:href='../../elts/us-gaap-2024.xsd#us-gaap_USTreasurySecuritiesMember' xlink:label='loc_USTreasurySecuritiesMember' xlink:type='locator' />
    <link:loc xlink:href='../../elts/us-gaap-2024.xsd#us-gaap_USTreasuryNotesSecuritiesMember' xlink:label='loc_USTreasuryNotesSecuritiesMember' xlink:type='locator' />
    <link:loc xlink:href='../../elts/us-gaap-2024.xsd#us-gaap_USTreasuryBondSecuritiesMember' xlink:label='loc_USTreasuryBondSecuritiesMember' xlink:type='locator' />
    <link:loc xlink:href='../../elts/us-gaap-2024.xsd#us-gaap_USTreasuryBillSecuritiesMember' xlink:label='loc_USTreasuryBillSecuritiesMember' xlink:type='locator' />
    <link:loc xlink:href='../../elts/us-gaap-2024.xsd#us-gaap_USTreasuryAndGovernmentShorttermDebtSecuritiesMember' xlink:label='loc_USTreasuryAndGovernmentShorttermDebtSecuritiesMember' xlink:type='locator' />
    <link:loc xlink:href='../../elts/us-gaap-2024.xsd#us-gaap_USGovernmentAgenciesShorttermDebtSecuritiesMember' xlink:label='loc_USGovernmentAgenciesShorttermDebtSecuritiesMember' xlink:type='locator' />
    <link:loc xlink:href='../../elts/us-gaap-2024.xsd#us-gaap_AssetBackedSecuritiesMember' xlink:label='loc_AssetBackedSecuritiesMember' xlink:type='locator' />
    <link:loc xlink:href='../../elts/us-gaap-2024.xsd#us-gaap_CollateralizedMortgageObligationsMember' xlink:label='loc_CollateralizedMortgageObligationsMember' xlink:type='locator' />
    <link:loc xlink:href='../../elts/us-gaap-2024.xsd#us-gaap_CorporateDebtSecuritiesMember' xlink:label='loc_CorporateDebtSecuritiesMember' xlink:type='locator' />
    <link:loc xlink:href='../../elts/us-gaap-2024.xsd#us-gaap_CorporateBondSecuritiesMember' xlink:label='loc_CorporateBondSecuritiesMember' xlink:type='locator' />
    <link:loc xlink:href='../../elts/us-gaap-2024.xsd#us-gaap_CorporateNoteSecuritiesMember' xlink:label='loc_CorporateNoteSecuritiesMember' xlink:type='locator' />
    <link:loc xlink:href='../../elts/us-gaap-2024.xsd#us-gaap_ConvertibleDebtSecuritiesMember' xlink:label='loc_ConvertibleDebtSecuritiesMember' xlink:type='locator' />
    <link:loc xlink:href='../../elts/us-gaap-2024.xsd#us-gaap_ShortTermDebtMember' xlink:label='loc_ShortTermDebtMember' xlink:type='locator' />
    <link:loc xlink:href='../../elts/us-gaap-2024.xsd#us-gaap_SeniorNotesMember' xlink:label='loc_SeniorNotesMember' xlink:type='locator' />
    <link:loc xlink:href='../../elts/us-gaap-2024.xsd#us-gaap_SubordinatedDebtMember' xlink:label='loc_SubordinatedDebtMember' xlink:type='locator' />
    <link:loc xlink:href='../../elts/us-gaap-2024.xsd#us-gaap_SeniorSubordinatedNotesMember' xlink:label='loc_SeniorSubordinatedNotesMember' xlink:type='locator' />
    <link:loc xlink:href='../../elts/us-gaap-2024.xsd#us-gaap_SeniorSubordinatedLoansMember' xlink:label='loc_SeniorSubordinatedLoansMember' xlink:type='locator' />
    <link:loc xlink:href='../../elts/us-gaap-2024.xsd#us-gaap_JuniorSubordinatedDebtMember' xlink:label='loc_JuniorSubordinatedDebtMember' xlink:type='locator' />
    <link:loc xlink:href='../../elts/us-gaap-2024.xsd#us-gaap_SovereignDebtSecuritiesMember' xlink:label='loc_SovereignDebtSecuritiesMember' xlink:type='locator' />
    <link:loc xlink:href='../../elts/us-gaap-2024.xsd#us-gaap_EquitySecuritiesMember' xlink:label='loc_EquitySecuritiesMember' xlink:type='locator' />
    <link:loc xlink:href='../../elts/us-gaap-2024.xsd#us-gaap_CommonStockMember' xlink:label='loc_CommonStockMember' xlink:type='locator' />
    <link:loc xlink:href='../elts/us-gaap-ebp-2024.xsd#us-gaap-ebp_EmployeeBenefitPlanEmployerCommonStockMember' xlink:label='loc_EmployeeBenefitPlanEmployerCommonStockMember' xlink:type='locator' />
    <link:loc xlink:href='../elts/us-gaap-ebp-2024.xsd#us-gaap-ebp_EmployeeBenefitPlanEmployerCommonStockClassAMember' xlink:label='loc_EmployeeBenefitPlanEmployerCommonStockClassAMember' xlink:type='locator' />
    <link:loc xlink:href='../elts/us-gaap-ebp-2024.xsd#us-gaap-ebp_EmployeeBenefitPlanEmployerCommonStockClassBMember' xlink:label='loc_EmployeeBenefitPlanEmployerCommonStockClassBMember' xlink:type='locator' />
    <link:loc xlink:href='../elts/us-gaap-ebp-2024.xsd#us-gaap-ebp_EmployeeBenefitPlanEmployerCommonStockFundMember' xlink:label='loc_EmployeeBenefitPlanEmployerCommonStockFundMember' xlink:type='locator' />
    <link:loc xlink:href='../../elts/us-gaap-2024.xsd#us-gaap_PreferredStockMember' xlink:label='loc_PreferredStockMember' xlink:type='locator' />
    <link:loc xlink:href='../elts/us-gaap-ebp-2024.xsd#us-gaap-ebp_EmployeeBenefitPlanEmployerPreferredStockMember' xlink:label='loc_EmployeeBenefitPlanEmployerPreferredStockMember' xlink:type='locator' />
    <link:loc xlink:href='../../elts/us-gaap-2024.xsd#us-gaap_PreferredNonConvertibleStockMember' xlink:label='loc_PreferredNonConvertibleStockMember' xlink:type='locator' />
    <link:loc xlink:href='../../elts/us-gaap-2024.xsd#us-gaap_ConvertiblePreferredStockMember' xlink:label='loc_ConvertiblePreferredStockMember' xlink:type='locator' />
    <link:loc xlink:href='../../elts/us-gaap-2024.xsd#us-gaap_ContingentConvertiblePreferredStockMember' xlink:label='loc_ContingentConvertiblePreferredStockMember' xlink:type='locator' />
    <link:loc xlink:href='../../elts/us-gaap-2024.xsd#us-gaap_NonredeemablePreferredStockMember' xlink:label='loc_NonredeemablePreferredStockMember' xlink:type='locator' />
    <link:loc xlink:href='../../elts/us-gaap-2024.xsd#us-gaap_RedeemablePreferredStockMember' xlink:label='loc_RedeemablePreferredStockMember' xlink:type='locator' />
    <link:loc xlink:href='../../elts/us-gaap-2024.xsd#us-gaap_WarrantMember' xlink:label='loc_WarrantMember' xlink:type='locator' />
    <link:loc xlink:href='../../elts/us-gaap-2024.xsd#us-gaap_PrivateEquityFundsMember' xlink:label='loc_PrivateEquityFundsMember' xlink:type='locator' />
    <link:loc xlink:href='../../elts/us-gaap-2024.xsd#us-gaap_HedgeFundsMember' xlink:label='loc_HedgeFundsMember' xlink:type='locator' />
    <link:loc xlink:href='../../elts/us-gaap-2024.xsd#us-gaap_DefinedBenefitPlanRealEstateMember' xlink:label='loc_DefinedBenefitPlanRealEstateMember' xlink:type='locator' />
    <link:loc xlink:href='../../elts/us-gaap-2024.xsd#us-gaap_DefinedBenefitPlanCommonCollectiveTrustMember' xlink:label='loc_DefinedBenefitPlanCommonCollectiveTrustMember' xlink:type='locator' />
    <link:loc xlink:href='../elts/us-gaap-ebp-2024.xsd#us-gaap-ebp_EmployeeBenefitPlanPooledSeparateAccountMember' xlink:label='loc_EmployeeBenefitPlanPooledSeparateAccountMember' xlink:type='locator' />
    <link:loc xlink:href='../../elts/us-gaap-2024.xsd#us-gaap_MutualFundMember' xlink:label='loc_MutualFundMember' xlink:type='locator' />
    <link:loc xlink:href='../../elts/us-gaap-2024.xsd#us-gaap_EquityFundsMember' xlink:label='loc_EquityFundsMember' xlink:type='locator' />
    <link:loc xlink:href='../../elts/us-gaap-2024.xsd#us-gaap_FixedIncomeFundsMember' xlink:label='loc_FixedIncomeFundsMember' xlink:type='locator' />
    <link:loc xlink:href='../../elts/us-gaap-2024.xsd#us-gaap_BalancedFundsMember' xlink:label='loc_BalancedFundsMember' xlink:type='locator' />
    <link:loc xlink:href='../elts/us-gaap-ebp-2024.xsd#us-gaap-ebp_EmployeeBenefitPlanSelfDirectedBrokerageAccountMember' xlink:label='loc_EmployeeBenefitPlanSelfDirectedBrokerageAccountMember' xlink:type='locator' />
    <link:loc xlink:href='../elts/us-gaap-ebp-2024.xsd#us-gaap-ebp_EmployeeBenefitPlanTraditionalGuaranteedInvestmentContractMember' xlink:label='loc_EmployeeBenefitPlanTraditionalGuaranteedInvestmentContractMember' xlink:type='locator' />
    <link:loc xlink:href='../elts/us-gaap-ebp-2024.xsd#us-gaap-ebp_EmployeeBenefitPlanSyntheticInvestmentContractMember' xlink:label='loc_EmployeeBenefitPlanSyntheticInvestmentContractMember' xlink:type='locator' />
    <link:loc xlink:href='../../elts/us-gaap-2024.xsd#us-gaap_DerivativeMember' xlink:label='loc_DerivativeMember' xlink:type='locator' />
    <link:loc xlink:href='../../elts/us-gaap-2024.xsd#us-gaap_OtherAggregatedInvestmentsMember' xlink:label='loc_OtherAggregatedInvestmentsMember' xlink:type='locator' />
    <link:loc xlink:href='../elts/us-gaap-ebp-2024.xsd#us-gaap-ebp_EmployeeBenefitPlanMasterTrustLineItems' xlink:label='loc_EmployeeBenefitPlanMasterTrustLineItems' xlink:type='locator' />
    <link:loc xlink:href='../elts/us-gaap-ebp-2024.xsd#us-gaap-ebp_EmployeeBenefitPlanMasterTrustTextBlock' xlink:label='loc_EmployeeBenefitPlanMasterTrustTextBlock' xlink:type='locator' />
    <link:loc xlink:href='../elts/us-gaap-ebp-2024.xsd#us-gaap-ebp_EmployeeBenefitPlanMasterTrustPolicyTextBlock' xlink:label='loc_EmployeeBenefitPlanMasterTrustPolicyTextBlock' xlink:type='locator' />
    <link:loc xlink:href='../elts/us-gaap-ebp-2024.xsd#us-gaap-ebp_EmployeeBenefitPlanMasterTrustTableTextBlock' xlink:label='loc_EmployeeBenefitPlanMasterTrustTableTextBlock' xlink:type='locator' />
    <link:loc xlink:href='../elts/us-gaap-ebp-2024.xsd#us-gaap-ebp_EmployeeBenefitPlanInterestInMasterTrustPercentage' xlink:label='loc_EmployeeBenefitPlanInterestInMasterTrustPercentage' xlink:type='locator' />
    <link:loc xlink:href='../elts/us-gaap-ebp-2024.xsd#us-gaap-ebp_EmployeeBenefitPlanNetAssetAvailableForBenefitAbstract' xlink:label='loc_EmployeeBenefitPlanNetAssetAvailableForBenefitAbstract' xlink:type='locator' />
    <link:loc xlink:href='../elts/us-gaap-ebp-2024.xsd#us-gaap-ebp_EmployeeBenefitPlanAssetAbstract' xlink:label='loc_EmployeeBenefitPlanAssetAbstract' xlink:type='locator' />
    <link:loc xlink:href='../elts/us-gaap-ebp-2024.xsd#us-gaap-ebp_EmployeeBenefitPlanInvestmentFairAndContractValueAbstract' xlink:label='loc_EmployeeBenefitPlanInvestmentFairAndContractValueAbstract' xlink:type='locator' />
    <link:loc xlink:href='../elts/us-gaap-ebp-2024.xsd#us-gaap-ebp_EmployeeBenefitPlanInvestmentFairValue' xlink:label='loc_EmployeeBenefitPlanInvestmentFairValue' xlink:type='locator' />
    <link:loc xlink:href='../elts/us-gaap-ebp-2024.xsd#us-gaap-ebp_EmployeeBenefitPlanInvestmentContractValue' xlink:label='loc_EmployeeBenefitPlanInvestmentContractValue' xlink:type='locator' />
    <link:loc xlink:href='../elts/us-gaap-ebp-2024.xsd#us-gaap-ebp_EmployeeBenefitPlanInvestmentFairAndContractValue' xlink:label='loc_EmployeeBenefitPlanInvestmentFairAndContractValue' xlink:type='locator' />
    <link:loc xlink:href='../elts/us-gaap-ebp-2024.xsd#us-gaap-ebp_EmployeeBenefitPlanReceivableAbstract' xlink:label='loc_EmployeeBenefitPlanReceivableAbstract' xlink:type='locator' />
    <link:loc xlink:href='../elts/us-gaap-ebp-2024.xsd#us-gaap-ebp_EmployeeBenefitPlanEmployerContributionReceivable' xlink:label='loc_EmployeeBenefitPlanEmployerContributionReceivable' xlink:type='locator' />
    <link:loc xlink:href='../elts/us-gaap-ebp-2024.xsd#us-gaap-ebp_EmployeeBenefitPlanParticipantContributionReceivable' xlink:label='loc_EmployeeBenefitPlanParticipantContributionReceivable' xlink:type='locator' />
    <link:loc xlink:href='../elts/us-gaap-ebp-2024.xsd#us-gaap-ebp_EmployeeBenefitPlanInvestmentIncomeReceivable' xlink:label='loc_EmployeeBenefitPlanInvestmentIncomeReceivable' xlink:type='locator' />
    <link:loc xlink:href='../elts/us-gaap-ebp-2024.xsd#us-gaap-ebp_EmployeeBenefitPlanReceivableInvestmentSale' xlink:label='loc_EmployeeBenefitPlanReceivableInvestmentSale' xlink:type='locator' />
    <link:loc xlink:href='../elts/us-gaap-ebp-2024.xsd#us-gaap-ebp_EmployeeBenefitPlanReceivableDerivativeVariationMargin' xlink:label='loc_EmployeeBenefitPlanReceivableDerivativeVariationMargin' xlink:type='locator' />
    <link:loc xlink:href='../elts/us-gaap-ebp-2024.xsd#us-gaap-ebp_EmployeeBenefitPlanOtherReceivable' xlink:label='loc_EmployeeBenefitPlanOtherReceivable' xlink:type='locator' />
    <link:loc xlink:href='../elts/us-gaap-ebp-2024.xsd#us-gaap-ebp_EmployeeBenefitPlanReceivable' xlink:label='loc_EmployeeBenefitPlanReceivable' xlink:type='locator' />
    <link:loc xlink:href='../elts/us-gaap-ebp-2024.xsd#us-gaap-ebp_EmployeeBenefitPlanOtherEmployerAsset' xlink:label='loc_EmployeeBenefitPlanOtherEmployerAsset' xlink:type='locator' />
    <link:loc xlink:href='../elts/us-gaap-ebp-2024.xsd#us-gaap-ebp_EmployeeBenefitPlanOtherAsset' xlink:label='loc_EmployeeBenefitPlanOtherAsset' xlink:type='locator' />
    <link:loc xlink:href='../elts/us-gaap-ebp-2024.xsd#us-gaap-ebp_EmployeeBenefitPlanAsset' xlink:label='loc_EmployeeBenefitPlanAsset' xlink:type='locator' />
    <link:loc xlink:href='../elts/us-gaap-ebp-2024.xsd#us-gaap-ebp_EmployeeBenefitPlanLiabilityAbstract' xlink:label='loc_EmployeeBenefitPlanLiabilityAbstract' xlink:type='locator' />
    <link:loc xlink:href='../elts/us-gaap-ebp-2024.xsd#us-gaap-ebp_EmployeeBenefitPlanAccruedExpense' xlink:label='loc_EmployeeBenefitPlanAccruedExpense' xlink:type='locator' />
    <link:loc xlink:href='../elts/us-gaap-ebp-2024.xsd#us-gaap-ebp_EmployeeBenefitPlanExcessContributionPayable' xlink:label='loc_EmployeeBenefitPlanExcessContributionPayable' xlink:type='locator' />
    <link:loc xlink:href='../elts/us-gaap-ebp-2024.xsd#us-gaap-ebp_EmployeeBenefitPlanLiabilityInvestmentPurchase' xlink:label='loc_EmployeeBenefitPlanLiabilityInvestmentPurchase' xlink:type='locator' />
    <link:loc xlink:href='../elts/us-gaap-ebp-2024.xsd#us-gaap-ebp_EmployeeBenefitPlanLiabilityDerivativeVariationMargin' xlink:label='loc_EmployeeBenefitPlanLiabilityDerivativeVariationMargin' xlink:type='locator' />
    <link:loc xlink:href='../elts/us-gaap-ebp-2024.xsd#us-gaap-ebp_EmployeeBenefitPlanEmployerLiability' xlink:label='loc_EmployeeBenefitPlanEmployerLiability' xlink:type='locator' />
    <link:loc xlink:href='../elts/us-gaap-ebp-2024.xsd#us-gaap-ebp_EmployeeBenefitPlanParticipantLiability' xlink:label='loc_EmployeeBenefitPlanParticipantLiability' xlink:type='locator' />
    <link:loc xlink:href='../elts/us-gaap-ebp-2024.xsd#us-gaap-ebp_EmployeeBenefitPlanDebt' xlink:label='loc_EmployeeBenefitPlanDebt' xlink:type='locator' />
    <link:loc xlink:href='../elts/us-gaap-ebp-2024.xsd#us-gaap-ebp_EmployeeBenefitPlanDebtInterestPayable' xlink:label='loc_EmployeeBenefitPlanDebtInterestPayable' xlink:type='locator' />
    <link:loc xlink:href='../elts/us-gaap-ebp-2024.xsd#us-gaap-ebp_EmployeeBenefitPlanOtherLiability' xlink:label='loc_EmployeeBenefitPlanOtherLiability' xlink:type='locator' />
    <link:loc xlink:href='../elts/us-gaap-ebp-2024.xsd#us-gaap-ebp_EmployeeBenefitPlanLiability' xlink:label='loc_EmployeeBenefitPlanLiability' xlink:type='locator' />
    <link:loc xlink:href='../elts/us-gaap-ebp-2024.xsd#us-gaap-ebp_EmployeeBenefitPlanNetAssetAvailableForBenefit' xlink:label='loc_EmployeeBenefitPlanNetAssetAvailableForBenefit' xlink:type='locator' />
    <link:loc xlink:href='../elts/us-gaap-ebp-2024.xsd#us-gaap-ebp_EmployeeBenefitPlanChangeInNetAssetAvailableForBenefitIncreaseDecreaseForIncomeLossOnInvestmentAbstract' xlink:label='loc_EmployeeBenefitPlanChangeInNetAssetAvailableForBenefitIncreaseDecreaseForIncomeLossOnInvestmentAbstract' xlink:type='locator' />
    <link:loc xlink:href='../elts/us-gaap-ebp-2024.xsd#us-gaap-ebp_EmployeeBenefitPlanChangeInNetAssetAvailableForBenefitIncreaseDecreaseForGainLossOnInvestmentAbstract' xlink:label='loc_EmployeeBenefitPlanChangeInNetAssetAvailableForBenefitIncreaseDecreaseForGainLossOnInvestmentAbstract' xlink:type='locator' />
    <link:loc xlink:href='../elts/us-gaap-ebp-2024.xsd#us-gaap-ebp_EmployeeBenefitPlanChangeInNetAssetAvailableForBenefitIncreaseDecreaseForRealizedGainLossOnInvestment' xlink:label='loc_EmployeeBenefitPlanChangeInNetAssetAvailableForBenefitIncreaseDecreaseForRealizedGainLossOnInvestment' xlink:type='locator' />
    <link:loc xlink:href='../elts/us-gaap-ebp-2024.xsd#us-gaap-ebp_EmployeeBenefitPlanChangeInNetAssetAvailableForBenefitIncreaseDecreaseForUnrealizedGainLossOnInvestment' xlink:label='loc_EmployeeBenefitPlanChangeInNetAssetAvailableForBenefitIncreaseDecreaseForUnrealizedGainLossOnInvestment' xlink:type='locator' />
    <link:loc xlink:href='../elts/us-gaap-ebp-2024.xsd#us-gaap-ebp_EmployeeBenefitPlanChangeInNetAssetAvailableForBenefitIncreaseDecreaseForGainLossOnInvestment' xlink:label='loc_EmployeeBenefitPlanChangeInNetAssetAvailableForBenefitIncreaseDecreaseForGainLossOnInvestment' xlink:type='locator' />
    <link:loc xlink:href='../elts/us-gaap-ebp-2024.xsd#us-gaap-ebp_EmployeeBenefitPlanChangeInNetAssetAvailableForBenefitIncreaseDecreaseForInvestmentIncomeLossAfterInvestmentExpenseAbstract' xlink:label='loc_EmployeeBenefitPlanChangeInNetAssetAvailableForBenefitIncreaseDecreaseForInvestmentIncomeLossAfterInvestmentExpenseAbstract' xlink:type='locator' />
    <link:loc xlink:href='../elts/us-gaap-ebp-2024.xsd#us-gaap-ebp_EmployeeBenefitPlanChangeInNetAssetAvailableForBenefitIncreaseDecreaseForInvestmentIncomeLossBeforeInvestmentExpenseAbstract' xlink:label='loc_EmployeeBenefitPlanChangeInNetAssetAvailableForBenefitIncreaseDecreaseForInvestmentIncomeLossBeforeInvestmentExpenseAbstract' xlink:type='locator' />
    <link:loc xlink:href='../elts/us-gaap-ebp-2024.xsd#us-gaap-ebp_EmployeeBenefitPlanChangeInNetAssetAvailableForBenefitIncreaseForInterestAndDividendIncomeOnInvestmentAbstract' xlink:label='loc_EmployeeBenefitPlanChangeInNetAssetAvailableForBenefitIncreaseForInterestAndDividendIncomeOnInvestmentAbstract' xlink:type='locator' />
    <link:loc xlink:href='../elts/us-gaap-ebp-2024.xsd#us-gaap-ebp_EmployeeBenefitPlanChangeInNetAssetAvailableForBenefitIncreaseForInterestIncomeOnInvestment' xlink:label='loc_EmployeeBenefitPlanChangeInNetAssetAvailableForBenefitIncreaseForInterestIncomeOnInvestment' xlink:type='locator' />
    <link:loc xlink:href='../elts/us-gaap-ebp-2024.xsd#us-gaap-ebp_EmployeeBenefitPlanChangeInNetAssetAvailableForBenefitIncreaseForDividendIncomeOnInvestment' xlink:label='loc_EmployeeBenefitPlanChangeInNetAssetAvailableForBenefitIncreaseForDividendIncomeOnInvestment' xlink:type='locator' />
    <link:loc xlink:href='../elts/us-gaap-ebp-2024.xsd#us-gaap-ebp_EmployeeBenefitPlanChangeInNetAssetAvailableForBenefitIncreaseForInterestAndDividendIncomeOnInvestment' xlink:label='loc_EmployeeBenefitPlanChangeInNetAssetAvailableForBenefitIncreaseForInterestAndDividendIncomeOnInvestment' xlink:type='locator' />
    <link:loc xlink:href='../elts/us-gaap-ebp-2024.xsd#us-gaap-ebp_EmployeeBenefitPlanChangeInNetAssetAvailableForBenefitIncreaseDecreaseForChangeInPlanInterestInMasterTrust' xlink:label='loc_EmployeeBenefitPlanChangeInNetAssetAvailableForBenefitIncreaseDecreaseForChangeInPlanInterestInMasterTrust' xlink:type='locator' />
    <link:loc xlink:href='../elts/us-gaap-ebp-2024.xsd#us-gaap-ebp_EmployeeBenefitPlanChangeInNetAssetAvailableForBenefitIncreaseDecreaseForOtherIncomeLossOnInvestment' xlink:label='loc_EmployeeBenefitPlanChangeInNetAssetAvailableForBenefitIncreaseDecreaseForOtherIncomeLossOnInvestment' xlink:type='locator' />
    <link:loc xlink:href='../elts/us-gaap-ebp-2024.xsd#us-gaap-ebp_EmployeeBenefitPlanChangeInNetAssetAvailableForBenefitIncreaseDecreaseForInvestmentIncomeLossBeforeInvestmentExpense' xlink:label='loc_EmployeeBenefitPlanChangeInNetAssetAvailableForBenefitIncreaseDecreaseForInvestmentIncomeLossBeforeInvestmentExpense' xlink:type='locator' />
    <link:loc xlink:href='../elts/us-gaap-ebp-2024.xsd#us-gaap-ebp_EmployeeBenefitPlanChangeInNetAssetAvailableForBenefitDecreaseForInvestmentExpense' xlink:label='loc_EmployeeBenefitPlanChangeInNetAssetAvailableForBenefitDecreaseForInvestmentExpense' xlink:type='locator' />
    <link:loc xlink:href='../elts/us-gaap-ebp-2024.xsd#us-gaap-ebp_EmployeeBenefitPlanChangeInNetAssetAvailableForBenefitIncreaseDecreaseForInvestmentIncomeLossAfterInvestmentExpense' xlink:label='loc_EmployeeBenefitPlanChangeInNetAssetAvailableForBenefitIncreaseDecreaseForInvestmentIncomeLossAfterInvestmentExpense' xlink:type='locator' />
    <link:loc xlink:href='../elts/us-gaap-ebp-2024.xsd#us-gaap-ebp_EmployeeBenefitPlanChangeInNetAssetAvailableForBenefitIncreaseDecreaseForIncomeLossOnInvestment' xlink:label='loc_EmployeeBenefitPlanChangeInNetAssetAvailableForBenefitIncreaseDecreaseForIncomeLossOnInvestment' xlink:type='locator' />
    <link:presentationArc order='10' xlink:arcrole='http://www.xbrl.org/2003/arcrole/parent-child' xlink:from='loc_EmployeeBenefitPlanMasterTrustAbstract' xlink:to='loc_EmployeeBenefitPlanMasterTrustTable' xlink:type='arc' />
    <link:presentationArc order='10' xlink:arcrole='http://www.xbrl.org/2003/arcrole/parent-child' xlink:from='loc_EmployeeBenefitPlanMasterTrustTable' xlink:to='loc_LegalEntityAxis' xlink:type='arc' />
    <link:presentationArc order='10' xlink:arcrole='http://www.xbrl.org/2003/arcrole/parent-child' xlink:from='loc_LegalEntityAxis' xlink:to='loc_UseLegalEntityAxisOnEveryXbrlFactTaggedWhenPlanSponsorHasMultipleEmployeeBenefitPlanFilingsInSamePlanYearGuidance' xlink:type='arc' />
    <link:presentationArc order='20' xlink:arcrole='http://www.xbrl.org/2003/arcrole/parent-child' xlink:from='loc_LegalEntityAxis' xlink:to='loc_EntityDomain' xlink:type='arc' />
    <link:presentationArc order='10' xlink:arcrole='http://www.xbrl.org/2003/arcrole/parent-child' xlink:from='loc_EntityDomain' xlink:to='loc_CreatePlanSpecificMemberWithLegalEntityAxisForEmployeeBenefitPlanFilingInFollowingFormatEbpEmployerIdentificationNumbePlanNumberForExampleEbpMemberGuidance' xlink:type='arc' />
    <link:presentationArc order='20' xlink:arcrole='http://www.xbrl.org/2003/arcrole/parent-child' xlink:from='loc_EmployeeBenefitPlanMasterTrustTable' xlink:to='loc_EmployeeBenefitPlanNonconsolidatedMasterTrustAndPlanInterestInMasterTrustAxis' xlink:type='arc' />
    <link:presentationArc order='10' xlink:arcrole='http://www.xbrl.org/2003/arcrole/parent-child' xlink:from='loc_EmployeeBenefitPlanNonconsolidatedMasterTrustAndPlanInterestInMasterTrustAxis' xlink:to='loc_EmployeeBenefitPlanNonconsolidatedMasterTrustAndPlanInterestInMasterTrustDomain' xlink:type='arc' />
    <link:presentationArc order='10' xlink:arcrole='http://www.xbrl.org/2003/arcrole/parent-child' xlink:from='loc_EmployeeBenefitPlanNonconsolidatedMasterTrustAndPlanInterestInMasterTrustDomain' xlink:to='loc_EmployeeBenefitPlanNonconsolidatedMasterTrustMember' xlink:type='arc' />
    <link:presentationArc order='20' xlink:arcrole='http://www.xbrl.org/2003/arcrole/parent-child' xlink:from='loc_EmployeeBenefitPlanNonconsolidatedMasterTrustAndPlanInterestInMasterTrustDomain' xlink:to='loc_EmployeeBenefitPlanNonconsolidatedPlanInterestInMasterTrustMember' xlink:type='arc' />
    <link:presentationArc order='30' xlink:arcrole='http://www.xbrl.org/2003/arcrole/parent-child' xlink:from='loc_EmployeeBenefitPlanMasterTrustTable' xlink:to='loc_InvestmentTypeAxis' xlink:type='arc' />
    <link:presentationArc order='10' xlink:arcrole='http://www.xbrl.org/2003/arcrole/parent-child' xlink:from='loc_InvestmentTypeAxis' xlink:to='loc_InvestmentTypeCategorizationMember' xlink:type='arc' />
    <link:presentationArc order='10' xlink:arcrole='http://www.xbrl.org/2003/arcrole/parent-child' xlink:from='loc_InvestmentTypeCategorizationMember' xlink:to='loc_InterestBearingDepositsMember' xlink:type='arc' />
    <link:presentationArc order='20' xlink:arcrole='http://www.xbrl.org/2003/arcrole/parent-child' xlink:from='loc_InvestmentTypeCategorizationMember' xlink:to='loc_CertificatesOfDepositMember' xlink:type='arc' />
    <link:presentationArc order='30' xlink:arcrole='http://www.xbrl.org/2003/arcrole/parent-child' xlink:from='loc_InvestmentTypeCategorizationMember' xlink:to='loc_MoneyMarketFundsMember' xlink:type='arc' />
    <link:presentationArc order='40' xlink:arcrole='http://www.xbrl.org/2003/arcrole/parent-child' xlink:from='loc_InvestmentTypeCategorizationMember' xlink:to='loc_CommercialPaperMember' xlink:type='arc' />
    <link:presentationArc order='50' xlink:arcrole='http://www.xbrl.org/2003/arcrole/parent-child' xlink:from='loc_InvestmentTypeCategorizationMember' xlink:to='loc_FixedIncomeInvestmentsMember' xlink:type='arc' />
    <link:presentationArc order='10' xlink:arcrole='http://www.xbrl.org/2003/arcrole/parent-child' xlink:from='loc_FixedIncomeInvestmentsMember' xlink:to='loc_USTreasuryAndGovernmentMember' xlink:type='arc' />
    <link:presentationArc order='10' xlink:arcrole='http://www.xbrl.org/2003/arcrole/parent-child' xlink:from='loc_USTreasuryAndGovernmentMember' xlink:to='loc_USTreasurySecuritiesMember' xlink:type='arc' />
    <link:presentationArc order='20' xlink:arcrole='http://www.xbrl.org/2003/arcrole/parent-child' xlink:from='loc_USTreasuryAndGovernmentMember' xlink:to='loc_USTreasuryNotesSecuritiesMember' xlink:type='arc' />
    <link:presentationArc order='30' xlink:arcrole='http://www.xbrl.org/2003/arcrole/parent-child' xlink:from='loc_USTreasuryAndGovernmentMember' xlink:to='loc_USTreasuryBondSecuritiesMember' xlink:type='arc' />
    <link:presentationArc order='40' xlink:arcrole='http://www.xbrl.org/2003/arcrole/parent-child' xlink:from='loc_USTreasuryAndGovernmentMember' xlink:to='loc_USTreasuryBillSecuritiesMember' xlink:type='arc' />
    <link:presentationArc order='50' xlink:arcrole='http://www.xbrl.org/2003/arcrole/parent-child' xlink:from='loc_USTreasuryAndGovernmentMember' xlink:to='loc_USTreasuryAndGovernmentShorttermDebtSecuritiesMember' xlink:type='arc' />
    <link:presentationArc order='60' xlink:arcrole='http://www.xbrl.org/2003/arcrole/parent-child' xlink:from='loc_USTreasuryAndGovernmentMember' xlink:to='loc_USGovernmentAgenciesShorttermDebtSecuritiesMember' xlink:type='arc' />
    <link:presentationArc order='20' xlink:arcrole='http://www.xbrl.org/2003/arcrole/parent-child' xlink:from='loc_FixedIncomeInvestmentsMember' xlink:to='loc_AssetBackedSecuritiesMember' xlink:type='arc' />
    <link:presentationArc order='30' xlink:arcrole='http://www.xbrl.org/2003/arcrole/parent-child' xlink:from='loc_FixedIncomeInvestmentsMember' xlink:to='loc_CollateralizedMortgageObligationsMember' xlink:type='arc' />
    <link:presentationArc order='40' xlink:arcrole='http://www.xbrl.org/2003/arcrole/parent-child' xlink:from='loc_FixedIncomeInvestmentsMember' xlink:to='loc_CorporateDebtSecuritiesMember' xlink:type='arc' />
    <link:presentationArc order='50' xlink:arcrole='http://www.xbrl.org/2003/arcrole/parent-child' xlink:from='loc_FixedIncomeInvestmentsMember' xlink:to='loc_CorporateBondSecuritiesMember' xlink:type='arc' />
    <link:presentationArc order='60' xlink:arcrole='http://www.xbrl.org/2003/arcrole/parent-child' xlink:from='loc_FixedIncomeInvestmentsMember' xlink:to='loc_CorporateNoteSecuritiesMember' xlink:type='arc' />
    <link:presentationArc order='70' xlink:arcrole='http://www.xbrl.org/2003/arcrole/parent-child' xlink:from='loc_FixedIncomeInvestmentsMember' xlink:to='loc_ConvertibleDebtSecuritiesMember' xlink:type='arc' />
    <link:presentationArc order='80' xlink:arcrole='http://www.xbrl.org/2003/arcrole/parent-child' xlink:from='loc_FixedIncomeInvestmentsMember' xlink:to='loc_ShortTermDebtMember' xlink:type='arc' />
    <link:presentationArc order='90' xlink:arcrole='http://www.xbrl.org/2003/arcrole/parent-child' xlink:from='loc_FixedIncomeInvestmentsMember' xlink:to='loc_SeniorNotesMember' xlink:type='arc' />
    <link:presentationArc order='100' xlink:arcrole='http://www.xbrl.org/2003/arcrole/parent-child' xlink:from='loc_FixedIncomeInvestmentsMember' xlink:to='loc_SubordinatedDebtMember' xlink:type='arc' />
    <link:presentationArc order='110' xlink:arcrole='http://www.xbrl.org/2003/arcrole/parent-child' xlink:from='loc_FixedIncomeInvestmentsMember' xlink:to='loc_SeniorSubordinatedNotesMember' xlink:type='arc' />
    <link:presentationArc order='120' xlink:arcrole='http://www.xbrl.org/2003/arcrole/parent-child' xlink:from='loc_FixedIncomeInvestmentsMember' xlink:to='loc_SeniorSubordinatedLoansMember' xlink:type='arc' />
    <link:presentationArc order='130' xlink:arcrole='http://www.xbrl.org/2003/arcrole/parent-child' xlink:from='loc_FixedIncomeInvestmentsMember' xlink:to='loc_JuniorSubordinatedDebtMember' xlink:type='arc' />
    <link:presentationArc order='140' xlink:arcrole='http://www.xbrl.org/2003/arcrole/parent-child' xlink:from='loc_FixedIncomeInvestmentsMember' xlink:to='loc_SovereignDebtSecuritiesMember' xlink:type='arc' />
    <link:presentationArc order='60' xlink:arcrole='http://www.xbrl.org/2003/arcrole/parent-child' xlink:from='loc_InvestmentTypeCategorizationMember' xlink:to='loc_EquitySecuritiesMember' xlink:type='arc' />
    <link:presentationArc order='10' xlink:arcrole='http://www.xbrl.org/2003/arcrole/parent-child' xlink:from='loc_EquitySecuritiesMember' xlink:to='loc_CommonStockMember' xlink:type='arc' />
    <link:presentationArc order='10' xlink:arcrole='http://www.xbrl.org/2003/arcrole/parent-child' xlink:from='loc_CommonStockMember' xlink:to='loc_EmployeeBenefitPlanEmployerCommonStockMember' xlink:type='arc' />
    <link:presentationArc order='10' xlink:arcrole='http://www.xbrl.org/2003/arcrole/parent-child' xlink:from='loc_EmployeeBenefitPlanEmployerCommonStockMember' xlink:to='loc_EmployeeBenefitPlanEmployerCommonStockClassAMember' xlink:type='arc' />
    <link:presentationArc order='20' xlink:arcrole='http://www.xbrl.org/2003/arcrole/parent-child' xlink:from='loc_EmployeeBenefitPlanEmployerCommonStockMember' xlink:to='loc_EmployeeBenefitPlanEmployerCommonStockClassBMember' xlink:type='arc' />
    <link:presentationArc order='20' xlink:arcrole='http://www.xbrl.org/2003/arcrole/parent-child' xlink:from='loc_CommonStockMember' xlink:to='loc_EmployeeBenefitPlanEmployerCommonStockFundMember' xlink:type='arc' />
    <link:presentationArc order='20' xlink:arcrole='http://www.xbrl.org/2003/arcrole/parent-child' xlink:from='loc_EquitySecuritiesMember' xlink:to='loc_PreferredStockMember' xlink:type='arc' />
    <link:presentationArc order='10' xlink:arcrole='http://www.xbrl.org/2003/arcrole/parent-child' xlink:from='loc_PreferredStockMember' xlink:to='loc_EmployeeBenefitPlanEmployerPreferredStockMember' xlink:type='arc' />
    <link:presentationArc order='30' xlink:arcrole='http://www.xbrl.org/2003/arcrole/parent-child' xlink:from='loc_EquitySecuritiesMember' xlink:to='loc_PreferredNonConvertibleStockMember' xlink:type='arc' />
    <link:presentationArc order='40' xlink:arcrole='http://www.xbrl.org/2003/arcrole/parent-child' xlink:from='loc_EquitySecuritiesMember' xlink:to='loc_ConvertiblePreferredStockMember' xlink:type='arc' />
    <link:presentationArc order='50' xlink:arcrole='http://www.xbrl.org/2003/arcrole/parent-child' xlink:from='loc_EquitySecuritiesMember' xlink:to='loc_ContingentConvertiblePreferredStockMember' xlink:type='arc' />
    <link:presentationArc order='60' xlink:arcrole='http://www.xbrl.org/2003/arcrole/parent-child' xlink:from='loc_EquitySecuritiesMember' xlink:to='loc_NonredeemablePreferredStockMember' xlink:type='arc' />
    <link:presentationArc order='70' xlink:arcrole='http://www.xbrl.org/2003/arcrole/parent-child' xlink:from='loc_EquitySecuritiesMember' xlink:to='loc_RedeemablePreferredStockMember' xlink:type='arc' />
    <link:presentationArc order='80' xlink:arcrole='http://www.xbrl.org/2003/arcrole/parent-child' xlink:from='loc_EquitySecuritiesMember' xlink:to='loc_WarrantMember' xlink:type='arc' />
    <link:presentationArc order='70' xlink:arcrole='http://www.xbrl.org/2003/arcrole/parent-child' xlink:from='loc_InvestmentTypeCategorizationMember' xlink:to='loc_PrivateEquityFundsMember' xlink:type='arc' />
    <link:presentationArc order='80' xlink:arcrole='http://www.xbrl.org/2003/arcrole/parent-child' xlink:from='loc_InvestmentTypeCategorizationMember' xlink:to='loc_HedgeFundsMember' xlink:type='arc' />
    <link:presentationArc order='90' xlink:arcrole='http://www.xbrl.org/2003/arcrole/parent-child' xlink:from='loc_InvestmentTypeCategorizationMember' xlink:to='loc_DefinedBenefitPlanRealEstateMember' xlink:type='arc' />
    <link:presentationArc order='100' xlink:arcrole='http://www.xbrl.org/2003/arcrole/parent-child' xlink:from='loc_InvestmentTypeCategorizationMember' xlink:to='loc_DefinedBenefitPlanCommonCollectiveTrustMember' xlink:type='arc' />
    <link:presentationArc order='110' xlink:arcrole='http://www.xbrl.org/2003/arcrole/parent-child' xlink:from='loc_InvestmentTypeCategorizationMember' xlink:to='loc_EmployeeBenefitPlanPooledSeparateAccountMember' xlink:type='arc' />
    <link:presentationArc order='120' xlink:arcrole='http://www.xbrl.org/2003/arcrole/parent-child' xlink:from='loc_InvestmentTypeCategorizationMember' xlink:to='loc_MutualFundMember' xlink:type='arc' />
    <link:presentationArc order='10' xlink:arcrole='http://www.xbrl.org/2003/arcrole/parent-child' xlink:from='loc_MutualFundMember' xlink:to='loc_EquityFundsMember' xlink:type='arc' />
    <link:presentationArc order='20' xlink:arcrole='http://www.xbrl.org/2003/arcrole/parent-child' xlink:from='loc_MutualFundMember' xlink:to='loc_FixedIncomeFundsMember' xlink:type='arc' />
    <link:presentationArc order='30' xlink:arcrole='http://www.xbrl.org/2003/arcrole/parent-child' xlink:from='loc_MutualFundMember' xlink:to='loc_BalancedFundsMember' xlink:type='arc' />
    <link:presentationArc order='130' xlink:arcrole='http://www.xbrl.org/2003/arcrole/parent-child' xlink:from='loc_InvestmentTypeCategorizationMember' xlink:to='loc_EmployeeBenefitPlanSelfDirectedBrokerageAccountMember' xlink:type='arc' />
    <link:presentationArc order='140' xlink:arcrole='http://www.xbrl.org/2003/arcrole/parent-child' xlink:from='loc_InvestmentTypeCategorizationMember' xlink:to='loc_EmployeeBenefitPlanTraditionalGuaranteedInvestmentContractMember' xlink:type='arc' />
    <link:presentationArc order='150' xlink:arcrole='http://www.xbrl.org/2003/arcrole/parent-child' xlink:from='loc_InvestmentTypeCategorizationMember' xlink:to='loc_EmployeeBenefitPlanSyntheticInvestmentContractMember' xlink:type='arc' />
    <link:presentationArc order='160' xlink:arcrole='http://www.xbrl.org/2003/arcrole/parent-child' xlink:from='loc_InvestmentTypeCategorizationMember' xlink:to='loc_DerivativeMember' xlink:type='arc' />
    <link:presentationArc order='170' xlink:arcrole='http://www.xbrl.org/2003/arcrole/parent-child' xlink:from='loc_InvestmentTypeCategorizationMember' xlink:to='loc_OtherAggregatedInvestmentsMember' xlink:type='arc' />
    <link:presentationArc order='40' xlink:arcrole='http://www.xbrl.org/2003/arcrole/parent-child' xlink:from='loc_EmployeeBenefitPlanMasterTrustTable' xlink:to='loc_EmployeeBenefitPlanMasterTrustLineItems' xlink:type='arc' />
    <link:presentationArc order='10' xlink:arcrole='http://www.xbrl.org/2003/arcrole/parent-child' xlink:from='loc_EmployeeBenefitPlanMasterTrustLineItems' xlink:to='loc_EmployeeBenefitPlanMasterTrustTextBlock' xlink:type='arc' />
    <link:presentationArc order='20' xlink:arcrole='http://www.xbrl.org/2003/arcrole/parent-child' xlink:from='loc_EmployeeBenefitPlanMasterTrustLineItems' xlink:to='loc_EmployeeBenefitPlanMasterTrustPolicyTextBlock' xlink:type='arc' />
    <link:presentationArc order='30' xlink:arcrole='http://www.xbrl.org/2003/arcrole/parent-child' xlink:from='loc_EmployeeBenefitPlanMasterTrustLineItems' xlink:to='loc_EmployeeBenefitPlanMasterTrustTableTextBlock' xlink:type='arc' />
    <link:presentationArc order='40' xlink:arcrole='http://www.xbrl.org/2003/arcrole/parent-child' xlink:from='loc_EmployeeBenefitPlanMasterTrustLineItems' xlink:to='loc_EmployeeBenefitPlanInterestInMasterTrustPercentage' xlink:type='arc' />
    <link:presentationArc order='50' xlink:arcrole='http://www.xbrl.org/2003/arcrole/parent-child' xlink:from='loc_EmployeeBenefitPlanMasterTrustLineItems' xlink:to='loc_EmployeeBenefitPlanNetAssetAvailableForBenefitAbstract' xlink:type='arc' />
    <link:presentationArc order='10' xlink:arcrole='http://www.xbrl.org/2003/arcrole/parent-child' xlink:from='loc_EmployeeBenefitPlanNetAssetAvailableForBenefitAbstract' xlink:to='loc_EmployeeBenefitPlanAssetAbstract' xlink:type='arc' />
    <link:presentationArc order='10' xlink:arcrole='http://www.xbrl.org/2003/arcrole/parent-child' xlink:from='loc_EmployeeBenefitPlanAssetAbstract' xlink:to='loc_EmployeeBenefitPlanInvestmentFairAndContractValueAbstract' xlink:type='arc' />
    <link:presentationArc order='10' xlink:arcrole='http://www.xbrl.org/2003/arcrole/parent-child' xlink:from='loc_EmployeeBenefitPlanInvestmentFairAndContractValueAbstract' xlink:to='loc_EmployeeBenefitPlanInvestmentFairValue' xlink:type='arc' />
    <link:presentationArc order='20' xlink:arcrole='http://www.xbrl.org/2003/arcrole/parent-child' xlink:from='loc_EmployeeBenefitPlanInvestmentFairAndContractValueAbstract' xlink:to='loc_EmployeeBenefitPlanInvestmentContractValue' xlink:type='arc' />
    <link:presentationArc order='30' preferredLabel='http://www.xbrl.org/2003/role/totalLabel' xlink:arcrole='http://www.xbrl.org/2003/arcrole/parent-child' xlink:from='loc_EmployeeBenefitPlanInvestmentFairAndContractValueAbstract' xlink:to='loc_EmployeeBenefitPlanInvestmentFairAndContractValue' xlink:type='arc' />
    <link:presentationArc order='20' xlink:arcrole='http://www.xbrl.org/2003/arcrole/parent-child' xlink:from='loc_EmployeeBenefitPlanAssetAbstract' xlink:to='loc_EmployeeBenefitPlanReceivableAbstract' xlink:type='arc' />
    <link:presentationArc order='10' xlink:arcrole='http://www.xbrl.org/2003/arcrole/parent-child' xlink:from='loc_EmployeeBenefitPlanReceivableAbstract' xlink:to='loc_EmployeeBenefitPlanEmployerContributionReceivable' xlink:type='arc' />
    <link:presentationArc order='20' xlink:arcrole='http://www.xbrl.org/2003/arcrole/parent-child' xlink:from='loc_EmployeeBenefitPlanReceivableAbstract' xlink:to='loc_EmployeeBenefitPlanParticipantContributionReceivable' xlink:type='arc' />
    <link:presentationArc order='30' xlink:arcrole='http://www.xbrl.org/2003/arcrole/parent-child' xlink:from='loc_EmployeeBenefitPlanReceivableAbstract' xlink:to='loc_EmployeeBenefitPlanInvestmentIncomeReceivable' xlink:type='arc' />
    <link:presentationArc order='40' xlink:arcrole='http://www.xbrl.org/2003/arcrole/parent-child' xlink:from='loc_EmployeeBenefitPlanReceivableAbstract' xlink:to='loc_EmployeeBenefitPlanReceivableInvestmentSale' xlink:type='arc' />
    <link:presentationArc order='50' xlink:arcrole='http://www.xbrl.org/2003/arcrole/parent-child' xlink:from='loc_EmployeeBenefitPlanReceivableAbstract' xlink:to='loc_EmployeeBenefitPlanReceivableDerivativeVariationMargin' xlink:type='arc' />
    <link:presentationArc order='60' xlink:arcrole='http://www.xbrl.org/2003/arcrole/parent-child' xlink:from='loc_EmployeeBenefitPlanReceivableAbstract' xlink:to='loc_EmployeeBenefitPlanOtherReceivable' xlink:type='arc' />
    <link:presentationArc order='70' preferredLabel='http://www.xbrl.org/2003/role/totalLabel' xlink:arcrole='http://www.xbrl.org/2003/arcrole/parent-child' xlink:from='loc_EmployeeBenefitPlanReceivableAbstract' xlink:to='loc_EmployeeBenefitPlanReceivable' xlink:type='arc' />
    <link:presentationArc order='30' xlink:arcrole='http://www.xbrl.org/2003/arcrole/parent-child' xlink:from='loc_EmployeeBenefitPlanAssetAbstract' xlink:to='loc_EmployeeBenefitPlanOtherEmployerAsset' xlink:type='arc' />
    <link:presentationArc order='40' xlink:arcrole='http://www.xbrl.org/2003/arcrole/parent-child' xlink:from='loc_EmployeeBenefitPlanAssetAbstract' xlink:to='loc_EmployeeBenefitPlanOtherAsset' xlink:type='arc' />
    <link:presentationArc order='50' preferredLabel='http://www.xbrl.org/2003/role/totalLabel' xlink:arcrole='http://www.xbrl.org/2003/arcrole/parent-child' xlink:from='loc_EmployeeBenefitPlanAssetAbstract' xlink:to='loc_EmployeeBenefitPlanAsset' xlink:type='arc' />
    <link:presentationArc order='20' xlink:arcrole='http://www.xbrl.org/2003/arcrole/parent-child' xlink:from='loc_EmployeeBenefitPlanNetAssetAvailableForBenefitAbstract' xlink:to='loc_EmployeeBenefitPlanLiabilityAbstract' xlink:type='arc' />
    <link:presentationArc order='10' xlink:arcrole='http://www.xbrl.org/2003/arcrole/parent-child' xlink:from='loc_EmployeeBenefitPlanLiabilityAbstract' xlink:to='loc_EmployeeBenefitPlanAccruedExpense' xlink:type='arc' />
    <link:presentationArc order='20' xlink:arcrole='http://www.xbrl.org/2003/arcrole/parent-child' xlink:from='loc_EmployeeBenefitPlanLiabilityAbstract' xlink:to='loc_EmployeeBenefitPlanExcessContributionPayable' xlink:type='arc' />
    <link:presentationArc order='30' xlink:arcrole='http://www.xbrl.org/2003/arcrole/parent-child' xlink:from='loc_EmployeeBenefitPlanLiabilityAbstract' xlink:to='loc_EmployeeBenefitPlanLiabilityInvestmentPurchase' xlink:type='arc' />
    <link:presentationArc order='40' xlink:arcrole='http://www.xbrl.org/2003/arcrole/parent-child' xlink:from='loc_EmployeeBenefitPlanLiabilityAbstract' xlink:to='loc_EmployeeBenefitPlanLiabilityDerivativeVariationMargin' xlink:type='arc' />
    <link:presentationArc order='50' xlink:arcrole='http://www.xbrl.org/2003/arcrole/parent-child' xlink:from='loc_EmployeeBenefitPlanLiabilityAbstract' xlink:to='loc_EmployeeBenefitPlanEmployerLiability' xlink:type='arc' />
    <link:presentationArc order='60' xlink:arcrole='http://www.xbrl.org/2003/arcrole/parent-child' xlink:from='loc_EmployeeBenefitPlanLiabilityAbstract' xlink:to='loc_EmployeeBenefitPlanParticipantLiability' xlink:type='arc' />
    <link:presentationArc order='70' xlink:arcrole='http://www.xbrl.org/2003/arcrole/parent-child' xlink:from='loc_EmployeeBenefitPlanLiabilityAbstract' xlink:to='loc_EmployeeBenefitPlanDebt' xlink:type='arc' />
    <link:presentationArc order='80' xlink:arcrole='http://www.xbrl.org/2003/arcrole/parent-child' xlink:from='loc_EmployeeBenefitPlanLiabilityAbstract' xlink:to='loc_EmployeeBenefitPlanDebtInterestPayable' xlink:type='arc' />
    <link:presentationArc order='90' xlink:arcrole='http://www.xbrl.org/2003/arcrole/parent-child' xlink:from='loc_EmployeeBenefitPlanLiabilityAbstract' xlink:to='loc_EmployeeBenefitPlanOtherLiability' xlink:type='arc' />
    <link:presentationArc order='100' preferredLabel='http://www.xbrl.org/2003/role/totalLabel' xlink:arcrole='http://www.xbrl.org/2003/arcrole/parent-child' xlink:from='loc_EmployeeBenefitPlanLiabilityAbstract' xlink:to='loc_EmployeeBenefitPlanLiability' xlink:type='arc' />
    <link:presentationArc order='30' preferredLabel='http://www.xbrl.org/2003/role/totalLabel' xlink:arcrole='http://www.xbrl.org/2003/arcrole/parent-child' xlink:from='loc_EmployeeBenefitPlanNetAssetAvailableForBenefitAbstract' xlink:to='loc_EmployeeBenefitPlanNetAssetAvailableForBenefit' xlink:type='arc' />
    <link:presentationArc order='60' xlink:arcrole='http://www.xbrl.org/2003/arcrole/parent-child' xlink:from='loc_EmployeeBenefitPlanMasterTrustLineItems' xlink:to='loc_EmployeeBenefitPlanChangeInNetAssetAvailableForBenefitIncreaseDecreaseForIncomeLossOnInvestmentAbstract' xlink:type='arc' />
    <link:presentationArc order='10' xlink:arcrole='http://www.xbrl.org/2003/arcrole/parent-child' xlink:from='loc_EmployeeBenefitPlanChangeInNetAssetAvailableForBenefitIncreaseDecreaseForIncomeLossOnInvestmentAbstract' xlink:to='loc_EmployeeBenefitPlanChangeInNetAssetAvailableForBenefitIncreaseDecreaseForGainLossOnInvestmentAbstract' xlink:type='arc' />
    <link:presentationArc order='10' xlink:arcrole='http://www.xbrl.org/2003/arcrole/parent-child' xlink:from='loc_EmployeeBenefitPlanChangeInNetAssetAvailableForBenefitIncreaseDecreaseForGainLossOnInvestmentAbstract' xlink:to='loc_EmployeeBenefitPlanChangeInNetAssetAvailableForBenefitIncreaseDecreaseForRealizedGainLossOnInvestment' xlink:type='arc' />
    <link:presentationArc order='20' xlink:arcrole='http://www.xbrl.org/2003/arcrole/parent-child' xlink:from='loc_EmployeeBenefitPlanChangeInNetAssetAvailableForBenefitIncreaseDecreaseForGainLossOnInvestmentAbstract' xlink:to='loc_EmployeeBenefitPlanChangeInNetAssetAvailableForBenefitIncreaseDecreaseForUnrealizedGainLossOnInvestment' xlink:type='arc' />
    <link:presentationArc order='30' preferredLabel='http://www.xbrl.org/2003/role/totalLabel' xlink:arcrole='http://www.xbrl.org/2003/arcrole/parent-child' xlink:from='loc_EmployeeBenefitPlanChangeInNetAssetAvailableForBenefitIncreaseDecreaseForGainLossOnInvestmentAbstract' xlink:to='loc_EmployeeBenefitPlanChangeInNetAssetAvailableForBenefitIncreaseDecreaseForGainLossOnInvestment' xlink:type='arc' />
    <link:presentationArc order='20' xlink:arcrole='http://www.xbrl.org/2003/arcrole/parent-child' xlink:from='loc_EmployeeBenefitPlanChangeInNetAssetAvailableForBenefitIncreaseDecreaseForIncomeLossOnInvestmentAbstract' xlink:to='loc_EmployeeBenefitPlanChangeInNetAssetAvailableForBenefitIncreaseDecreaseForInvestmentIncomeLossAfterInvestmentExpenseAbstract' xlink:type='arc' />
    <link:presentationArc order='10' xlink:arcrole='http://www.xbrl.org/2003/arcrole/parent-child' xlink:from='loc_EmployeeBenefitPlanChangeInNetAssetAvailableForBenefitIncreaseDecreaseForInvestmentIncomeLossAfterInvestmentExpenseAbstract' xlink:to='loc_EmployeeBenefitPlanChangeInNetAssetAvailableForBenefitIncreaseDecreaseForInvestmentIncomeLossBeforeInvestmentExpenseAbstract' xlink:type='arc' />
    <link:presentationArc order='10' xlink:arcrole='http://www.xbrl.org/2003/arcrole/parent-child' xlink:from='loc_EmployeeBenefitPlanChangeInNetAssetAvailableForBenefitIncreaseDecreaseForInvestmentIncomeLossBeforeInvestmentExpenseAbstract' xlink:to='loc_EmployeeBenefitPlanChangeInNetAssetAvailableForBenefitIncreaseForInterestAndDividendIncomeOnInvestmentAbstract' xlink:type='arc' />
    <link:presentationArc order='10' xlink:arcrole='http://www.xbrl.org/2003/arcrole/parent-child' xlink:from='loc_EmployeeBenefitPlanChangeInNetAssetAvailableForBenefitIncreaseForInterestAndDividendIncomeOnInvestmentAbstract' xlink:to='loc_EmployeeBenefitPlanChangeInNetAssetAvailableForBenefitIncreaseForInterestIncomeOnInvestment' xlink:type='arc' />
    <link:presentationArc order='20' xlink:arcrole='http://www.xbrl.org/2003/arcrole/parent-child' xlink:from='loc_EmployeeBenefitPlanChangeInNetAssetAvailableForBenefitIncreaseForInterestAndDividendIncomeOnInvestmentAbstract' xlink:to='loc_EmployeeBenefitPlanChangeInNetAssetAvailableForBenefitIncreaseForDividendIncomeOnInvestment' xlink:type='arc' />
    <link:presentationArc order='30' preferredLabel='http://www.xbrl.org/2003/role/totalLabel' xlink:arcrole='http://www.xbrl.org/2003/arcrole/parent-child' xlink:from='loc_EmployeeBenefitPlanChangeInNetAssetAvailableForBenefitIncreaseForInterestAndDividendIncomeOnInvestmentAbstract' xlink:to='loc_EmployeeBenefitPlanChangeInNetAssetAvailableForBenefitIncreaseForInterestAndDividendIncomeOnInvestment' xlink:type='arc' />
    <link:presentationArc order='20' xlink:arcrole='http://www.xbrl.org/2003/arcrole/parent-child' xlink:from='loc_EmployeeBenefitPlanChangeInNetAssetAvailableForBenefitIncreaseDecreaseForInvestmentIncomeLossBeforeInvestmentExpenseAbstract' xlink:to='loc_EmployeeBenefitPlanChangeInNetAssetAvailableForBenefitIncreaseDecreaseForChangeInPlanInterestInMasterTrust' xlink:type='arc' />
    <link:presentationArc order='30' xlink:arcrole='http://www.xbrl.org/2003/arcrole/parent-child' xlink:from='loc_EmployeeBenefitPlanChangeInNetAssetAvailableForBenefitIncreaseDecreaseForInvestmentIncomeLossBeforeInvestmentExpenseAbstract' xlink:to='loc_EmployeeBenefitPlanChangeInNetAssetAvailableForBenefitIncreaseDecreaseForOtherIncomeLossOnInvestment' xlink:type='arc' />
    <link:presentationArc order='40' preferredLabel='http://www.xbrl.org/2003/role/totalLabel' xlink:arcrole='http://www.xbrl.org/2003/arcrole/parent-child' xlink:from='loc_EmployeeBenefitPlanChangeInNetAssetAvailableForBenefitIncreaseDecreaseForInvestmentIncomeLossBeforeInvestmentExpenseAbstract' xlink:to='loc_EmployeeBenefitPlanChangeInNetAssetAvailableForBenefitIncreaseDecreaseForInvestmentIncomeLossBeforeInvestmentExpense' xlink:type='arc' />
    <link:presentationArc order='20' xlink:arcrole='http://www.xbrl.org/2003/arcrole/parent-child' xlink:from='loc_EmployeeBenefitPlanChangeInNetAssetAvailableForBenefitIncreaseDecreaseForInvestmentIncomeLossAfterInvestmentExpenseAbstract' xlink:to='loc_EmployeeBenefitPlanChangeInNetAssetAvailableForBenefitDecreaseForInvestmentExpense' xlink:type='arc' />
    <link:presentationArc order='30' preferredLabel='http://www.xbrl.org/2003/role/totalLabel' xlink:arcrole='http://www.xbrl.org/2003/arcrole/parent-child' xlink:from='loc_EmployeeBenefitPlanChangeInNetAssetAvailableForBenefitIncreaseDecreaseForInvestmentIncomeLossAfterInvestmentExpenseAbstract' xlink:to='loc_EmployeeBenefitPlanChangeInNetAssetAvailableForBenefitIncreaseDecreaseForInvestmentIncomeLossAfterInvestmentExpense' xlink:type='arc' />
    <link:presentationArc order='30' preferredLabel='http://www.xbrl.org/2003/role/totalLabel' xlink:arcrole='http://www.xbrl.org/2003/arcrole/parent-child' xlink:from='loc_EmployeeBenefitPlanChangeInNetAssetAvailableForBenefitIncreaseDecreaseForIncomeLossOnInvestmentAbstract' xlink:to='loc_EmployeeBenefitPlanChangeInNetAssetAvailableForBenefitIncreaseDecreaseForIncomeLossOnInvestment' xlink:type='arc' />
  </link:presentationLink>
</link:linkbase>
