<?xml version='1.0' encoding='UTF-8'?>

<!--
(c) 2010-2024 Financial Accounting Foundation; (c) 2007-2010 XBRL US, Inc.  All Rights Reserved.
Notice: Authorized Uses are Set Forth at https://xbrl.fasb.org/terms/TaxonomiesTermsConditions.html
  -->
<link:linkbase xmlns:link='http://www.xbrl.org/2003/linkbase' xmlns:xlink='http://www.w3.org/1999/xlink' xmlns:xsi='http://www.w3.org/2001/XMLSchema-instance' xsi:schemaLocation='http://www.xbrl.org/2003/linkbase http://www.xbrl.org/2003/xbrl-linkbase-2003-12-31.xsd'>
  <link:roleRef roleURI='http://fasb.org/us-gaap/role/disclosure/EBPContribution' xlink:href='../../elts/us-roles-2024.xsd#ebp-contr' xlink:type='simple' />
  <link:presentationLink xlink:role='http://fasb.org/us-gaap/role/disclosure/EBPContribution' xlink:type='extended'>
    <link:loc xlink:href='../elts/us-gaap-ebp-2024.xsd#us-gaap-ebp_EmployeeBenefitPlanContributionAbstract' xlink:label='loc_EmployeeBenefitPlanContributionAbstract' xlink:type='locator' />
    <link:loc xlink:href='../elts/us-gaap-ebp-2024.xsd#us-gaap-ebp_EmployeeBenefitPlanContributionTable' xlink:label='loc_EmployeeBenefitPlanContributionTable' xlink:type='locator' />
    <link:loc xlink:href='https://xbrl.sec.gov/dei/2024/dei-2024.xsd#dei_LegalEntityAxis' xlink:label='loc_LegalEntityAxis' xlink:type='locator' />
    <link:loc xlink:href='../elts/us-gaap-ebp-2024.xsd#us-gaap-ebp_UseLegalEntityAxisOnEveryXbrlFactTaggedWhenPlanSponsorHasMultipleEmployeeBenefitPlanFilingsInSamePlanYearGuidance' xlink:label='loc_UseLegalEntityAxisOnEveryXbrlFactTaggedWhenPlanSponsorHasMultipleEmployeeBenefitPlanFilingsInSamePlanYearGuidance' xlink:type='locator' />
    <link:loc xlink:href='https://xbrl.sec.gov/dei/2024/dei-2024.xsd#dei_EntityDomain' xlink:label='loc_EntityDomain' xlink:type='locator' />
    <link:loc xlink:href='../elts/us-gaap-ebp-2024.xsd#us-gaap-ebp_CreatePlanSpecificMemberWithLegalEntityAxisForEmployeeBenefitPlanFilingInFollowingFormatEbpEmployerIdentificationNumbePlanNumberForExampleEbpMemberGuidance' xlink:label='loc_CreatePlanSpecificMemberWithLegalEntityAxisForEmployeeBenefitPlanFilingInFollowingFormatEbpEmployerIdentificationNumbePlanNumberForExampleEbpMemberGuidance' xlink:type='locator' />
    <link:loc xlink:href='../elts/us-gaap-ebp-2024.xsd#us-gaap-ebp_EmployeeBenefitPlanContributionParticipatingEmployerAxis' xlink:label='loc_EmployeeBenefitPlanContributionParticipatingEmployerAxis' xlink:type='locator' />
    <link:loc xlink:href='../elts/us-gaap-ebp-2024.xsd#us-gaap-ebp_EmployeeBenefitPlanContributionParticipatingEmployerDomain' xlink:label='loc_EmployeeBenefitPlanContributionParticipatingEmployerDomain' xlink:type='locator' />
    <link:loc xlink:href='../elts/us-gaap-ebp-2024.xsd#us-gaap-ebp_EmployeeBenefitPlanContributionLineItems' xlink:label='loc_EmployeeBenefitPlanContributionLineItems' xlink:type='locator' />
    <link:loc xlink:href='../elts/us-gaap-ebp-2024.xsd#us-gaap-ebp_EmployeeBenefitPlanContributionTextBlock' xlink:label='loc_EmployeeBenefitPlanContributionTextBlock' xlink:type='locator' />
    <link:loc xlink:href='../elts/us-gaap-ebp-2024.xsd#us-gaap-ebp_EmployeeBenefitPlanContributionTableTextBlock' xlink:label='loc_EmployeeBenefitPlanContributionTableTextBlock' xlink:type='locator' />
    <link:loc xlink:href='../elts/us-gaap-ebp-2024.xsd#us-gaap-ebp_EmployeeBenefitPlanContributionPolicyTextBlock' xlink:label='loc_EmployeeBenefitPlanContributionPolicyTextBlock' xlink:type='locator' />
    <link:loc xlink:href='../elts/us-gaap-ebp-2024.xsd#us-gaap-ebp_EmployeeBenefitPlanChangeInNetAssetAvailableForBenefitIncreaseForContributionAbstract' xlink:label='loc_EmployeeBenefitPlanChangeInNetAssetAvailableForBenefitIncreaseForContributionAbstract' xlink:type='locator' />
    <link:loc xlink:href='../elts/us-gaap-ebp-2024.xsd#us-gaap-ebp_EmployeeBenefitPlanChangeInNetAssetAvailableForBenefitIncreaseForEmployerContributionAbstract' xlink:label='loc_EmployeeBenefitPlanChangeInNetAssetAvailableForBenefitIncreaseForEmployerContributionAbstract' xlink:type='locator' />
    <link:loc xlink:href='../elts/us-gaap-ebp-2024.xsd#us-gaap-ebp_EmployeeBenefitPlanChangeInNetAssetAvailableForBenefitIncreaseForEmployerContributionCash' xlink:label='loc_EmployeeBenefitPlanChangeInNetAssetAvailableForBenefitIncreaseForEmployerContributionCash' xlink:type='locator' />
    <link:loc xlink:href='../elts/us-gaap-ebp-2024.xsd#us-gaap-ebp_EmployeeBenefitPlanChangeInNetAssetAvailableForBenefitIncreaseForEmployerContributionNoncash' xlink:label='loc_EmployeeBenefitPlanChangeInNetAssetAvailableForBenefitIncreaseForEmployerContributionNoncash' xlink:type='locator' />
    <link:loc xlink:href='../elts/us-gaap-ebp-2024.xsd#us-gaap-ebp_EmployeeBenefitPlanEmployerContributionNoncashDescription' xlink:label='loc_EmployeeBenefitPlanEmployerContributionNoncashDescription' xlink:type='locator' />
    <link:loc xlink:href='../elts/us-gaap-ebp-2024.xsd#us-gaap-ebp_EmployeeBenefitPlanChangeInNetAssetAvailableForBenefitIncreaseForEmployerContribution' xlink:label='loc_EmployeeBenefitPlanChangeInNetAssetAvailableForBenefitIncreaseForEmployerContribution' xlink:type='locator' />
    <link:loc xlink:href='../elts/us-gaap-ebp-2024.xsd#us-gaap-ebp_EmployeeBenefitPlanChangeInNetAssetAvailableForBenefitIncreaseForParticipantContributionAbstract' xlink:label='loc_EmployeeBenefitPlanChangeInNetAssetAvailableForBenefitIncreaseForParticipantContributionAbstract' xlink:type='locator' />
    <link:loc xlink:href='../elts/us-gaap-ebp-2024.xsd#us-gaap-ebp_EmployeeBenefitPlanChangeInNetAssetAvailableForBenefitIncreaseForParticipantContributionExcludingRollover' xlink:label='loc_EmployeeBenefitPlanChangeInNetAssetAvailableForBenefitIncreaseForParticipantContributionExcludingRollover' xlink:type='locator' />
    <link:loc xlink:href='../elts/us-gaap-ebp-2024.xsd#us-gaap-ebp_EmployeeBenefitPlanChangeInNetAssetAvailableForBenefitIncreaseForParticipantContributionRollover' xlink:label='loc_EmployeeBenefitPlanChangeInNetAssetAvailableForBenefitIncreaseForParticipantContributionRollover' xlink:type='locator' />
    <link:loc xlink:href='../elts/us-gaap-ebp-2024.xsd#us-gaap-ebp_EmployeeBenefitPlanChangeInNetAssetAvailableForBenefitIncreaseForParticipantContribution' xlink:label='loc_EmployeeBenefitPlanChangeInNetAssetAvailableForBenefitIncreaseForParticipantContribution' xlink:type='locator' />
    <link:loc xlink:href='../elts/us-gaap-ebp-2024.xsd#us-gaap-ebp_EmployeeBenefitPlanChangeInNetAssetAvailableForBenefitIncreaseForContribution' xlink:label='loc_EmployeeBenefitPlanChangeInNetAssetAvailableForBenefitIncreaseForContribution' xlink:type='locator' />
    <link:presentationArc order='10' xlink:arcrole='http://www.xbrl.org/2003/arcrole/parent-child' xlink:from='loc_EmployeeBenefitPlanContributionAbstract' xlink:to='loc_EmployeeBenefitPlanContributionTable' xlink:type='arc' />
    <link:presentationArc order='10' xlink:arcrole='http://www.xbrl.org/2003/arcrole/parent-child' xlink:from='loc_EmployeeBenefitPlanContributionTable' xlink:to='loc_LegalEntityAxis' xlink:type='arc' />
    <link:presentationArc order='10' xlink:arcrole='http://www.xbrl.org/2003/arcrole/parent-child' xlink:from='loc_LegalEntityAxis' xlink:to='loc_UseLegalEntityAxisOnEveryXbrlFactTaggedWhenPlanSponsorHasMultipleEmployeeBenefitPlanFilingsInSamePlanYearGuidance' xlink:type='arc' />
    <link:presentationArc order='20' xlink:arcrole='http://www.xbrl.org/2003/arcrole/parent-child' xlink:from='loc_LegalEntityAxis' xlink:to='loc_EntityDomain' xlink:type='arc' />
    <link:presentationArc order='10' xlink:arcrole='http://www.xbrl.org/2003/arcrole/parent-child' xlink:from='loc_EntityDomain' xlink:to='loc_CreatePlanSpecificMemberWithLegalEntityAxisForEmployeeBenefitPlanFilingInFollowingFormatEbpEmployerIdentificationNumbePlanNumberForExampleEbpMemberGuidance' xlink:type='arc' />
    <link:presentationArc order='20' xlink:arcrole='http://www.xbrl.org/2003/arcrole/parent-child' xlink:from='loc_EmployeeBenefitPlanContributionTable' xlink:to='loc_EmployeeBenefitPlanContributionParticipatingEmployerAxis' xlink:type='arc' />
    <link:presentationArc order='10' xlink:arcrole='http://www.xbrl.org/2003/arcrole/parent-child' xlink:from='loc_EmployeeBenefitPlanContributionParticipatingEmployerAxis' xlink:to='loc_EmployeeBenefitPlanContributionParticipatingEmployerDomain' xlink:type='arc' />
    <link:presentationArc order='30' xlink:arcrole='http://www.xbrl.org/2003/arcrole/parent-child' xlink:from='loc_EmployeeBenefitPlanContributionTable' xlink:to='loc_EmployeeBenefitPlanContributionLineItems' xlink:type='arc' />
    <link:presentationArc order='10' xlink:arcrole='http://www.xbrl.org/2003/arcrole/parent-child' xlink:from='loc_EmployeeBenefitPlanContributionLineItems' xlink:to='loc_EmployeeBenefitPlanContributionTextBlock' xlink:type='arc' />
    <link:presentationArc order='20' xlink:arcrole='http://www.xbrl.org/2003/arcrole/parent-child' xlink:from='loc_EmployeeBenefitPlanContributionLineItems' xlink:to='loc_EmployeeBenefitPlanContributionTableTextBlock' xlink:type='arc' />
    <link:presentationArc order='30' xlink:arcrole='http://www.xbrl.org/2003/arcrole/parent-child' xlink:from='loc_EmployeeBenefitPlanContributionLineItems' xlink:to='loc_EmployeeBenefitPlanContributionPolicyTextBlock' xlink:type='arc' />
    <link:presentationArc order='40' xlink:arcrole='http://www.xbrl.org/2003/arcrole/parent-child' xlink:from='loc_EmployeeBenefitPlanContributionLineItems' xlink:to='loc_EmployeeBenefitPlanChangeInNetAssetAvailableForBenefitIncreaseForContributionAbstract' xlink:type='arc' />
    <link:presentationArc order='10' xlink:arcrole='http://www.xbrl.org/2003/arcrole/parent-child' xlink:from='loc_EmployeeBenefitPlanChangeInNetAssetAvailableForBenefitIncreaseForContributionAbstract' xlink:to='loc_EmployeeBenefitPlanChangeInNetAssetAvailableForBenefitIncreaseForEmployerContributionAbstract' xlink:type='arc' />
    <link:presentationArc order='10' xlink:arcrole='http://www.xbrl.org/2003/arcrole/parent-child' xlink:from='loc_EmployeeBenefitPlanChangeInNetAssetAvailableForBenefitIncreaseForEmployerContributionAbstract' xlink:to='loc_EmployeeBenefitPlanChangeInNetAssetAvailableForBenefitIncreaseForEmployerContributionCash' xlink:type='arc' />
    <link:presentationArc order='20' xlink:arcrole='http://www.xbrl.org/2003/arcrole/parent-child' xlink:from='loc_EmployeeBenefitPlanChangeInNetAssetAvailableForBenefitIncreaseForEmployerContributionAbstract' xlink:to='loc_EmployeeBenefitPlanChangeInNetAssetAvailableForBenefitIncreaseForEmployerContributionNoncash' xlink:type='arc' />
    <link:presentationArc order='10' xlink:arcrole='http://www.xbrl.org/2003/arcrole/parent-child' xlink:from='loc_EmployeeBenefitPlanChangeInNetAssetAvailableForBenefitIncreaseForEmployerContributionNoncash' xlink:to='loc_EmployeeBenefitPlanEmployerContributionNoncashDescription' xlink:type='arc' />
    <link:presentationArc order='30' preferredLabel='http://www.xbrl.org/2003/role/totalLabel' xlink:arcrole='http://www.xbrl.org/2003/arcrole/parent-child' xlink:from='loc_EmployeeBenefitPlanChangeInNetAssetAvailableForBenefitIncreaseForEmployerContributionAbstract' xlink:to='loc_EmployeeBenefitPlanChangeInNetAssetAvailableForBenefitIncreaseForEmployerContribution' xlink:type='arc' />
    <link:presentationArc order='20' xlink:arcrole='http://www.xbrl.org/2003/arcrole/parent-child' xlink:from='loc_EmployeeBenefitPlanChangeInNetAssetAvailableForBenefitIncreaseForContributionAbstract' xlink:to='loc_EmployeeBenefitPlanChangeInNetAssetAvailableForBenefitIncreaseForParticipantContributionAbstract' xlink:type='arc' />
    <link:presentationArc order='10' xlink:arcrole='http://www.xbrl.org/2003/arcrole/parent-child' xlink:from='loc_EmployeeBenefitPlanChangeInNetAssetAvailableForBenefitIncreaseForParticipantContributionAbstract' xlink:to='loc_EmployeeBenefitPlanChangeInNetAssetAvailableForBenefitIncreaseForParticipantContributionExcludingRollover' xlink:type='arc' />
    <link:presentationArc order='20' xlink:arcrole='http://www.xbrl.org/2003/arcrole/parent-child' xlink:from='loc_EmployeeBenefitPlanChangeInNetAssetAvailableForBenefitIncreaseForParticipantContributionAbstract' xlink:to='loc_EmployeeBenefitPlanChangeInNetAssetAvailableForBenefitIncreaseForParticipantContributionRollover' xlink:type='arc' />
    <link:presentationArc order='30' preferredLabel='http://www.xbrl.org/2003/role/totalLabel' xlink:arcrole='http://www.xbrl.org/2003/arcrole/parent-child' xlink:from='loc_EmployeeBenefitPlanChangeInNetAssetAvailableForBenefitIncreaseForParticipantContributionAbstract' xlink:to='loc_EmployeeBenefitPlanChangeInNetAssetAvailableForBenefitIncreaseForParticipantContribution' xlink:type='arc' />
    <link:presentationArc order='30' preferredLabel='http://www.xbrl.org/2003/role/totalLabel' xlink:arcrole='http://www.xbrl.org/2003/arcrole/parent-child' xlink:from='loc_EmployeeBenefitPlanChangeInNetAssetAvailableForBenefitIncreaseForContributionAbstract' xlink:to='loc_EmployeeBenefitPlanChangeInNetAssetAvailableForBenefitIncreaseForContribution' xlink:type='arc' />
  </link:presentationLink>
</link:linkbase>
