<?xml version='1.0' encoding='UTF-8'?>

<!--
(c) 2010-2024 Financial Accounting Foundation; (c) 2007-2010 XBRL US, Inc.  All Rights Reserved.
Notice: Authorized Uses are Set Forth at https://xbrl.fasb.org/terms/TaxonomiesTermsConditions.html
  -->
<link:linkbase xmlns:link='http://www.xbrl.org/2003/linkbase' xmlns:xbrldt='http://xbrl.org/2005/xbrldt' xmlns:xlink='http://www.w3.org/1999/xlink' xmlns:xsi='http://www.w3.org/2001/XMLSchema-instance' xsi:schemaLocation='http://www.xbrl.org/2003/linkbase http://www.xbrl.org/2003/xbrl-linkbase-2003-12-31.xsd'>
  <link:roleRef roleURI='http://fasb.org/us-gaap/role/disclosure/EBPDebtEmployeeBenefitPlanDebtTable' xlink:href='../../elts/us-roles-2024.xsd#EBPDebtEmployeeBenefitPlanDebtTable' xlink:type='simple' />
  <link:arcroleRef arcroleURI='http://xbrl.org/int/dim/arcrole/all' xlink:href='http://www.xbrl.org/2005/xbrldt-2005.xsd#all' xlink:type='simple' />
  <link:arcroleRef arcroleURI='http://xbrl.org/int/dim/arcrole/hypercube-dimension' xlink:href='http://www.xbrl.org/2005/xbrldt-2005.xsd#hypercube-dimension' xlink:type='simple' />
  <link:arcroleRef arcroleURI='http://xbrl.org/int/dim/arcrole/dimension-domain' xlink:href='http://www.xbrl.org/2005/xbrldt-2005.xsd#dimension-domain' xlink:type='simple' />
  <link:arcroleRef arcroleURI='http://xbrl.org/int/dim/arcrole/dimension-default' xlink:href='http://www.xbrl.org/2005/xbrldt-2005.xsd#dimension-default' xlink:type='simple' />
  <link:arcroleRef arcroleURI='http://xbrl.org/int/dim/arcrole/domain-member' xlink:href='http://www.xbrl.org/2005/xbrldt-2005.xsd#domain-member' xlink:type='simple' />
  <link:definitionLink xlink:role='http://fasb.org/us-gaap/role/disclosure/EBPDebtEmployeeBenefitPlanDebtTable' xlink:type='extended'>
    <link:loc xlink:href='../elts/us-gaap-ebp-2024.xsd#us-gaap-ebp_EmployeeBenefitPlanDebtTable' xlink:label='loc_EmployeeBenefitPlanDebtTable' xlink:type='locator' />
    <link:loc xlink:href='../elts/us-gaap-ebp-2024.xsd#us-gaap-ebp_EmployeeBenefitPlanDebtLineItems' xlink:label='loc_EmployeeBenefitPlanDebtLineItems' xlink:type='locator' />
    <link:definitionArc order='1.0' xbrldt:closed='true' xbrldt:contextElement='segment' xlink:arcrole='http://xbrl.org/int/dim/arcrole/all' xlink:from='loc_EmployeeBenefitPlanDebtLineItems' xlink:to='loc_EmployeeBenefitPlanDebtTable' xlink:type='arc' />
  </link:definitionLink>
  <link:definitionLink xlink:role='http://fasb.org/us-gaap/role/disclosure/EBPDebtEmployeeBenefitPlanDebtTable' xlink:type='extended'>
    <link:loc xlink:href='../elts/us-gaap-ebp-2024.xsd#us-gaap-ebp_EmployeeBenefitPlanDebtTable' xlink:label='loc_EmployeeBenefitPlanDebtTable' xlink:type='locator' />
    <link:loc xlink:href='https://xbrl.sec.gov/dei/2024/dei-2024.xsd#dei_LegalEntityAxis' xlink:label='loc_LegalEntityAxis' xlink:type='locator' />
    <link:loc xlink:href='../../elts/us-gaap-2024.xsd#us-gaap_DebtInstrumentAxis' xlink:label='loc_DebtInstrumentAxis' xlink:type='locator' />
    <link:definitionArc order='1.0' xlink:arcrole='http://xbrl.org/int/dim/arcrole/hypercube-dimension' xlink:from='loc_EmployeeBenefitPlanDebtTable' xlink:to='loc_LegalEntityAxis' xlink:type='arc' />
    <link:definitionArc order='2.0' xlink:arcrole='http://xbrl.org/int/dim/arcrole/hypercube-dimension' xlink:from='loc_EmployeeBenefitPlanDebtTable' xlink:to='loc_DebtInstrumentAxis' xlink:type='arc' />
  </link:definitionLink>
  <link:definitionLink xlink:role='http://fasb.org/us-gaap/role/disclosure/EBPDebtEmployeeBenefitPlanDebtTable' xlink:type='extended'>
    <link:loc xlink:href='https://xbrl.sec.gov/dei/2024/dei-2024.xsd#dei_LegalEntityAxis' xlink:label='loc_LegalEntityAxis' xlink:type='locator' />
    <link:loc xlink:href='https://xbrl.sec.gov/dei/2024/dei-2024.xsd#dei_EntityDomain' xlink:label='loc_EntityDomain' xlink:type='locator' />
    <link:loc xlink:href='../../elts/us-gaap-2024.xsd#us-gaap_DebtInstrumentAxis' xlink:label='loc_DebtInstrumentAxis' xlink:type='locator' />
    <link:loc xlink:href='../../elts/us-gaap-2024.xsd#us-gaap_DebtInstrumentNameDomain' xlink:label='loc_DebtInstrumentNameDomain' xlink:type='locator' />
    <link:definitionArc order='1.0' xlink:arcrole='http://xbrl.org/int/dim/arcrole/dimension-domain' xlink:from='loc_LegalEntityAxis' xlink:to='loc_EntityDomain' xlink:type='arc' />
    <link:definitionArc order='2.0' xlink:arcrole='http://xbrl.org/int/dim/arcrole/dimension-domain' xlink:from='loc_DebtInstrumentAxis' xlink:to='loc_DebtInstrumentNameDomain' xlink:type='arc' />
  </link:definitionLink>
  <link:definitionLink xlink:role='http://fasb.org/us-gaap/role/disclosure/EBPDebtEmployeeBenefitPlanDebtTable' xlink:type='extended'>
    <link:loc xlink:href='https://xbrl.sec.gov/dei/2024/dei-2024.xsd#dei_LegalEntityAxis' xlink:label='loc_LegalEntityAxis' xlink:type='locator' />
    <link:loc xlink:href='https://xbrl.sec.gov/dei/2024/dei-2024.xsd#dei_EntityDomain' xlink:label='loc_EntityDomain' xlink:type='locator' />
    <link:loc xlink:href='../../elts/us-gaap-2024.xsd#us-gaap_DebtInstrumentAxis' xlink:label='loc_DebtInstrumentAxis' xlink:type='locator' />
    <link:loc xlink:href='../../elts/us-gaap-2024.xsd#us-gaap_DebtInstrumentNameDomain' xlink:label='loc_DebtInstrumentNameDomain' xlink:type='locator' />
    <link:definitionArc order='1.0' xlink:arcrole='http://xbrl.org/int/dim/arcrole/dimension-default' xlink:from='loc_LegalEntityAxis' xlink:to='loc_EntityDomain' xlink:type='arc' />
    <link:definitionArc order='2.0' xlink:arcrole='http://xbrl.org/int/dim/arcrole/dimension-default' xlink:from='loc_DebtInstrumentAxis' xlink:to='loc_DebtInstrumentNameDomain' xlink:type='arc' />
  </link:definitionLink>
  <link:definitionLink xlink:role='http://fasb.org/us-gaap/role/disclosure/EBPDebtEmployeeBenefitPlanDebtTable' xlink:type='extended'>
    <link:loc xlink:href='../elts/us-gaap-ebp-2024.xsd#us-gaap-ebp_EmployeeBenefitPlanDebtLineItems' xlink:label='loc_EmployeeBenefitPlanDebtLineItems' xlink:type='locator' />
    <link:loc xlink:href='../elts/us-gaap-ebp-2024.xsd#us-gaap-ebp_EmployeeBenefitPlanDebtTextBlock' xlink:label='loc_EmployeeBenefitPlanDebtTextBlock' xlink:type='locator' />
    <link:loc xlink:href='../elts/us-gaap-ebp-2024.xsd#us-gaap-ebp_EmployeeBenefitPlanDebtTableTextBlock' xlink:label='loc_EmployeeBenefitPlanDebtTableTextBlock' xlink:type='locator' />
    <link:loc xlink:href='../elts/us-gaap-ebp-2024.xsd#us-gaap-ebp_EmployeeBenefitPlanDebtMaturityAbstract' xlink:label='loc_EmployeeBenefitPlanDebtMaturityAbstract' xlink:type='locator' />
    <link:loc xlink:href='../elts/us-gaap-ebp-2024.xsd#us-gaap-ebp_EmployeeBenefitPlanDebtYearOne' xlink:label='loc_EmployeeBenefitPlanDebtYearOne' xlink:type='locator' />
    <link:loc xlink:href='../elts/us-gaap-ebp-2024.xsd#us-gaap-ebp_EmployeeBenefitPlanDebtYearTwo' xlink:label='loc_EmployeeBenefitPlanDebtYearTwo' xlink:type='locator' />
    <link:loc xlink:href='../elts/us-gaap-ebp-2024.xsd#us-gaap-ebp_EmployeeBenefitPlanDebtYearThree' xlink:label='loc_EmployeeBenefitPlanDebtYearThree' xlink:type='locator' />
    <link:loc xlink:href='../elts/us-gaap-ebp-2024.xsd#us-gaap-ebp_EmployeeBenefitPlanDebtYearFour' xlink:label='loc_EmployeeBenefitPlanDebtYearFour' xlink:type='locator' />
    <link:loc xlink:href='../elts/us-gaap-ebp-2024.xsd#us-gaap-ebp_EmployeeBenefitPlanDebtYearFive' xlink:label='loc_EmployeeBenefitPlanDebtYearFive' xlink:type='locator' />
    <link:loc xlink:href='../elts/us-gaap-ebp-2024.xsd#us-gaap-ebp_EmployeeBenefitPlanDebtAfterYearFive' xlink:label='loc_EmployeeBenefitPlanDebtAfterYearFive' xlink:type='locator' />
    <link:loc xlink:href='../elts/us-gaap-ebp-2024.xsd#us-gaap-ebp_EmployeeBenefitPlanDebt' xlink:label='loc_EmployeeBenefitPlanDebt' xlink:type='locator' />
    <link:loc xlink:href='../elts/us-gaap-ebp-2024.xsd#us-gaap-ebp_EmployeeBenefitPlanDebtInterestRate' xlink:label='loc_EmployeeBenefitPlanDebtInterestRate' xlink:type='locator' />
    <link:loc xlink:href='../elts/us-gaap-ebp-2024.xsd#us-gaap-ebp_EmployeeBenefitPlanDebtMaturityDate' xlink:label='loc_EmployeeBenefitPlanDebtMaturityDate' xlink:type='locator' />
    <link:loc xlink:href='../elts/us-gaap-ebp-2024.xsd#us-gaap-ebp_EmployeeBenefitPlanDebtNumberOfSharesReleasedForEsop' xlink:label='loc_EmployeeBenefitPlanDebtNumberOfSharesReleasedForEsop' xlink:type='locator' />
    <link:loc xlink:href='../elts/us-gaap-ebp-2024.xsd#us-gaap-ebp_EmployeeBenefitPlanDebtGuaranteeDescription' xlink:label='loc_EmployeeBenefitPlanDebtGuaranteeDescription' xlink:type='locator' />
    <link:definitionArc order='1.0' xlink:arcrole='http://xbrl.org/int/dim/arcrole/domain-member' xlink:from='loc_EmployeeBenefitPlanDebtLineItems' xlink:to='loc_EmployeeBenefitPlanDebtTextBlock' xlink:type='arc' />
    <link:definitionArc order='2.0' xlink:arcrole='http://xbrl.org/int/dim/arcrole/domain-member' xlink:from='loc_EmployeeBenefitPlanDebtLineItems' xlink:to='loc_EmployeeBenefitPlanDebtTableTextBlock' xlink:type='arc' />
    <link:definitionArc order='3.0' xlink:arcrole='http://xbrl.org/int/dim/arcrole/domain-member' xlink:from='loc_EmployeeBenefitPlanDebtLineItems' xlink:to='loc_EmployeeBenefitPlanDebtMaturityAbstract' xlink:type='arc' />
    <link:definitionArc order='4.0' xlink:arcrole='http://xbrl.org/int/dim/arcrole/domain-member' xlink:from='loc_EmployeeBenefitPlanDebtMaturityAbstract' xlink:to='loc_EmployeeBenefitPlanDebtYearOne' xlink:type='arc' />
    <link:definitionArc order='5.0' xlink:arcrole='http://xbrl.org/int/dim/arcrole/domain-member' xlink:from='loc_EmployeeBenefitPlanDebtMaturityAbstract' xlink:to='loc_EmployeeBenefitPlanDebtYearTwo' xlink:type='arc' />
    <link:definitionArc order='6.0' xlink:arcrole='http://xbrl.org/int/dim/arcrole/domain-member' xlink:from='loc_EmployeeBenefitPlanDebtMaturityAbstract' xlink:to='loc_EmployeeBenefitPlanDebtYearThree' xlink:type='arc' />
    <link:definitionArc order='7.0' xlink:arcrole='http://xbrl.org/int/dim/arcrole/domain-member' xlink:from='loc_EmployeeBenefitPlanDebtMaturityAbstract' xlink:to='loc_EmployeeBenefitPlanDebtYearFour' xlink:type='arc' />
    <link:definitionArc order='8.0' xlink:arcrole='http://xbrl.org/int/dim/arcrole/domain-member' xlink:from='loc_EmployeeBenefitPlanDebtMaturityAbstract' xlink:to='loc_EmployeeBenefitPlanDebtYearFive' xlink:type='arc' />
    <link:definitionArc order='9.0' xlink:arcrole='http://xbrl.org/int/dim/arcrole/domain-member' xlink:from='loc_EmployeeBenefitPlanDebtMaturityAbstract' xlink:to='loc_EmployeeBenefitPlanDebtAfterYearFive' xlink:type='arc' />
    <link:definitionArc order='10.0' xlink:arcrole='http://xbrl.org/int/dim/arcrole/domain-member' xlink:from='loc_EmployeeBenefitPlanDebtMaturityAbstract' xlink:to='loc_EmployeeBenefitPlanDebt' xlink:type='arc' />
    <link:definitionArc order='11.0' xlink:arcrole='http://xbrl.org/int/dim/arcrole/domain-member' xlink:from='loc_EmployeeBenefitPlanDebtLineItems' xlink:to='loc_EmployeeBenefitPlanDebtInterestRate' xlink:type='arc' />
    <link:definitionArc order='12.0' xlink:arcrole='http://xbrl.org/int/dim/arcrole/domain-member' xlink:from='loc_EmployeeBenefitPlanDebtLineItems' xlink:to='loc_EmployeeBenefitPlanDebtMaturityDate' xlink:type='arc' />
    <link:definitionArc order='13.0' xlink:arcrole='http://xbrl.org/int/dim/arcrole/domain-member' xlink:from='loc_EmployeeBenefitPlanDebtLineItems' xlink:to='loc_EmployeeBenefitPlanDebtNumberOfSharesReleasedForEsop' xlink:type='arc' />
    <link:definitionArc order='14.0' xlink:arcrole='http://xbrl.org/int/dim/arcrole/domain-member' xlink:from='loc_EmployeeBenefitPlanDebtLineItems' xlink:to='loc_EmployeeBenefitPlanDebtGuaranteeDescription' xlink:type='arc' />
  </link:definitionLink>
</link:linkbase>
