<?xml version='1.0' encoding='UTF-8'?>

<!--
(c) 2010-2024 Financial Accounting Foundation; (c) 2007-2010 XBRL US, Inc.  All Rights Reserved.
Notice: Authorized Uses are Set Forth at https://xbrl.fasb.org/terms/TaxonomiesTermsConditions.html
  -->
<link:linkbase xmlns:link='http://www.xbrl.org/2003/linkbase' xmlns:xlink='http://www.w3.org/1999/xlink' xmlns:xsi='http://www.w3.org/2001/XMLSchema-instance' xsi:schemaLocation='http://www.xbrl.org/2003/linkbase http://www.xbrl.org/2003/xbrl-linkbase-2003-12-31.xsd'>
  <link:roleRef roleURI='http://fasb.org/us-gaap/role/disclosure/EBPFairValueNetAssetValuePracticalExpedient' xlink:href='../../elts/us-roles-2024.xsd#ebp-fvnav' xlink:type='simple' />
  <link:presentationLink xlink:role='http://fasb.org/us-gaap/role/disclosure/EBPFairValueNetAssetValuePracticalExpedient' xlink:type='extended'>
    <link:loc xlink:href='../elts/us-gaap-ebp-2024.xsd#us-gaap-ebp_EmployeeBenefitPlanInvestmentFairValueAndNavAbstract' xlink:label='loc_EmployeeBenefitPlanInvestmentFairValueAndNavAbstract' xlink:type='locator' />
    <link:loc xlink:href='../elts/us-gaap-ebp-2024.xsd#us-gaap-ebp_EmployeeBenefitPlanInvestmentFairValueAndNavTable' xlink:label='loc_EmployeeBenefitPlanInvestmentFairValueAndNavTable' xlink:type='locator' />
    <link:loc xlink:href='https://xbrl.sec.gov/dei/2024/dei-2024.xsd#dei_LegalEntityAxis' xlink:label='loc_LegalEntityAxis' xlink:type='locator' />
    <link:loc xlink:href='../elts/us-gaap-ebp-2024.xsd#us-gaap-ebp_UseLegalEntityAxisOnEveryXbrlFactTaggedWhenPlanSponsorHasMultipleEmployeeBenefitPlanFilingsInSamePlanYearGuidance' xlink:label='loc_UseLegalEntityAxisOnEveryXbrlFactTaggedWhenPlanSponsorHasMultipleEmployeeBenefitPlanFilingsInSamePlanYearGuidance' xlink:type='locator' />
    <link:loc xlink:href='https://xbrl.sec.gov/dei/2024/dei-2024.xsd#dei_EntityDomain' xlink:label='loc_EntityDomain' xlink:type='locator' />
    <link:loc xlink:href='../elts/us-gaap-ebp-2024.xsd#us-gaap-ebp_CreatePlanSpecificMemberWithLegalEntityAxisForEmployeeBenefitPlanFilingInFollowingFormatEbpEmployerIdentificationNumbePlanNumberForExampleEbpMemberGuidance' xlink:label='loc_CreatePlanSpecificMemberWithLegalEntityAxisForEmployeeBenefitPlanFilingInFollowingFormatEbpEmployerIdentificationNumbePlanNumberForExampleEbpMemberGuidance' xlink:type='locator' />
    <link:loc xlink:href='../../elts/us-gaap-2024.xsd#us-gaap_FairValueByFairValueHierarchyLevelAxis' xlink:label='loc_FairValueByFairValueHierarchyLevelAxis' xlink:type='locator' />
    <link:loc xlink:href='../../elts/us-gaap-2024.xsd#us-gaap_FairValueMeasurementsFairValueHierarchyDomain' xlink:label='loc_FairValueMeasurementsFairValueHierarchyDomain' xlink:type='locator' />
    <link:loc xlink:href='../../elts/us-gaap-2024.xsd#us-gaap_FairValueInputsLevel12And3Member' xlink:label='loc_FairValueInputsLevel12And3Member' xlink:type='locator' />
    <link:loc xlink:href='../../elts/us-gaap-2024.xsd#us-gaap_FairValueInputsLevel1Member' xlink:label='loc_FairValueInputsLevel1Member' xlink:type='locator' />
    <link:loc xlink:href='../../elts/us-gaap-2024.xsd#us-gaap_FairValueInputsLevel2Member' xlink:label='loc_FairValueInputsLevel2Member' xlink:type='locator' />
    <link:loc xlink:href='../../elts/us-gaap-2024.xsd#us-gaap_FairValueInputsLevel3Member' xlink:label='loc_FairValueInputsLevel3Member' xlink:type='locator' />
    <link:loc xlink:href='../../elts/us-gaap-2024.xsd#us-gaap_FairValueMeasuredAtNetAssetValuePerShareMember' xlink:label='loc_FairValueMeasuredAtNetAssetValuePerShareMember' xlink:type='locator' />
    <link:loc xlink:href='../../elts/us-gaap-2024.xsd#us-gaap_InvestmentTypeAxis' xlink:label='loc_InvestmentTypeAxis' xlink:type='locator' />
    <link:loc xlink:href='../../elts/us-gaap-2024.xsd#us-gaap_InvestmentTypeCategorizationMember' xlink:label='loc_InvestmentTypeCategorizationMember' xlink:type='locator' />
    <link:loc xlink:href='../../elts/us-gaap-2024.xsd#us-gaap_InterestBearingDepositsMember' xlink:label='loc_InterestBearingDepositsMember' xlink:type='locator' />
    <link:loc xlink:href='../../elts/us-gaap-2024.xsd#us-gaap_CertificatesOfDepositMember' xlink:label='loc_CertificatesOfDepositMember' xlink:type='locator' />
    <link:loc xlink:href='../../elts/us-gaap-2024.xsd#us-gaap_MoneyMarketFundsMember' xlink:label='loc_MoneyMarketFundsMember' xlink:type='locator' />
    <link:loc xlink:href='../../elts/us-gaap-2024.xsd#us-gaap_CommercialPaperMember' xlink:label='loc_CommercialPaperMember' xlink:type='locator' />
    <link:loc xlink:href='../../elts/us-gaap-2024.xsd#us-gaap_FixedIncomeInvestmentsMember' xlink:label='loc_FixedIncomeInvestmentsMember' xlink:type='locator' />
    <link:loc xlink:href='../../elts/us-gaap-2024.xsd#us-gaap_USTreasuryAndGovernmentMember' xlink:label='loc_USTreasuryAndGovernmentMember' xlink:type='locator' />
    <link:loc xlink:href='../../elts/us-gaap-2024.xsd#us-gaap_USTreasurySecuritiesMember' xlink:label='loc_USTreasurySecuritiesMember' xlink:type='locator' />
    <link:loc xlink:href='../../elts/us-gaap-2024.xsd#us-gaap_USTreasuryNotesSecuritiesMember' xlink:label='loc_USTreasuryNotesSecuritiesMember' xlink:type='locator' />
    <link:loc xlink:href='../../elts/us-gaap-2024.xsd#us-gaap_USTreasuryBondSecuritiesMember' xlink:label='loc_USTreasuryBondSecuritiesMember' xlink:type='locator' />
    <link:loc xlink:href='../../elts/us-gaap-2024.xsd#us-gaap_USTreasuryBillSecuritiesMember' xlink:label='loc_USTreasuryBillSecuritiesMember' xlink:type='locator' />
    <link:loc xlink:href='../../elts/us-gaap-2024.xsd#us-gaap_USTreasuryAndGovernmentShorttermDebtSecuritiesMember' xlink:label='loc_USTreasuryAndGovernmentShorttermDebtSecuritiesMember' xlink:type='locator' />
    <link:loc xlink:href='../../elts/us-gaap-2024.xsd#us-gaap_USGovernmentAgenciesShorttermDebtSecuritiesMember' xlink:label='loc_USGovernmentAgenciesShorttermDebtSecuritiesMember' xlink:type='locator' />
    <link:loc xlink:href='../../elts/us-gaap-2024.xsd#us-gaap_AssetBackedSecuritiesMember' xlink:label='loc_AssetBackedSecuritiesMember' xlink:type='locator' />
    <link:loc xlink:href='../../elts/us-gaap-2024.xsd#us-gaap_CollateralizedMortgageObligationsMember' xlink:label='loc_CollateralizedMortgageObligationsMember' xlink:type='locator' />
    <link:loc xlink:href='../../elts/us-gaap-2024.xsd#us-gaap_CorporateDebtSecuritiesMember' xlink:label='loc_CorporateDebtSecuritiesMember' xlink:type='locator' />
    <link:loc xlink:href='../../elts/us-gaap-2024.xsd#us-gaap_CorporateBondSecuritiesMember' xlink:label='loc_CorporateBondSecuritiesMember' xlink:type='locator' />
    <link:loc xlink:href='../../elts/us-gaap-2024.xsd#us-gaap_CorporateNoteSecuritiesMember' xlink:label='loc_CorporateNoteSecuritiesMember' xlink:type='locator' />
    <link:loc xlink:href='../../elts/us-gaap-2024.xsd#us-gaap_ConvertibleDebtSecuritiesMember' xlink:label='loc_ConvertibleDebtSecuritiesMember' xlink:type='locator' />
    <link:loc xlink:href='../../elts/us-gaap-2024.xsd#us-gaap_ShortTermDebtMember' xlink:label='loc_ShortTermDebtMember' xlink:type='locator' />
    <link:loc xlink:href='../../elts/us-gaap-2024.xsd#us-gaap_SeniorNotesMember' xlink:label='loc_SeniorNotesMember' xlink:type='locator' />
    <link:loc xlink:href='../../elts/us-gaap-2024.xsd#us-gaap_SubordinatedDebtMember' xlink:label='loc_SubordinatedDebtMember' xlink:type='locator' />
    <link:loc xlink:href='../../elts/us-gaap-2024.xsd#us-gaap_SeniorSubordinatedNotesMember' xlink:label='loc_SeniorSubordinatedNotesMember' xlink:type='locator' />
    <link:loc xlink:href='../../elts/us-gaap-2024.xsd#us-gaap_SeniorSubordinatedLoansMember' xlink:label='loc_SeniorSubordinatedLoansMember' xlink:type='locator' />
    <link:loc xlink:href='../../elts/us-gaap-2024.xsd#us-gaap_JuniorSubordinatedDebtMember' xlink:label='loc_JuniorSubordinatedDebtMember' xlink:type='locator' />
    <link:loc xlink:href='../../elts/us-gaap-2024.xsd#us-gaap_SovereignDebtSecuritiesMember' xlink:label='loc_SovereignDebtSecuritiesMember' xlink:type='locator' />
    <link:loc xlink:href='../../elts/us-gaap-2024.xsd#us-gaap_EquitySecuritiesMember' xlink:label='loc_EquitySecuritiesMember' xlink:type='locator' />
    <link:loc xlink:href='../../elts/us-gaap-2024.xsd#us-gaap_CommonStockMember' xlink:label='loc_CommonStockMember' xlink:type='locator' />
    <link:loc xlink:href='../elts/us-gaap-ebp-2024.xsd#us-gaap-ebp_EmployeeBenefitPlanEmployerCommonStockMember' xlink:label='loc_EmployeeBenefitPlanEmployerCommonStockMember' xlink:type='locator' />
    <link:loc xlink:href='../elts/us-gaap-ebp-2024.xsd#us-gaap-ebp_EmployeeBenefitPlanEmployerCommonStockClassAMember' xlink:label='loc_EmployeeBenefitPlanEmployerCommonStockClassAMember' xlink:type='locator' />
    <link:loc xlink:href='../elts/us-gaap-ebp-2024.xsd#us-gaap-ebp_EmployeeBenefitPlanEmployerCommonStockClassBMember' xlink:label='loc_EmployeeBenefitPlanEmployerCommonStockClassBMember' xlink:type='locator' />
    <link:loc xlink:href='../elts/us-gaap-ebp-2024.xsd#us-gaap-ebp_EmployeeBenefitPlanEmployerCommonStockFundMember' xlink:label='loc_EmployeeBenefitPlanEmployerCommonStockFundMember' xlink:type='locator' />
    <link:loc xlink:href='../../elts/us-gaap-2024.xsd#us-gaap_PreferredStockMember' xlink:label='loc_PreferredStockMember' xlink:type='locator' />
    <link:loc xlink:href='../elts/us-gaap-ebp-2024.xsd#us-gaap-ebp_EmployeeBenefitPlanEmployerPreferredStockMember' xlink:label='loc_EmployeeBenefitPlanEmployerPreferredStockMember' xlink:type='locator' />
    <link:loc xlink:href='../../elts/us-gaap-2024.xsd#us-gaap_PreferredNonConvertibleStockMember' xlink:label='loc_PreferredNonConvertibleStockMember' xlink:type='locator' />
    <link:loc xlink:href='../../elts/us-gaap-2024.xsd#us-gaap_ConvertiblePreferredStockMember' xlink:label='loc_ConvertiblePreferredStockMember' xlink:type='locator' />
    <link:loc xlink:href='../../elts/us-gaap-2024.xsd#us-gaap_ContingentConvertiblePreferredStockMember' xlink:label='loc_ContingentConvertiblePreferredStockMember' xlink:type='locator' />
    <link:loc xlink:href='../../elts/us-gaap-2024.xsd#us-gaap_NonredeemablePreferredStockMember' xlink:label='loc_NonredeemablePreferredStockMember' xlink:type='locator' />
    <link:loc xlink:href='../../elts/us-gaap-2024.xsd#us-gaap_RedeemablePreferredStockMember' xlink:label='loc_RedeemablePreferredStockMember' xlink:type='locator' />
    <link:loc xlink:href='../../elts/us-gaap-2024.xsd#us-gaap_WarrantMember' xlink:label='loc_WarrantMember' xlink:type='locator' />
    <link:loc xlink:href='../../elts/us-gaap-2024.xsd#us-gaap_PrivateEquityFundsMember' xlink:label='loc_PrivateEquityFundsMember' xlink:type='locator' />
    <link:loc xlink:href='../../elts/us-gaap-2024.xsd#us-gaap_HedgeFundsMember' xlink:label='loc_HedgeFundsMember' xlink:type='locator' />
    <link:loc xlink:href='../../elts/us-gaap-2024.xsd#us-gaap_DefinedBenefitPlanRealEstateMember' xlink:label='loc_DefinedBenefitPlanRealEstateMember' xlink:type='locator' />
    <link:loc xlink:href='../../elts/us-gaap-2024.xsd#us-gaap_DefinedBenefitPlanCommonCollectiveTrustMember' xlink:label='loc_DefinedBenefitPlanCommonCollectiveTrustMember' xlink:type='locator' />
    <link:loc xlink:href='../elts/us-gaap-ebp-2024.xsd#us-gaap-ebp_EmployeeBenefitPlanPooledSeparateAccountMember' xlink:label='loc_EmployeeBenefitPlanPooledSeparateAccountMember' xlink:type='locator' />
    <link:loc xlink:href='../../elts/us-gaap-2024.xsd#us-gaap_MutualFundMember' xlink:label='loc_MutualFundMember' xlink:type='locator' />
    <link:loc xlink:href='../../elts/us-gaap-2024.xsd#us-gaap_EquityFundsMember' xlink:label='loc_EquityFundsMember' xlink:type='locator' />
    <link:loc xlink:href='../../elts/us-gaap-2024.xsd#us-gaap_FixedIncomeFundsMember' xlink:label='loc_FixedIncomeFundsMember' xlink:type='locator' />
    <link:loc xlink:href='../../elts/us-gaap-2024.xsd#us-gaap_BalancedFundsMember' xlink:label='loc_BalancedFundsMember' xlink:type='locator' />
    <link:loc xlink:href='../elts/us-gaap-ebp-2024.xsd#us-gaap-ebp_EmployeeBenefitPlanSelfDirectedBrokerageAccountMember' xlink:label='loc_EmployeeBenefitPlanSelfDirectedBrokerageAccountMember' xlink:type='locator' />
    <link:loc xlink:href='../elts/us-gaap-ebp-2024.xsd#us-gaap-ebp_EmployeeBenefitPlanTraditionalGuaranteedInvestmentContractMember' xlink:label='loc_EmployeeBenefitPlanTraditionalGuaranteedInvestmentContractMember' xlink:type='locator' />
    <link:loc xlink:href='../elts/us-gaap-ebp-2024.xsd#us-gaap-ebp_EmployeeBenefitPlanSyntheticInvestmentContractMember' xlink:label='loc_EmployeeBenefitPlanSyntheticInvestmentContractMember' xlink:type='locator' />
    <link:loc xlink:href='../../elts/us-gaap-2024.xsd#us-gaap_DerivativeMember' xlink:label='loc_DerivativeMember' xlink:type='locator' />
    <link:loc xlink:href='../../elts/us-gaap-2024.xsd#us-gaap_OtherAggregatedInvestmentsMember' xlink:label='loc_OtherAggregatedInvestmentsMember' xlink:type='locator' />
    <link:loc xlink:href='../elts/us-gaap-ebp-2024.xsd#us-gaap-ebp_EmployeeBenefitPlanAllocationStatusAxis' xlink:label='loc_EmployeeBenefitPlanAllocationStatusAxis' xlink:type='locator' />
    <link:loc xlink:href='../elts/us-gaap-ebp-2024.xsd#us-gaap-ebp_EmployeeBenefitPlanAllocationStatusDomain' xlink:label='loc_EmployeeBenefitPlanAllocationStatusDomain' xlink:type='locator' />
    <link:loc xlink:href='../elts/us-gaap-ebp-2024.xsd#us-gaap-ebp_EmployeeBenefitPlanUnallocatedMember' xlink:label='loc_EmployeeBenefitPlanUnallocatedMember' xlink:type='locator' />
    <link:loc xlink:href='../elts/us-gaap-ebp-2024.xsd#us-gaap-ebp_EmployeeBenefitPlanAllocatedMember' xlink:label='loc_EmployeeBenefitPlanAllocatedMember' xlink:type='locator' />
    <link:loc xlink:href='../elts/us-gaap-ebp-2024.xsd#us-gaap-ebp_EmployeeBenefitPlanParticipantDirectedStatusAxis' xlink:label='loc_EmployeeBenefitPlanParticipantDirectedStatusAxis' xlink:type='locator' />
    <link:loc xlink:href='../elts/us-gaap-ebp-2024.xsd#us-gaap-ebp_EmployeeBenefitPlanParticipantDirectedStatusDomain' xlink:label='loc_EmployeeBenefitPlanParticipantDirectedStatusDomain' xlink:type='locator' />
    <link:loc xlink:href='../elts/us-gaap-ebp-2024.xsd#us-gaap-ebp_EmployeeBenefitPlanNonparticipantDirectedMember' xlink:label='loc_EmployeeBenefitPlanNonparticipantDirectedMember' xlink:type='locator' />
    <link:loc xlink:href='../elts/us-gaap-ebp-2024.xsd#us-gaap-ebp_EmployeeBenefitPlanParticipantDirectedMember' xlink:label='loc_EmployeeBenefitPlanParticipantDirectedMember' xlink:type='locator' />
    <link:loc xlink:href='https://xbrl.fasb.org/srt/2024/elts/srt-2024.xsd#srt_RangeAxis' xlink:label='loc_RangeAxis' xlink:type='locator' />
    <link:loc xlink:href='https://xbrl.fasb.org/srt/2024/elts/srt-2024.xsd#srt_RangeMember' xlink:label='loc_RangeMember' xlink:type='locator' />
    <link:loc xlink:href='https://xbrl.fasb.org/srt/2024/elts/srt-2024.xsd#srt_MaximumMember' xlink:label='loc_MaximumMember' xlink:type='locator' />
    <link:loc xlink:href='https://xbrl.fasb.org/srt/2024/elts/srt-2024.xsd#srt_MinimumMember' xlink:label='loc_MinimumMember' xlink:type='locator' />
    <link:loc xlink:href='https://xbrl.fasb.org/srt/2024/elts/srt-2024.xsd#srt_WeightedAverageMember' xlink:label='loc_WeightedAverageMember' xlink:type='locator' />
    <link:loc xlink:href='../elts/us-gaap-ebp-2024.xsd#us-gaap-ebp_EmployeeBenefitPlanInvestmentFairValueAndNavLineItems' xlink:label='loc_EmployeeBenefitPlanInvestmentFairValueAndNavLineItems' xlink:type='locator' />
    <link:loc xlink:href='../elts/us-gaap-ebp-2024.xsd#us-gaap-ebp_EmployeeBenefitPlanInvestmentFairValueAndNavTextBlock' xlink:label='loc_EmployeeBenefitPlanInvestmentFairValueAndNavTextBlock' xlink:type='locator' />
    <link:loc xlink:href='../elts/us-gaap-ebp-2024.xsd#us-gaap-ebp_EmployeeBenefitPlanInvestmentFairValueAndNavTableTextBlock' xlink:label='loc_EmployeeBenefitPlanInvestmentFairValueAndNavTableTextBlock' xlink:type='locator' />
    <link:loc xlink:href='../elts/us-gaap-ebp-2024.xsd#us-gaap-ebp_EmployeeBenefitPlanInvestmentExcludingPlanInterestInMasterTrustFairValue' xlink:label='loc_EmployeeBenefitPlanInvestmentExcludingPlanInterestInMasterTrustFairValue_1' xlink:type='locator' />
    <link:loc xlink:href='../elts/us-gaap-ebp-2024.xsd#us-gaap-ebp_EmployeeBenefitPlanInvestmentExcludingPlanInterestInMasterTrustFairValue' xlink:label='loc_EmployeeBenefitPlanInvestmentExcludingPlanInterestInMasterTrustFairValue' xlink:type='locator' />
    <link:loc xlink:href='../elts/us-gaap-ebp-2024.xsd#us-gaap-ebp_EmployeeBenefitPlanInvestmentExcludingPlanInterestInMasterTrustCost' xlink:label='loc_EmployeeBenefitPlanInvestmentExcludingPlanInterestInMasterTrustCost' xlink:type='locator' />
    <link:loc xlink:href='../elts/us-gaap-ebp-2024.xsd#us-gaap-ebp_EmployeeBenefitPlanInvestmentSoldExcludingPlanInterestInMasterTrustCost' xlink:label='loc_EmployeeBenefitPlanInvestmentSoldExcludingPlanInterestInMasterTrustCost' xlink:type='locator' />
    <link:loc xlink:href='../elts/us-gaap-ebp-2024.xsd#us-gaap-ebp_EmployeeBenefitPlanInvestmentSoldCostBasisExtensibleEnumeration' xlink:label='loc_EmployeeBenefitPlanInvestmentSoldCostBasisExtensibleEnumeration' xlink:type='locator' />
    <link:loc xlink:href='../elts/us-gaap-ebp-2024.xsd#us-gaap-ebp_EmployeeBenefitPlanInvestmentAccumulatedGainLoss' xlink:label='loc_EmployeeBenefitPlanInvestmentAccumulatedGainLoss' xlink:type='locator' />
    <link:loc xlink:href='../elts/us-gaap-ebp-2024.xsd#us-gaap-ebp_EmployeeBenefitPlanInvestmentMeasurementInput' xlink:label='loc_EmployeeBenefitPlanInvestmentMeasurementInput' xlink:type='locator' />
    <link:loc xlink:href='../elts/us-gaap-ebp-2024.xsd#us-gaap-ebp_EmployeeBenefitPlanInvestmentMeasurementInputExtensibleEnumeration' xlink:label='loc_EmployeeBenefitPlanInvestmentMeasurementInputExtensibleEnumeration' xlink:type='locator' />
    <link:loc xlink:href='../../elts/us-gaap-2024.xsd#us-gaap_ForInformationOnUsingExtensibleEnumerationElementsSeeGuideAtLinkInTinPartUriGuidance' xlink:label='loc_ForInformationOnUsingExtensibleEnumerationElementsSeeGuideAtLinkInTinPartUriGuidance' xlink:type='locator' />
    <link:loc xlink:href='../elts/us-gaap-ebp-2024.xsd#us-gaap-ebp_EmployeeBenefitPlanInvestmentValuationTechniqueExtensibleEnumeration' xlink:label='loc_EmployeeBenefitPlanInvestmentValuationTechniqueExtensibleEnumeration' xlink:type='locator' />
    <link:loc xlink:href='../elts/us-gaap-ebp-2024.xsd#us-gaap-ebp_EmployeeBenefitPlanInvestmentLevel3ReconciliationRollForward' xlink:label='loc_EmployeeBenefitPlanInvestmentLevel3ReconciliationRollForward' xlink:type='locator' />
    <link:loc xlink:href='../elts/us-gaap-ebp-2024.xsd#us-gaap-ebp_EmployeeBenefitPlanInvestmentLevel3ReconciliationIncreaseDecreaseForRealizedGainLoss' xlink:label='loc_EmployeeBenefitPlanInvestmentLevel3ReconciliationIncreaseDecreaseForRealizedGainLoss' xlink:type='locator' />
    <link:loc xlink:href='../elts/us-gaap-ebp-2024.xsd#us-gaap-ebp_EmployeeBenefitPlanInvestmentLevel3ReconciliationIncreaseDecreaseForUnrealizedGainLoss' xlink:label='loc_EmployeeBenefitPlanInvestmentLevel3ReconciliationIncreaseDecreaseForUnrealizedGainLoss' xlink:type='locator' />
    <link:loc xlink:href='../elts/us-gaap-ebp-2024.xsd#us-gaap-ebp_EmployeeBenefitPlanInvestmentLevel3ReconciliationIncreaseForPurchase' xlink:label='loc_EmployeeBenefitPlanInvestmentLevel3ReconciliationIncreaseForPurchase' xlink:type='locator' />
    <link:loc xlink:href='../elts/us-gaap-ebp-2024.xsd#us-gaap-ebp_EmployeeBenefitPlanInvestmentLevel3ReconciliationDecreaseForSale' xlink:label='loc_EmployeeBenefitPlanInvestmentLevel3ReconciliationDecreaseForSale' xlink:type='locator' />
    <link:loc xlink:href='../elts/us-gaap-ebp-2024.xsd#us-gaap-ebp_EmployeeBenefitPlanInvestmentLevel3ReconciliationIncreaseForTransferToLevel3' xlink:label='loc_EmployeeBenefitPlanInvestmentLevel3ReconciliationIncreaseForTransferToLevel3' xlink:type='locator' />
    <link:loc xlink:href='../elts/us-gaap-ebp-2024.xsd#us-gaap-ebp_EmployeeBenefitPlanInvestmentLevel3ReconciliationDecreaseForTransferFromLevel3' xlink:label='loc_EmployeeBenefitPlanInvestmentLevel3ReconciliationDecreaseForTransferFromLevel3' xlink:type='locator' />
    <link:loc xlink:href='../elts/us-gaap-ebp-2024.xsd#us-gaap-ebp_EmployeeBenefitPlanInvestmentLevel3ReconciliationPeriodIncreaseDecrease' xlink:label='loc_EmployeeBenefitPlanInvestmentLevel3ReconciliationPeriodIncreaseDecrease' xlink:type='locator' />
    <link:loc xlink:href='../elts/us-gaap-ebp-2024.xsd#us-gaap-ebp_EmployeeBenefitPlanInvestmentNumberOfShares' xlink:label='loc_EmployeeBenefitPlanInvestmentNumberOfShares' xlink:type='locator' />
    <link:loc xlink:href='../elts/us-gaap-ebp-2024.xsd#us-gaap-ebp_EmployeeBenefitPlanNetAssetValuePerShareOrUnit' xlink:label='loc_EmployeeBenefitPlanNetAssetValuePerShareOrUnit' xlink:type='locator' />
    <link:presentationArc order='10' xlink:arcrole='http://www.xbrl.org/2003/arcrole/parent-child' xlink:from='loc_EmployeeBenefitPlanInvestmentFairValueAndNavAbstract' xlink:to='loc_EmployeeBenefitPlanInvestmentFairValueAndNavTable' xlink:type='arc' />
    <link:presentationArc order='10' xlink:arcrole='http://www.xbrl.org/2003/arcrole/parent-child' xlink:from='loc_EmployeeBenefitPlanInvestmentFairValueAndNavTable' xlink:to='loc_LegalEntityAxis' xlink:type='arc' />
    <link:presentationArc order='10' xlink:arcrole='http://www.xbrl.org/2003/arcrole/parent-child' xlink:from='loc_LegalEntityAxis' xlink:to='loc_UseLegalEntityAxisOnEveryXbrlFactTaggedWhenPlanSponsorHasMultipleEmployeeBenefitPlanFilingsInSamePlanYearGuidance' xlink:type='arc' />
    <link:presentationArc order='20' xlink:arcrole='http://www.xbrl.org/2003/arcrole/parent-child' xlink:from='loc_LegalEntityAxis' xlink:to='loc_EntityDomain' xlink:type='arc' />
    <link:presentationArc order='10' xlink:arcrole='http://www.xbrl.org/2003/arcrole/parent-child' xlink:from='loc_EntityDomain' xlink:to='loc_CreatePlanSpecificMemberWithLegalEntityAxisForEmployeeBenefitPlanFilingInFollowingFormatEbpEmployerIdentificationNumbePlanNumberForExampleEbpMemberGuidance' xlink:type='arc' />
    <link:presentationArc order='20' xlink:arcrole='http://www.xbrl.org/2003/arcrole/parent-child' xlink:from='loc_EmployeeBenefitPlanInvestmentFairValueAndNavTable' xlink:to='loc_FairValueByFairValueHierarchyLevelAxis' xlink:type='arc' />
    <link:presentationArc order='10' xlink:arcrole='http://www.xbrl.org/2003/arcrole/parent-child' xlink:from='loc_FairValueByFairValueHierarchyLevelAxis' xlink:to='loc_FairValueMeasurementsFairValueHierarchyDomain' xlink:type='arc' />
    <link:presentationArc order='10' xlink:arcrole='http://www.xbrl.org/2003/arcrole/parent-child' xlink:from='loc_FairValueMeasurementsFairValueHierarchyDomain' xlink:to='loc_FairValueInputsLevel12And3Member' xlink:type='arc' />
    <link:presentationArc order='10' xlink:arcrole='http://www.xbrl.org/2003/arcrole/parent-child' xlink:from='loc_FairValueInputsLevel12And3Member' xlink:to='loc_FairValueInputsLevel1Member' xlink:type='arc' />
    <link:presentationArc order='20' xlink:arcrole='http://www.xbrl.org/2003/arcrole/parent-child' xlink:from='loc_FairValueInputsLevel12And3Member' xlink:to='loc_FairValueInputsLevel2Member' xlink:type='arc' />
    <link:presentationArc order='30' xlink:arcrole='http://www.xbrl.org/2003/arcrole/parent-child' xlink:from='loc_FairValueInputsLevel12And3Member' xlink:to='loc_FairValueInputsLevel3Member' xlink:type='arc' />
    <link:presentationArc order='20' xlink:arcrole='http://www.xbrl.org/2003/arcrole/parent-child' xlink:from='loc_FairValueMeasurementsFairValueHierarchyDomain' xlink:to='loc_FairValueMeasuredAtNetAssetValuePerShareMember' xlink:type='arc' />
    <link:presentationArc order='30' xlink:arcrole='http://www.xbrl.org/2003/arcrole/parent-child' xlink:from='loc_EmployeeBenefitPlanInvestmentFairValueAndNavTable' xlink:to='loc_InvestmentTypeAxis' xlink:type='arc' />
    <link:presentationArc order='10' xlink:arcrole='http://www.xbrl.org/2003/arcrole/parent-child' xlink:from='loc_InvestmentTypeAxis' xlink:to='loc_InvestmentTypeCategorizationMember' xlink:type='arc' />
    <link:presentationArc order='10' xlink:arcrole='http://www.xbrl.org/2003/arcrole/parent-child' xlink:from='loc_InvestmentTypeCategorizationMember' xlink:to='loc_InterestBearingDepositsMember' xlink:type='arc' />
    <link:presentationArc order='20' xlink:arcrole='http://www.xbrl.org/2003/arcrole/parent-child' xlink:from='loc_InvestmentTypeCategorizationMember' xlink:to='loc_CertificatesOfDepositMember' xlink:type='arc' />
    <link:presentationArc order='30' xlink:arcrole='http://www.xbrl.org/2003/arcrole/parent-child' xlink:from='loc_InvestmentTypeCategorizationMember' xlink:to='loc_MoneyMarketFundsMember' xlink:type='arc' />
    <link:presentationArc order='40' xlink:arcrole='http://www.xbrl.org/2003/arcrole/parent-child' xlink:from='loc_InvestmentTypeCategorizationMember' xlink:to='loc_CommercialPaperMember' xlink:type='arc' />
    <link:presentationArc order='50' xlink:arcrole='http://www.xbrl.org/2003/arcrole/parent-child' xlink:from='loc_InvestmentTypeCategorizationMember' xlink:to='loc_FixedIncomeInvestmentsMember' xlink:type='arc' />
    <link:presentationArc order='10' xlink:arcrole='http://www.xbrl.org/2003/arcrole/parent-child' xlink:from='loc_FixedIncomeInvestmentsMember' xlink:to='loc_USTreasuryAndGovernmentMember' xlink:type='arc' />
    <link:presentationArc order='10' xlink:arcrole='http://www.xbrl.org/2003/arcrole/parent-child' xlink:from='loc_USTreasuryAndGovernmentMember' xlink:to='loc_USTreasurySecuritiesMember' xlink:type='arc' />
    <link:presentationArc order='20' xlink:arcrole='http://www.xbrl.org/2003/arcrole/parent-child' xlink:from='loc_USTreasuryAndGovernmentMember' xlink:to='loc_USTreasuryNotesSecuritiesMember' xlink:type='arc' />
    <link:presentationArc order='30' xlink:arcrole='http://www.xbrl.org/2003/arcrole/parent-child' xlink:from='loc_USTreasuryAndGovernmentMember' xlink:to='loc_USTreasuryBondSecuritiesMember' xlink:type='arc' />
    <link:presentationArc order='40' xlink:arcrole='http://www.xbrl.org/2003/arcrole/parent-child' xlink:from='loc_USTreasuryAndGovernmentMember' xlink:to='loc_USTreasuryBillSecuritiesMember' xlink:type='arc' />
    <link:presentationArc order='50' xlink:arcrole='http://www.xbrl.org/2003/arcrole/parent-child' xlink:from='loc_USTreasuryAndGovernmentMember' xlink:to='loc_USTreasuryAndGovernmentShorttermDebtSecuritiesMember' xlink:type='arc' />
    <link:presentationArc order='60' xlink:arcrole='http://www.xbrl.org/2003/arcrole/parent-child' xlink:from='loc_USTreasuryAndGovernmentMember' xlink:to='loc_USGovernmentAgenciesShorttermDebtSecuritiesMember' xlink:type='arc' />
    <link:presentationArc order='20' xlink:arcrole='http://www.xbrl.org/2003/arcrole/parent-child' xlink:from='loc_FixedIncomeInvestmentsMember' xlink:to='loc_AssetBackedSecuritiesMember' xlink:type='arc' />
    <link:presentationArc order='30' xlink:arcrole='http://www.xbrl.org/2003/arcrole/parent-child' xlink:from='loc_FixedIncomeInvestmentsMember' xlink:to='loc_CollateralizedMortgageObligationsMember' xlink:type='arc' />
    <link:presentationArc order='40' xlink:arcrole='http://www.xbrl.org/2003/arcrole/parent-child' xlink:from='loc_FixedIncomeInvestmentsMember' xlink:to='loc_CorporateDebtSecuritiesMember' xlink:type='arc' />
    <link:presentationArc order='50' xlink:arcrole='http://www.xbrl.org/2003/arcrole/parent-child' xlink:from='loc_FixedIncomeInvestmentsMember' xlink:to='loc_CorporateBondSecuritiesMember' xlink:type='arc' />
    <link:presentationArc order='60' xlink:arcrole='http://www.xbrl.org/2003/arcrole/parent-child' xlink:from='loc_FixedIncomeInvestmentsMember' xlink:to='loc_CorporateNoteSecuritiesMember' xlink:type='arc' />
    <link:presentationArc order='70' xlink:arcrole='http://www.xbrl.org/2003/arcrole/parent-child' xlink:from='loc_FixedIncomeInvestmentsMember' xlink:to='loc_ConvertibleDebtSecuritiesMember' xlink:type='arc' />
    <link:presentationArc order='80' xlink:arcrole='http://www.xbrl.org/2003/arcrole/parent-child' xlink:from='loc_FixedIncomeInvestmentsMember' xlink:to='loc_ShortTermDebtMember' xlink:type='arc' />
    <link:presentationArc order='90' xlink:arcrole='http://www.xbrl.org/2003/arcrole/parent-child' xlink:from='loc_FixedIncomeInvestmentsMember' xlink:to='loc_SeniorNotesMember' xlink:type='arc' />
    <link:presentationArc order='100' xlink:arcrole='http://www.xbrl.org/2003/arcrole/parent-child' xlink:from='loc_FixedIncomeInvestmentsMember' xlink:to='loc_SubordinatedDebtMember' xlink:type='arc' />
    <link:presentationArc order='110' xlink:arcrole='http://www.xbrl.org/2003/arcrole/parent-child' xlink:from='loc_FixedIncomeInvestmentsMember' xlink:to='loc_SeniorSubordinatedNotesMember' xlink:type='arc' />
    <link:presentationArc order='120' xlink:arcrole='http://www.xbrl.org/2003/arcrole/parent-child' xlink:from='loc_FixedIncomeInvestmentsMember' xlink:to='loc_SeniorSubordinatedLoansMember' xlink:type='arc' />
    <link:presentationArc order='130' xlink:arcrole='http://www.xbrl.org/2003/arcrole/parent-child' xlink:from='loc_FixedIncomeInvestmentsMember' xlink:to='loc_JuniorSubordinatedDebtMember' xlink:type='arc' />
    <link:presentationArc order='140' xlink:arcrole='http://www.xbrl.org/2003/arcrole/parent-child' xlink:from='loc_FixedIncomeInvestmentsMember' xlink:to='loc_SovereignDebtSecuritiesMember' xlink:type='arc' />
    <link:presentationArc order='60' xlink:arcrole='http://www.xbrl.org/2003/arcrole/parent-child' xlink:from='loc_InvestmentTypeCategorizationMember' xlink:to='loc_EquitySecuritiesMember' xlink:type='arc' />
    <link:presentationArc order='10' xlink:arcrole='http://www.xbrl.org/2003/arcrole/parent-child' xlink:from='loc_EquitySecuritiesMember' xlink:to='loc_CommonStockMember' xlink:type='arc' />
    <link:presentationArc order='10' xlink:arcrole='http://www.xbrl.org/2003/arcrole/parent-child' xlink:from='loc_CommonStockMember' xlink:to='loc_EmployeeBenefitPlanEmployerCommonStockMember' xlink:type='arc' />
    <link:presentationArc order='10' xlink:arcrole='http://www.xbrl.org/2003/arcrole/parent-child' xlink:from='loc_EmployeeBenefitPlanEmployerCommonStockMember' xlink:to='loc_EmployeeBenefitPlanEmployerCommonStockClassAMember' xlink:type='arc' />
    <link:presentationArc order='20' xlink:arcrole='http://www.xbrl.org/2003/arcrole/parent-child' xlink:from='loc_EmployeeBenefitPlanEmployerCommonStockMember' xlink:to='loc_EmployeeBenefitPlanEmployerCommonStockClassBMember' xlink:type='arc' />
    <link:presentationArc order='20' xlink:arcrole='http://www.xbrl.org/2003/arcrole/parent-child' xlink:from='loc_CommonStockMember' xlink:to='loc_EmployeeBenefitPlanEmployerCommonStockFundMember' xlink:type='arc' />
    <link:presentationArc order='20' xlink:arcrole='http://www.xbrl.org/2003/arcrole/parent-child' xlink:from='loc_EquitySecuritiesMember' xlink:to='loc_PreferredStockMember' xlink:type='arc' />
    <link:presentationArc order='10' xlink:arcrole='http://www.xbrl.org/2003/arcrole/parent-child' xlink:from='loc_PreferredStockMember' xlink:to='loc_EmployeeBenefitPlanEmployerPreferredStockMember' xlink:type='arc' />
    <link:presentationArc order='30' xlink:arcrole='http://www.xbrl.org/2003/arcrole/parent-child' xlink:from='loc_EquitySecuritiesMember' xlink:to='loc_PreferredNonConvertibleStockMember' xlink:type='arc' />
    <link:presentationArc order='40' xlink:arcrole='http://www.xbrl.org/2003/arcrole/parent-child' xlink:from='loc_EquitySecuritiesMember' xlink:to='loc_ConvertiblePreferredStockMember' xlink:type='arc' />
    <link:presentationArc order='50' xlink:arcrole='http://www.xbrl.org/2003/arcrole/parent-child' xlink:from='loc_EquitySecuritiesMember' xlink:to='loc_ContingentConvertiblePreferredStockMember' xlink:type='arc' />
    <link:presentationArc order='60' xlink:arcrole='http://www.xbrl.org/2003/arcrole/parent-child' xlink:from='loc_EquitySecuritiesMember' xlink:to='loc_NonredeemablePreferredStockMember' xlink:type='arc' />
    <link:presentationArc order='70' xlink:arcrole='http://www.xbrl.org/2003/arcrole/parent-child' xlink:from='loc_EquitySecuritiesMember' xlink:to='loc_RedeemablePreferredStockMember' xlink:type='arc' />
    <link:presentationArc order='80' xlink:arcrole='http://www.xbrl.org/2003/arcrole/parent-child' xlink:from='loc_EquitySecuritiesMember' xlink:to='loc_WarrantMember' xlink:type='arc' />
    <link:presentationArc order='70' xlink:arcrole='http://www.xbrl.org/2003/arcrole/parent-child' xlink:from='loc_InvestmentTypeCategorizationMember' xlink:to='loc_PrivateEquityFundsMember' xlink:type='arc' />
    <link:presentationArc order='80' xlink:arcrole='http://www.xbrl.org/2003/arcrole/parent-child' xlink:from='loc_InvestmentTypeCategorizationMember' xlink:to='loc_HedgeFundsMember' xlink:type='arc' />
    <link:presentationArc order='90' xlink:arcrole='http://www.xbrl.org/2003/arcrole/parent-child' xlink:from='loc_InvestmentTypeCategorizationMember' xlink:to='loc_DefinedBenefitPlanRealEstateMember' xlink:type='arc' />
    <link:presentationArc order='100' xlink:arcrole='http://www.xbrl.org/2003/arcrole/parent-child' xlink:from='loc_InvestmentTypeCategorizationMember' xlink:to='loc_DefinedBenefitPlanCommonCollectiveTrustMember' xlink:type='arc' />
    <link:presentationArc order='110' xlink:arcrole='http://www.xbrl.org/2003/arcrole/parent-child' xlink:from='loc_InvestmentTypeCategorizationMember' xlink:to='loc_EmployeeBenefitPlanPooledSeparateAccountMember' xlink:type='arc' />
    <link:presentationArc order='120' xlink:arcrole='http://www.xbrl.org/2003/arcrole/parent-child' xlink:from='loc_InvestmentTypeCategorizationMember' xlink:to='loc_MutualFundMember' xlink:type='arc' />
    <link:presentationArc order='10' xlink:arcrole='http://www.xbrl.org/2003/arcrole/parent-child' xlink:from='loc_MutualFundMember' xlink:to='loc_EquityFundsMember' xlink:type='arc' />
    <link:presentationArc order='20' xlink:arcrole='http://www.xbrl.org/2003/arcrole/parent-child' xlink:from='loc_MutualFundMember' xlink:to='loc_FixedIncomeFundsMember' xlink:type='arc' />
    <link:presentationArc order='30' xlink:arcrole='http://www.xbrl.org/2003/arcrole/parent-child' xlink:from='loc_MutualFundMember' xlink:to='loc_BalancedFundsMember' xlink:type='arc' />
    <link:presentationArc order='130' xlink:arcrole='http://www.xbrl.org/2003/arcrole/parent-child' xlink:from='loc_InvestmentTypeCategorizationMember' xlink:to='loc_EmployeeBenefitPlanSelfDirectedBrokerageAccountMember' xlink:type='arc' />
    <link:presentationArc order='140' xlink:arcrole='http://www.xbrl.org/2003/arcrole/parent-child' xlink:from='loc_InvestmentTypeCategorizationMember' xlink:to='loc_EmployeeBenefitPlanTraditionalGuaranteedInvestmentContractMember' xlink:type='arc' />
    <link:presentationArc order='150' xlink:arcrole='http://www.xbrl.org/2003/arcrole/parent-child' xlink:from='loc_InvestmentTypeCategorizationMember' xlink:to='loc_EmployeeBenefitPlanSyntheticInvestmentContractMember' xlink:type='arc' />
    <link:presentationArc order='160' xlink:arcrole='http://www.xbrl.org/2003/arcrole/parent-child' xlink:from='loc_InvestmentTypeCategorizationMember' xlink:to='loc_DerivativeMember' xlink:type='arc' />
    <link:presentationArc order='170' xlink:arcrole='http://www.xbrl.org/2003/arcrole/parent-child' xlink:from='loc_InvestmentTypeCategorizationMember' xlink:to='loc_OtherAggregatedInvestmentsMember' xlink:type='arc' />
    <link:presentationArc order='40' xlink:arcrole='http://www.xbrl.org/2003/arcrole/parent-child' xlink:from='loc_EmployeeBenefitPlanInvestmentFairValueAndNavTable' xlink:to='loc_EmployeeBenefitPlanAllocationStatusAxis' xlink:type='arc' />
    <link:presentationArc order='10' xlink:arcrole='http://www.xbrl.org/2003/arcrole/parent-child' xlink:from='loc_EmployeeBenefitPlanAllocationStatusAxis' xlink:to='loc_EmployeeBenefitPlanAllocationStatusDomain' xlink:type='arc' />
    <link:presentationArc order='10' xlink:arcrole='http://www.xbrl.org/2003/arcrole/parent-child' xlink:from='loc_EmployeeBenefitPlanAllocationStatusDomain' xlink:to='loc_EmployeeBenefitPlanUnallocatedMember' xlink:type='arc' />
    <link:presentationArc order='20' xlink:arcrole='http://www.xbrl.org/2003/arcrole/parent-child' xlink:from='loc_EmployeeBenefitPlanAllocationStatusDomain' xlink:to='loc_EmployeeBenefitPlanAllocatedMember' xlink:type='arc' />
    <link:presentationArc order='50' xlink:arcrole='http://www.xbrl.org/2003/arcrole/parent-child' xlink:from='loc_EmployeeBenefitPlanInvestmentFairValueAndNavTable' xlink:to='loc_EmployeeBenefitPlanParticipantDirectedStatusAxis' xlink:type='arc' />
    <link:presentationArc order='10' xlink:arcrole='http://www.xbrl.org/2003/arcrole/parent-child' xlink:from='loc_EmployeeBenefitPlanParticipantDirectedStatusAxis' xlink:to='loc_EmployeeBenefitPlanParticipantDirectedStatusDomain' xlink:type='arc' />
    <link:presentationArc order='10' xlink:arcrole='http://www.xbrl.org/2003/arcrole/parent-child' xlink:from='loc_EmployeeBenefitPlanParticipantDirectedStatusDomain' xlink:to='loc_EmployeeBenefitPlanNonparticipantDirectedMember' xlink:type='arc' />
    <link:presentationArc order='20' xlink:arcrole='http://www.xbrl.org/2003/arcrole/parent-child' xlink:from='loc_EmployeeBenefitPlanParticipantDirectedStatusDomain' xlink:to='loc_EmployeeBenefitPlanParticipantDirectedMember' xlink:type='arc' />
    <link:presentationArc order='60' xlink:arcrole='http://www.xbrl.org/2003/arcrole/parent-child' xlink:from='loc_EmployeeBenefitPlanInvestmentFairValueAndNavTable' xlink:to='loc_RangeAxis' xlink:type='arc' />
    <link:presentationArc order='10' xlink:arcrole='http://www.xbrl.org/2003/arcrole/parent-child' xlink:from='loc_RangeAxis' xlink:to='loc_RangeMember' xlink:type='arc' />
    <link:presentationArc order='10' xlink:arcrole='http://www.xbrl.org/2003/arcrole/parent-child' xlink:from='loc_RangeMember' xlink:to='loc_MaximumMember' xlink:type='arc' />
    <link:presentationArc order='20' xlink:arcrole='http://www.xbrl.org/2003/arcrole/parent-child' xlink:from='loc_RangeMember' xlink:to='loc_MinimumMember' xlink:type='arc' />
    <link:presentationArc order='30' xlink:arcrole='http://www.xbrl.org/2003/arcrole/parent-child' xlink:from='loc_RangeMember' xlink:to='loc_WeightedAverageMember' xlink:type='arc' />
    <link:presentationArc order='70' xlink:arcrole='http://www.xbrl.org/2003/arcrole/parent-child' xlink:from='loc_EmployeeBenefitPlanInvestmentFairValueAndNavTable' xlink:to='loc_EmployeeBenefitPlanInvestmentFairValueAndNavLineItems' xlink:type='arc' />
    <link:presentationArc order='10' xlink:arcrole='http://www.xbrl.org/2003/arcrole/parent-child' xlink:from='loc_EmployeeBenefitPlanInvestmentFairValueAndNavLineItems' xlink:to='loc_EmployeeBenefitPlanInvestmentFairValueAndNavTextBlock' xlink:type='arc' />
    <link:presentationArc order='20' xlink:arcrole='http://www.xbrl.org/2003/arcrole/parent-child' xlink:from='loc_EmployeeBenefitPlanInvestmentFairValueAndNavLineItems' xlink:to='loc_EmployeeBenefitPlanInvestmentFairValueAndNavTableTextBlock' xlink:type='arc' />
    <link:presentationArc order='30' xlink:arcrole='http://www.xbrl.org/2003/arcrole/parent-child' xlink:from='loc_EmployeeBenefitPlanInvestmentFairValueAndNavLineItems' xlink:to='loc_EmployeeBenefitPlanInvestmentExcludingPlanInterestInMasterTrustFairValue' xlink:type='arc' />
    <link:presentationArc order='40' xlink:arcrole='http://www.xbrl.org/2003/arcrole/parent-child' xlink:from='loc_EmployeeBenefitPlanInvestmentFairValueAndNavLineItems' xlink:to='loc_EmployeeBenefitPlanInvestmentExcludingPlanInterestInMasterTrustCost' xlink:type='arc' />
    <link:presentationArc order='50' xlink:arcrole='http://www.xbrl.org/2003/arcrole/parent-child' xlink:from='loc_EmployeeBenefitPlanInvestmentFairValueAndNavLineItems' xlink:to='loc_EmployeeBenefitPlanInvestmentSoldExcludingPlanInterestInMasterTrustCost' xlink:type='arc' />
    <link:presentationArc order='10' xlink:arcrole='http://www.xbrl.org/2003/arcrole/parent-child' xlink:from='loc_EmployeeBenefitPlanInvestmentSoldExcludingPlanInterestInMasterTrustCost' xlink:to='loc_EmployeeBenefitPlanInvestmentSoldCostBasisExtensibleEnumeration' xlink:type='arc' />
    <link:presentationArc order='60' xlink:arcrole='http://www.xbrl.org/2003/arcrole/parent-child' xlink:from='loc_EmployeeBenefitPlanInvestmentFairValueAndNavLineItems' xlink:to='loc_EmployeeBenefitPlanInvestmentAccumulatedGainLoss' xlink:type='arc' />
    <link:presentationArc order='70' xlink:arcrole='http://www.xbrl.org/2003/arcrole/parent-child' xlink:from='loc_EmployeeBenefitPlanInvestmentFairValueAndNavLineItems' xlink:to='loc_EmployeeBenefitPlanInvestmentMeasurementInput' xlink:type='arc' />
    <link:presentationArc order='10' xlink:arcrole='http://www.xbrl.org/2003/arcrole/parent-child' xlink:from='loc_EmployeeBenefitPlanInvestmentMeasurementInput' xlink:to='loc_EmployeeBenefitPlanInvestmentMeasurementInputExtensibleEnumeration' xlink:type='arc' />
    <link:presentationArc order='10' xlink:arcrole='http://www.xbrl.org/2003/arcrole/parent-child' xlink:from='loc_EmployeeBenefitPlanInvestmentMeasurementInputExtensibleEnumeration' xlink:to='loc_ForInformationOnUsingExtensibleEnumerationElementsSeeGuideAtLinkInTinPartUriGuidance' xlink:type='arc' />
    <link:presentationArc order='20' xlink:arcrole='http://www.xbrl.org/2003/arcrole/parent-child' xlink:from='loc_EmployeeBenefitPlanInvestmentMeasurementInput' xlink:to='loc_EmployeeBenefitPlanInvestmentValuationTechniqueExtensibleEnumeration' xlink:type='arc' />
    <link:presentationArc order='10' xlink:arcrole='http://www.xbrl.org/2003/arcrole/parent-child' xlink:from='loc_EmployeeBenefitPlanInvestmentValuationTechniqueExtensibleEnumeration' xlink:to='loc_ForInformationOnUsingExtensibleEnumerationElementsSeeGuideAtLinkInTinPartUriGuidance' xlink:type='arc' />
    <link:presentationArc order='80' xlink:arcrole='http://www.xbrl.org/2003/arcrole/parent-child' xlink:from='loc_EmployeeBenefitPlanInvestmentFairValueAndNavLineItems' xlink:to='loc_EmployeeBenefitPlanInvestmentLevel3ReconciliationRollForward' xlink:type='arc' />
    <link:presentationArc order='10' preferredLabel='http://www.xbrl.org/2003/role/periodStartLabel' xlink:arcrole='http://www.xbrl.org/2003/arcrole/parent-child' xlink:from='loc_EmployeeBenefitPlanInvestmentLevel3ReconciliationRollForward' xlink:to='loc_EmployeeBenefitPlanInvestmentExcludingPlanInterestInMasterTrustFairValue' xlink:type='arc' />
    <link:presentationArc order='20' xlink:arcrole='http://www.xbrl.org/2003/arcrole/parent-child' xlink:from='loc_EmployeeBenefitPlanInvestmentLevel3ReconciliationRollForward' xlink:to='loc_EmployeeBenefitPlanInvestmentLevel3ReconciliationIncreaseDecreaseForRealizedGainLoss' xlink:type='arc' />
    <link:presentationArc order='30' xlink:arcrole='http://www.xbrl.org/2003/arcrole/parent-child' xlink:from='loc_EmployeeBenefitPlanInvestmentLevel3ReconciliationRollForward' xlink:to='loc_EmployeeBenefitPlanInvestmentLevel3ReconciliationIncreaseDecreaseForUnrealizedGainLoss' xlink:type='arc' />
    <link:presentationArc order='40' xlink:arcrole='http://www.xbrl.org/2003/arcrole/parent-child' xlink:from='loc_EmployeeBenefitPlanInvestmentLevel3ReconciliationRollForward' xlink:to='loc_EmployeeBenefitPlanInvestmentLevel3ReconciliationIncreaseForPurchase' xlink:type='arc' />
    <link:presentationArc order='50' xlink:arcrole='http://www.xbrl.org/2003/arcrole/parent-child' xlink:from='loc_EmployeeBenefitPlanInvestmentLevel3ReconciliationRollForward' xlink:to='loc_EmployeeBenefitPlanInvestmentLevel3ReconciliationDecreaseForSale' xlink:type='arc' />
    <link:presentationArc order='60' xlink:arcrole='http://www.xbrl.org/2003/arcrole/parent-child' xlink:from='loc_EmployeeBenefitPlanInvestmentLevel3ReconciliationRollForward' xlink:to='loc_EmployeeBenefitPlanInvestmentLevel3ReconciliationIncreaseForTransferToLevel3' xlink:type='arc' />
    <link:presentationArc order='70' xlink:arcrole='http://www.xbrl.org/2003/arcrole/parent-child' xlink:from='loc_EmployeeBenefitPlanInvestmentLevel3ReconciliationRollForward' xlink:to='loc_EmployeeBenefitPlanInvestmentLevel3ReconciliationDecreaseForTransferFromLevel3' xlink:type='arc' />
    <link:presentationArc order='80' preferredLabel='http://www.xbrl.org/2003/role/totalLabel' xlink:arcrole='http://www.xbrl.org/2003/arcrole/parent-child' xlink:from='loc_EmployeeBenefitPlanInvestmentLevel3ReconciliationRollForward' xlink:to='loc_EmployeeBenefitPlanInvestmentLevel3ReconciliationPeriodIncreaseDecrease' xlink:type='arc' />
    <link:presentationArc order='90' preferredLabel='http://www.xbrl.org/2003/role/periodEndLabel' xlink:arcrole='http://www.xbrl.org/2003/arcrole/parent-child' xlink:from='loc_EmployeeBenefitPlanInvestmentLevel3ReconciliationRollForward' xlink:to='loc_EmployeeBenefitPlanInvestmentExcludingPlanInterestInMasterTrustFairValue_1' xlink:type='arc' />
    <link:presentationArc order='90' xlink:arcrole='http://www.xbrl.org/2003/arcrole/parent-child' xlink:from='loc_EmployeeBenefitPlanInvestmentFairValueAndNavLineItems' xlink:to='loc_EmployeeBenefitPlanInvestmentNumberOfShares' xlink:type='arc' />
    <link:presentationArc order='10' xlink:arcrole='http://www.xbrl.org/2003/arcrole/parent-child' xlink:from='loc_EmployeeBenefitPlanInvestmentNumberOfShares' xlink:to='loc_EmployeeBenefitPlanNetAssetValuePerShareOrUnit' xlink:type='arc' />
  </link:presentationLink>
</link:linkbase>
