<?xml version='1.0' encoding='UTF-8'?>

<!--
(c) 2010-2024 Financial Accounting Foundation; (c) 2007-2010 XBRL US, Inc.  All Rights Reserved.
Notice: Authorized Uses are Set Forth at https://xbrl.fasb.org/terms/TaxonomiesTermsConditions.html
  -->
<link:linkbase xmlns:link='http://www.xbrl.org/2003/linkbase' xmlns:xlink='http://www.w3.org/1999/xlink' xmlns:xsi='http://www.w3.org/2001/XMLSchema-instance' xsi:schemaLocation='http://www.xbrl.org/2003/linkbase http://www.xbrl.org/2003/xbrl-linkbase-2003-12-31.xsd'>
  <link:roleRef roleURI='http://fasb.org/us-gaap/role/disclosure/EBPDebt' xlink:href='../../elts/us-roles-2024.xsd#ebp-debt' xlink:type='simple' />
  <link:presentationLink xlink:role='http://fasb.org/us-gaap/role/disclosure/EBPDebt' xlink:type='extended'>
    <link:loc xlink:href='../elts/us-gaap-ebp-2024.xsd#us-gaap-ebp_EmployeeBenefitPlanDebtAbstract' xlink:label='loc_EmployeeBenefitPlanDebtAbstract' xlink:type='locator' />
    <link:loc xlink:href='../elts/us-gaap-ebp-2024.xsd#us-gaap-ebp_EmployeeBenefitPlanDebtTable' xlink:label='loc_EmployeeBenefitPlanDebtTable' xlink:type='locator' />
    <link:loc xlink:href='https://xbrl.sec.gov/dei/2024/dei-2024.xsd#dei_LegalEntityAxis' xlink:label='loc_LegalEntityAxis' xlink:type='locator' />
    <link:loc xlink:href='../elts/us-gaap-ebp-2024.xsd#us-gaap-ebp_UseLegalEntityAxisOnEveryXbrlFactTaggedWhenPlanSponsorHasMultipleEmployeeBenefitPlanFilingsInSamePlanYearGuidance' xlink:label='loc_UseLegalEntityAxisOnEveryXbrlFactTaggedWhenPlanSponsorHasMultipleEmployeeBenefitPlanFilingsInSamePlanYearGuidance' xlink:type='locator' />
    <link:loc xlink:href='https://xbrl.sec.gov/dei/2024/dei-2024.xsd#dei_EntityDomain' xlink:label='loc_EntityDomain' xlink:type='locator' />
    <link:loc xlink:href='../elts/us-gaap-ebp-2024.xsd#us-gaap-ebp_CreatePlanSpecificMemberWithLegalEntityAxisForEmployeeBenefitPlanFilingInFollowingFormatEbpEmployerIdentificationNumbePlanNumberForExampleEbpMemberGuidance' xlink:label='loc_CreatePlanSpecificMemberWithLegalEntityAxisForEmployeeBenefitPlanFilingInFollowingFormatEbpEmployerIdentificationNumbePlanNumberForExampleEbpMemberGuidance' xlink:type='locator' />
    <link:loc xlink:href='../../elts/us-gaap-2024.xsd#us-gaap_DebtInstrumentAxis' xlink:label='loc_DebtInstrumentAxis' xlink:type='locator' />
    <link:loc xlink:href='../../elts/us-gaap-2024.xsd#us-gaap_DebtInstrumentNameDomain' xlink:label='loc_DebtInstrumentNameDomain' xlink:type='locator' />
    <link:loc xlink:href='../elts/us-gaap-ebp-2024.xsd#us-gaap-ebp_EmployeeBenefitPlanDebtLineItems' xlink:label='loc_EmployeeBenefitPlanDebtLineItems' xlink:type='locator' />
    <link:loc xlink:href='../elts/us-gaap-ebp-2024.xsd#us-gaap-ebp_EmployeeBenefitPlanDebtTextBlock' xlink:label='loc_EmployeeBenefitPlanDebtTextBlock' xlink:type='locator' />
    <link:loc xlink:href='../elts/us-gaap-ebp-2024.xsd#us-gaap-ebp_EmployeeBenefitPlanDebtTableTextBlock' xlink:label='loc_EmployeeBenefitPlanDebtTableTextBlock' xlink:type='locator' />
    <link:loc xlink:href='../elts/us-gaap-ebp-2024.xsd#us-gaap-ebp_EmployeeBenefitPlanDebtMaturityAbstract' xlink:label='loc_EmployeeBenefitPlanDebtMaturityAbstract' xlink:type='locator' />
    <link:loc xlink:href='../elts/us-gaap-ebp-2024.xsd#us-gaap-ebp_EmployeeBenefitPlanDebtYearOne' xlink:label='loc_EmployeeBenefitPlanDebtYearOne' xlink:type='locator' />
    <link:loc xlink:href='../elts/us-gaap-ebp-2024.xsd#us-gaap-ebp_EmployeeBenefitPlanDebtYearTwo' xlink:label='loc_EmployeeBenefitPlanDebtYearTwo' xlink:type='locator' />
    <link:loc xlink:href='../elts/us-gaap-ebp-2024.xsd#us-gaap-ebp_EmployeeBenefitPlanDebtYearThree' xlink:label='loc_EmployeeBenefitPlanDebtYearThree' xlink:type='locator' />
    <link:loc xlink:href='../elts/us-gaap-ebp-2024.xsd#us-gaap-ebp_EmployeeBenefitPlanDebtYearFour' xlink:label='loc_EmployeeBenefitPlanDebtYearFour' xlink:type='locator' />
    <link:loc xlink:href='../elts/us-gaap-ebp-2024.xsd#us-gaap-ebp_EmployeeBenefitPlanDebtYearFive' xlink:label='loc_EmployeeBenefitPlanDebtYearFive' xlink:type='locator' />
    <link:loc xlink:href='../elts/us-gaap-ebp-2024.xsd#us-gaap-ebp_EmployeeBenefitPlanDebtAfterYearFive' xlink:label='loc_EmployeeBenefitPlanDebtAfterYearFive' xlink:type='locator' />
    <link:loc xlink:href='../elts/us-gaap-ebp-2024.xsd#us-gaap-ebp_EmployeeBenefitPlanDebt' xlink:label='loc_EmployeeBenefitPlanDebt' xlink:type='locator' />
    <link:loc xlink:href='../elts/us-gaap-ebp-2024.xsd#us-gaap-ebp_EmployeeBenefitPlanDebtInterestRate' xlink:label='loc_EmployeeBenefitPlanDebtInterestRate' xlink:type='locator' />
    <link:loc xlink:href='../elts/us-gaap-ebp-2024.xsd#us-gaap-ebp_EmployeeBenefitPlanDebtMaturityDate' xlink:label='loc_EmployeeBenefitPlanDebtMaturityDate' xlink:type='locator' />
    <link:loc xlink:href='../elts/us-gaap-ebp-2024.xsd#us-gaap-ebp_EmployeeBenefitPlanDebtNumberOfSharesReleasedForEsop' xlink:label='loc_EmployeeBenefitPlanDebtNumberOfSharesReleasedForEsop' xlink:type='locator' />
    <link:loc xlink:href='../elts/us-gaap-ebp-2024.xsd#us-gaap-ebp_EmployeeBenefitPlanDebtGuaranteeDescription' xlink:label='loc_EmployeeBenefitPlanDebtGuaranteeDescription' xlink:type='locator' />
    <link:presentationArc order='10' xlink:arcrole='http://www.xbrl.org/2003/arcrole/parent-child' xlink:from='loc_EmployeeBenefitPlanDebtAbstract' xlink:to='loc_EmployeeBenefitPlanDebtTable' xlink:type='arc' />
    <link:presentationArc order='10' xlink:arcrole='http://www.xbrl.org/2003/arcrole/parent-child' xlink:from='loc_EmployeeBenefitPlanDebtTable' xlink:to='loc_LegalEntityAxis' xlink:type='arc' />
    <link:presentationArc order='10' xlink:arcrole='http://www.xbrl.org/2003/arcrole/parent-child' xlink:from='loc_LegalEntityAxis' xlink:to='loc_UseLegalEntityAxisOnEveryXbrlFactTaggedWhenPlanSponsorHasMultipleEmployeeBenefitPlanFilingsInSamePlanYearGuidance' xlink:type='arc' />
    <link:presentationArc order='20' xlink:arcrole='http://www.xbrl.org/2003/arcrole/parent-child' xlink:from='loc_LegalEntityAxis' xlink:to='loc_EntityDomain' xlink:type='arc' />
    <link:presentationArc order='10' xlink:arcrole='http://www.xbrl.org/2003/arcrole/parent-child' xlink:from='loc_EntityDomain' xlink:to='loc_CreatePlanSpecificMemberWithLegalEntityAxisForEmployeeBenefitPlanFilingInFollowingFormatEbpEmployerIdentificationNumbePlanNumberForExampleEbpMemberGuidance' xlink:type='arc' />
    <link:presentationArc order='20' xlink:arcrole='http://www.xbrl.org/2003/arcrole/parent-child' xlink:from='loc_EmployeeBenefitPlanDebtTable' xlink:to='loc_DebtInstrumentAxis' xlink:type='arc' />
    <link:presentationArc order='10' xlink:arcrole='http://www.xbrl.org/2003/arcrole/parent-child' xlink:from='loc_DebtInstrumentAxis' xlink:to='loc_DebtInstrumentNameDomain' xlink:type='arc' />
    <link:presentationArc order='30' xlink:arcrole='http://www.xbrl.org/2003/arcrole/parent-child' xlink:from='loc_EmployeeBenefitPlanDebtTable' xlink:to='loc_EmployeeBenefitPlanDebtLineItems' xlink:type='arc' />
    <link:presentationArc order='10' xlink:arcrole='http://www.xbrl.org/2003/arcrole/parent-child' xlink:from='loc_EmployeeBenefitPlanDebtLineItems' xlink:to='loc_EmployeeBenefitPlanDebtTextBlock' xlink:type='arc' />
    <link:presentationArc order='20' xlink:arcrole='http://www.xbrl.org/2003/arcrole/parent-child' xlink:from='loc_EmployeeBenefitPlanDebtLineItems' xlink:to='loc_EmployeeBenefitPlanDebtTableTextBlock' xlink:type='arc' />
    <link:presentationArc order='30' xlink:arcrole='http://www.xbrl.org/2003/arcrole/parent-child' xlink:from='loc_EmployeeBenefitPlanDebtLineItems' xlink:to='loc_EmployeeBenefitPlanDebtMaturityAbstract' xlink:type='arc' />
    <link:presentationArc order='10' xlink:arcrole='http://www.xbrl.org/2003/arcrole/parent-child' xlink:from='loc_EmployeeBenefitPlanDebtMaturityAbstract' xlink:to='loc_EmployeeBenefitPlanDebtYearOne' xlink:type='arc' />
    <link:presentationArc order='20' xlink:arcrole='http://www.xbrl.org/2003/arcrole/parent-child' xlink:from='loc_EmployeeBenefitPlanDebtMaturityAbstract' xlink:to='loc_EmployeeBenefitPlanDebtYearTwo' xlink:type='arc' />
    <link:presentationArc order='30' xlink:arcrole='http://www.xbrl.org/2003/arcrole/parent-child' xlink:from='loc_EmployeeBenefitPlanDebtMaturityAbstract' xlink:to='loc_EmployeeBenefitPlanDebtYearThree' xlink:type='arc' />
    <link:presentationArc order='40' xlink:arcrole='http://www.xbrl.org/2003/arcrole/parent-child' xlink:from='loc_EmployeeBenefitPlanDebtMaturityAbstract' xlink:to='loc_EmployeeBenefitPlanDebtYearFour' xlink:type='arc' />
    <link:presentationArc order='50' xlink:arcrole='http://www.xbrl.org/2003/arcrole/parent-child' xlink:from='loc_EmployeeBenefitPlanDebtMaturityAbstract' xlink:to='loc_EmployeeBenefitPlanDebtYearFive' xlink:type='arc' />
    <link:presentationArc order='60' xlink:arcrole='http://www.xbrl.org/2003/arcrole/parent-child' xlink:from='loc_EmployeeBenefitPlanDebtMaturityAbstract' xlink:to='loc_EmployeeBenefitPlanDebtAfterYearFive' xlink:type='arc' />
    <link:presentationArc order='70' preferredLabel='http://www.xbrl.org/2003/role/totalLabel' xlink:arcrole='http://www.xbrl.org/2003/arcrole/parent-child' xlink:from='loc_EmployeeBenefitPlanDebtMaturityAbstract' xlink:to='loc_EmployeeBenefitPlanDebt' xlink:type='arc' />
    <link:presentationArc order='40' xlink:arcrole='http://www.xbrl.org/2003/arcrole/parent-child' xlink:from='loc_EmployeeBenefitPlanDebtLineItems' xlink:to='loc_EmployeeBenefitPlanDebtInterestRate' xlink:type='arc' />
    <link:presentationArc order='50' xlink:arcrole='http://www.xbrl.org/2003/arcrole/parent-child' xlink:from='loc_EmployeeBenefitPlanDebtLineItems' xlink:to='loc_EmployeeBenefitPlanDebtMaturityDate' xlink:type='arc' />
    <link:presentationArc order='60' xlink:arcrole='http://www.xbrl.org/2003/arcrole/parent-child' xlink:from='loc_EmployeeBenefitPlanDebtLineItems' xlink:to='loc_EmployeeBenefitPlanDebtNumberOfSharesReleasedForEsop' xlink:type='arc' />
    <link:presentationArc order='70' xlink:arcrole='http://www.xbrl.org/2003/arcrole/parent-child' xlink:from='loc_EmployeeBenefitPlanDebtLineItems' xlink:to='loc_EmployeeBenefitPlanDebtGuaranteeDescription' xlink:type='arc' />
  </link:presentationLink>
</link:linkbase>
