<?xml version='1.0' encoding='UTF-8'?>

<!--
(c) 2010-2024 Financial Accounting Foundation; (c) 2007-2010 XBRL US, Inc.  All Rights Reserved.
Notice: Authorized Uses are Set Forth at https://xbrl.fasb.org/terms/TaxonomiesTermsConditions.html
  -->
<link:linkbase xmlns:link='http://www.xbrl.org/2003/linkbase' xmlns:xbrldt='http://xbrl.org/2005/xbrldt' xmlns:xlink='http://www.w3.org/1999/xlink' xmlns:xsi='http://www.w3.org/2001/XMLSchema-instance' xsi:schemaLocation='http://www.xbrl.org/2003/linkbase http://www.xbrl.org/2003/xbrl-linkbase-2003-12-31.xsd'>
  <link:roleRef roleURI='http://fasb.org/us-gaap/role/statement/EBPStatementNetAssetAvailableBenefitEmployeeBenefitPlanStatementOfNetAssetAvailableForBenefitTable' xlink:href='../../elts/us-roles-2024.xsd#EBPStatementNetAssetAvailableBenefitEmployeeBenefitPlanStatementOfNetAssetAvailableForBenefitTable' xlink:type='simple' />
  <link:arcroleRef arcroleURI='http://xbrl.org/int/dim/arcrole/all' xlink:href='http://www.xbrl.org/2005/xbrldt-2005.xsd#all' xlink:type='simple' />
  <link:arcroleRef arcroleURI='http://xbrl.org/int/dim/arcrole/hypercube-dimension' xlink:href='http://www.xbrl.org/2005/xbrldt-2005.xsd#hypercube-dimension' xlink:type='simple' />
  <link:arcroleRef arcroleURI='http://xbrl.org/int/dim/arcrole/dimension-domain' xlink:href='http://www.xbrl.org/2005/xbrldt-2005.xsd#dimension-domain' xlink:type='simple' />
  <link:arcroleRef arcroleURI='http://xbrl.org/int/dim/arcrole/dimension-default' xlink:href='http://www.xbrl.org/2005/xbrldt-2005.xsd#dimension-default' xlink:type='simple' />
  <link:arcroleRef arcroleURI='http://xbrl.org/int/dim/arcrole/domain-member' xlink:href='http://www.xbrl.org/2005/xbrldt-2005.xsd#domain-member' xlink:type='simple' />
  <link:definitionLink xlink:role='http://fasb.org/us-gaap/role/statement/EBPStatementNetAssetAvailableBenefitEmployeeBenefitPlanStatementOfNetAssetAvailableForBenefitTable' xlink:type='extended'>
    <link:loc xlink:href='../elts/us-gaap-ebp-2024.xsd#us-gaap-ebp_EmployeeBenefitPlanStatementOfNetAssetAvailableForBenefitTable' xlink:label='loc_EmployeeBenefitPlanStatementOfNetAssetAvailableForBenefitTable' xlink:type='locator' />
    <link:loc xlink:href='../elts/us-gaap-ebp-2024.xsd#us-gaap-ebp_EmployeeBenefitPlanStatementOfNetAssetAvailableForBenefitLineItems' xlink:label='loc_EmployeeBenefitPlanStatementOfNetAssetAvailableForBenefitLineItems' xlink:type='locator' />
    <link:definitionArc order='1.0' xbrldt:closed='true' xbrldt:contextElement='segment' xlink:arcrole='http://xbrl.org/int/dim/arcrole/all' xlink:from='loc_EmployeeBenefitPlanStatementOfNetAssetAvailableForBenefitLineItems' xlink:to='loc_EmployeeBenefitPlanStatementOfNetAssetAvailableForBenefitTable' xlink:type='arc' />
  </link:definitionLink>
  <link:definitionLink xlink:role='http://fasb.org/us-gaap/role/statement/EBPStatementNetAssetAvailableBenefitEmployeeBenefitPlanStatementOfNetAssetAvailableForBenefitTable' xlink:type='extended'>
    <link:loc xlink:href='../elts/us-gaap-ebp-2024.xsd#us-gaap-ebp_EmployeeBenefitPlanStatementOfNetAssetAvailableForBenefitTable' xlink:label='loc_EmployeeBenefitPlanStatementOfNetAssetAvailableForBenefitTable' xlink:type='locator' />
    <link:loc xlink:href='https://xbrl.sec.gov/dei/2024/dei-2024.xsd#dei_LegalEntityAxis' xlink:label='loc_LegalEntityAxis' xlink:type='locator' />
    <link:loc xlink:href='../../elts/us-gaap-2024.xsd#us-gaap_InvestmentTypeAxis' xlink:label='loc_InvestmentTypeAxis' xlink:type='locator' />
    <link:loc xlink:href='../elts/us-gaap-ebp-2024.xsd#us-gaap-ebp_EmployeeBenefitPlanAllocationStatusAxis' xlink:label='loc_EmployeeBenefitPlanAllocationStatusAxis' xlink:type='locator' />
    <link:loc xlink:href='../elts/us-gaap-ebp-2024.xsd#us-gaap-ebp_EmployeeBenefitPlanParticipantDirectedStatusAxis' xlink:label='loc_EmployeeBenefitPlanParticipantDirectedStatusAxis' xlink:type='locator' />
    <link:loc xlink:href='../elts/us-gaap-ebp-2024.xsd#us-gaap-ebp_EmployeeBenefitPlanRelatedPartyAndPartyInInterestAxis' xlink:label='loc_EmployeeBenefitPlanRelatedPartyAndPartyInInterestAxis' xlink:type='locator' />
    <link:definitionArc order='1.0' xlink:arcrole='http://xbrl.org/int/dim/arcrole/hypercube-dimension' xlink:from='loc_EmployeeBenefitPlanStatementOfNetAssetAvailableForBenefitTable' xlink:to='loc_LegalEntityAxis' xlink:type='arc' />
    <link:definitionArc order='2.0' xlink:arcrole='http://xbrl.org/int/dim/arcrole/hypercube-dimension' xlink:from='loc_EmployeeBenefitPlanStatementOfNetAssetAvailableForBenefitTable' xlink:to='loc_InvestmentTypeAxis' xlink:type='arc' />
    <link:definitionArc order='3.0' xlink:arcrole='http://xbrl.org/int/dim/arcrole/hypercube-dimension' xlink:from='loc_EmployeeBenefitPlanStatementOfNetAssetAvailableForBenefitTable' xlink:to='loc_EmployeeBenefitPlanAllocationStatusAxis' xlink:type='arc' />
    <link:definitionArc order='4.0' xlink:arcrole='http://xbrl.org/int/dim/arcrole/hypercube-dimension' xlink:from='loc_EmployeeBenefitPlanStatementOfNetAssetAvailableForBenefitTable' xlink:to='loc_EmployeeBenefitPlanParticipantDirectedStatusAxis' xlink:type='arc' />
    <link:definitionArc order='5.0' xlink:arcrole='http://xbrl.org/int/dim/arcrole/hypercube-dimension' xlink:from='loc_EmployeeBenefitPlanStatementOfNetAssetAvailableForBenefitTable' xlink:to='loc_EmployeeBenefitPlanRelatedPartyAndPartyInInterestAxis' xlink:type='arc' />
  </link:definitionLink>
  <link:definitionLink xlink:role='http://fasb.org/us-gaap/role/statement/EBPStatementNetAssetAvailableBenefitEmployeeBenefitPlanStatementOfNetAssetAvailableForBenefitTable' xlink:type='extended'>
    <link:loc xlink:href='https://xbrl.sec.gov/dei/2024/dei-2024.xsd#dei_LegalEntityAxis' xlink:label='loc_LegalEntityAxis' xlink:type='locator' />
    <link:loc xlink:href='https://xbrl.sec.gov/dei/2024/dei-2024.xsd#dei_EntityDomain' xlink:label='loc_EntityDomain' xlink:type='locator' />
    <link:loc xlink:href='../../elts/us-gaap-2024.xsd#us-gaap_InvestmentTypeAxis' xlink:label='loc_InvestmentTypeAxis' xlink:type='locator' />
    <link:loc xlink:href='../../elts/us-gaap-2024.xsd#us-gaap_InvestmentTypeCategorizationMember' xlink:label='loc_InvestmentTypeCategorizationMember' xlink:type='locator' />
    <link:loc xlink:href='../elts/us-gaap-ebp-2024.xsd#us-gaap-ebp_EmployeeBenefitPlanAllocationStatusAxis' xlink:label='loc_EmployeeBenefitPlanAllocationStatusAxis' xlink:type='locator' />
    <link:loc xlink:href='../elts/us-gaap-ebp-2024.xsd#us-gaap-ebp_EmployeeBenefitPlanAllocationStatusDomain' xlink:label='loc_EmployeeBenefitPlanAllocationStatusDomain' xlink:type='locator' />
    <link:loc xlink:href='../elts/us-gaap-ebp-2024.xsd#us-gaap-ebp_EmployeeBenefitPlanParticipantDirectedStatusAxis' xlink:label='loc_EmployeeBenefitPlanParticipantDirectedStatusAxis' xlink:type='locator' />
    <link:loc xlink:href='../elts/us-gaap-ebp-2024.xsd#us-gaap-ebp_EmployeeBenefitPlanParticipantDirectedStatusDomain' xlink:label='loc_EmployeeBenefitPlanParticipantDirectedStatusDomain' xlink:type='locator' />
    <link:loc xlink:href='../elts/us-gaap-ebp-2024.xsd#us-gaap-ebp_EmployeeBenefitPlanRelatedPartyAndPartyInInterestAxis' xlink:label='loc_EmployeeBenefitPlanRelatedPartyAndPartyInInterestAxis' xlink:type='locator' />
    <link:loc xlink:href='../elts/us-gaap-ebp-2024.xsd#us-gaap-ebp_EmployeeBenefitPlanRelatedPartyAndPartyInInterestDomain' xlink:label='loc_EmployeeBenefitPlanRelatedPartyAndPartyInInterestDomain' xlink:type='locator' />
    <link:definitionArc order='1.0' xlink:arcrole='http://xbrl.org/int/dim/arcrole/dimension-domain' xlink:from='loc_LegalEntityAxis' xlink:to='loc_EntityDomain' xlink:type='arc' />
    <link:definitionArc order='2.0' xlink:arcrole='http://xbrl.org/int/dim/arcrole/dimension-domain' xlink:from='loc_InvestmentTypeAxis' xlink:to='loc_InvestmentTypeCategorizationMember' xlink:type='arc' />
    <link:definitionArc order='3.0' xlink:arcrole='http://xbrl.org/int/dim/arcrole/dimension-domain' xlink:from='loc_EmployeeBenefitPlanAllocationStatusAxis' xlink:to='loc_EmployeeBenefitPlanAllocationStatusDomain' xlink:type='arc' />
    <link:definitionArc order='4.0' xlink:arcrole='http://xbrl.org/int/dim/arcrole/dimension-domain' xlink:from='loc_EmployeeBenefitPlanParticipantDirectedStatusAxis' xlink:to='loc_EmployeeBenefitPlanParticipantDirectedStatusDomain' xlink:type='arc' />
    <link:definitionArc order='5.0' xlink:arcrole='http://xbrl.org/int/dim/arcrole/dimension-domain' xlink:from='loc_EmployeeBenefitPlanRelatedPartyAndPartyInInterestAxis' xlink:to='loc_EmployeeBenefitPlanRelatedPartyAndPartyInInterestDomain' xlink:type='arc' />
  </link:definitionLink>
  <link:definitionLink xlink:role='http://fasb.org/us-gaap/role/statement/EBPStatementNetAssetAvailableBenefitEmployeeBenefitPlanStatementOfNetAssetAvailableForBenefitTable' xlink:type='extended'>
    <link:loc xlink:href='https://xbrl.sec.gov/dei/2024/dei-2024.xsd#dei_LegalEntityAxis' xlink:label='loc_LegalEntityAxis' xlink:type='locator' />
    <link:loc xlink:href='https://xbrl.sec.gov/dei/2024/dei-2024.xsd#dei_EntityDomain' xlink:label='loc_EntityDomain' xlink:type='locator' />
    <link:loc xlink:href='../../elts/us-gaap-2024.xsd#us-gaap_InvestmentTypeAxis' xlink:label='loc_InvestmentTypeAxis' xlink:type='locator' />
    <link:loc xlink:href='../../elts/us-gaap-2024.xsd#us-gaap_InvestmentTypeCategorizationMember' xlink:label='loc_InvestmentTypeCategorizationMember' xlink:type='locator' />
    <link:loc xlink:href='../elts/us-gaap-ebp-2024.xsd#us-gaap-ebp_EmployeeBenefitPlanAllocationStatusAxis' xlink:label='loc_EmployeeBenefitPlanAllocationStatusAxis' xlink:type='locator' />
    <link:loc xlink:href='../elts/us-gaap-ebp-2024.xsd#us-gaap-ebp_EmployeeBenefitPlanAllocationStatusDomain' xlink:label='loc_EmployeeBenefitPlanAllocationStatusDomain' xlink:type='locator' />
    <link:loc xlink:href='../elts/us-gaap-ebp-2024.xsd#us-gaap-ebp_EmployeeBenefitPlanParticipantDirectedStatusAxis' xlink:label='loc_EmployeeBenefitPlanParticipantDirectedStatusAxis' xlink:type='locator' />
    <link:loc xlink:href='../elts/us-gaap-ebp-2024.xsd#us-gaap-ebp_EmployeeBenefitPlanParticipantDirectedStatusDomain' xlink:label='loc_EmployeeBenefitPlanParticipantDirectedStatusDomain' xlink:type='locator' />
    <link:loc xlink:href='../elts/us-gaap-ebp-2024.xsd#us-gaap-ebp_EmployeeBenefitPlanRelatedPartyAndPartyInInterestAxis' xlink:label='loc_EmployeeBenefitPlanRelatedPartyAndPartyInInterestAxis' xlink:type='locator' />
    <link:loc xlink:href='../elts/us-gaap-ebp-2024.xsd#us-gaap-ebp_EmployeeBenefitPlanRelatedPartyAndPartyInInterestDomain' xlink:label='loc_EmployeeBenefitPlanRelatedPartyAndPartyInInterestDomain' xlink:type='locator' />
    <link:definitionArc order='1.0' xlink:arcrole='http://xbrl.org/int/dim/arcrole/dimension-default' xlink:from='loc_LegalEntityAxis' xlink:to='loc_EntityDomain' xlink:type='arc' />
    <link:definitionArc order='2.0' xlink:arcrole='http://xbrl.org/int/dim/arcrole/dimension-default' xlink:from='loc_InvestmentTypeAxis' xlink:to='loc_InvestmentTypeCategorizationMember' xlink:type='arc' />
    <link:definitionArc order='3.0' xlink:arcrole='http://xbrl.org/int/dim/arcrole/dimension-default' xlink:from='loc_EmployeeBenefitPlanAllocationStatusAxis' xlink:to='loc_EmployeeBenefitPlanAllocationStatusDomain' xlink:type='arc' />
    <link:definitionArc order='4.0' xlink:arcrole='http://xbrl.org/int/dim/arcrole/dimension-default' xlink:from='loc_EmployeeBenefitPlanParticipantDirectedStatusAxis' xlink:to='loc_EmployeeBenefitPlanParticipantDirectedStatusDomain' xlink:type='arc' />
    <link:definitionArc order='5.0' xlink:arcrole='http://xbrl.org/int/dim/arcrole/dimension-default' xlink:from='loc_EmployeeBenefitPlanRelatedPartyAndPartyInInterestAxis' xlink:to='loc_EmployeeBenefitPlanRelatedPartyAndPartyInInterestDomain' xlink:type='arc' />
  </link:definitionLink>
  <link:definitionLink xlink:role='http://fasb.org/us-gaap/role/statement/EBPStatementNetAssetAvailableBenefitEmployeeBenefitPlanStatementOfNetAssetAvailableForBenefitTable' xlink:type='extended'>
    <link:loc xlink:href='../elts/us-gaap-ebp-2024.xsd#us-gaap-ebp_EmployeeBenefitPlanStatementOfNetAssetAvailableForBenefitLineItems' xlink:label='loc_EmployeeBenefitPlanStatementOfNetAssetAvailableForBenefitLineItems' xlink:type='locator' />
    <link:loc xlink:href='../elts/us-gaap-ebp-2024.xsd#us-gaap-ebp_EmployeeBenefitPlanNetAssetAvailableForBenefitAbstract' xlink:label='loc_EmployeeBenefitPlanNetAssetAvailableForBenefitAbstract' xlink:type='locator' />
    <link:loc xlink:href='../elts/us-gaap-ebp-2024.xsd#us-gaap-ebp_EmployeeBenefitPlanAssetAbstract' xlink:label='loc_EmployeeBenefitPlanAssetAbstract' xlink:type='locator' />
    <link:loc xlink:href='../elts/us-gaap-ebp-2024.xsd#us-gaap-ebp_EmployeeBenefitPlanInvestmentFairAndContractValueAbstract' xlink:label='loc_EmployeeBenefitPlanInvestmentFairAndContractValueAbstract' xlink:type='locator' />
    <link:loc xlink:href='../elts/us-gaap-ebp-2024.xsd#us-gaap-ebp_EmployeeBenefitPlanInvestmentFairValueAbstract' xlink:label='loc_EmployeeBenefitPlanInvestmentFairValueAbstract' xlink:type='locator' />
    <link:loc xlink:href='../elts/us-gaap-ebp-2024.xsd#us-gaap-ebp_EmployeeBenefitPlanInvestmentExcludingPlanInterestInMasterTrustFairValue' xlink:label='loc_EmployeeBenefitPlanInvestmentExcludingPlanInterestInMasterTrustFairValue' xlink:type='locator' />
    <link:loc xlink:href='../elts/us-gaap-ebp-2024.xsd#us-gaap-ebp_EmployeeBenefitPlanInvestmentPlanInterestInMasterTrustFairValue' xlink:label='loc_EmployeeBenefitPlanInvestmentPlanInterestInMasterTrustFairValue' xlink:type='locator' />
    <link:loc xlink:href='../elts/us-gaap-ebp-2024.xsd#us-gaap-ebp_EmployeeBenefitPlanInvestmentFairValue' xlink:label='loc_EmployeeBenefitPlanInvestmentFairValue' xlink:type='locator' />
    <link:loc xlink:href='../elts/us-gaap-ebp-2024.xsd#us-gaap-ebp_EmployeeBenefitPlanInvestmentContractValueAbstract' xlink:label='loc_EmployeeBenefitPlanInvestmentContractValueAbstract' xlink:type='locator' />
    <link:loc xlink:href='../elts/us-gaap-ebp-2024.xsd#us-gaap-ebp_EmployeeBenefitPlanInvestmentExcludingPlanInterestInMasterTrustContractValue' xlink:label='loc_EmployeeBenefitPlanInvestmentExcludingPlanInterestInMasterTrustContractValue' xlink:type='locator' />
    <link:loc xlink:href='../elts/us-gaap-ebp-2024.xsd#us-gaap-ebp_EmployeeBenefitPlanInvestmentPlanInterestInMasterTrustContractValue' xlink:label='loc_EmployeeBenefitPlanInvestmentPlanInterestInMasterTrustContractValue' xlink:type='locator' />
    <link:loc xlink:href='../elts/us-gaap-ebp-2024.xsd#us-gaap-ebp_EmployeeBenefitPlanInvestmentContractValue' xlink:label='loc_EmployeeBenefitPlanInvestmentContractValue' xlink:type='locator' />
    <link:loc xlink:href='../elts/us-gaap-ebp-2024.xsd#us-gaap-ebp_EmployeeBenefitPlanInvestmentFairAndContractValue' xlink:label='loc_EmployeeBenefitPlanInvestmentFairAndContractValue' xlink:type='locator' />
    <link:loc xlink:href='../elts/us-gaap-ebp-2024.xsd#us-gaap-ebp_EmployeeBenefitPlanReceivableAbstract' xlink:label='loc_EmployeeBenefitPlanReceivableAbstract' xlink:type='locator' />
    <link:loc xlink:href='../elts/us-gaap-ebp-2024.xsd#us-gaap-ebp_EmployeeBenefitPlanEmployerContributionReceivable' xlink:label='loc_EmployeeBenefitPlanEmployerContributionReceivable' xlink:type='locator' />
    <link:loc xlink:href='../elts/us-gaap-ebp-2024.xsd#us-gaap-ebp_EmployeeBenefitPlanParticipantContributionReceivable' xlink:label='loc_EmployeeBenefitPlanParticipantContributionReceivable' xlink:type='locator' />
    <link:loc xlink:href='../elts/us-gaap-ebp-2024.xsd#us-gaap-ebp_EmployeeBenefitPlanNoteReceivableFromParticipant' xlink:label='loc_EmployeeBenefitPlanNoteReceivableFromParticipant' xlink:type='locator' />
    <link:loc xlink:href='../elts/us-gaap-ebp-2024.xsd#us-gaap-ebp_EmployeeBenefitPlanInvestmentIncomeReceivable' xlink:label='loc_EmployeeBenefitPlanInvestmentIncomeReceivable' xlink:type='locator' />
    <link:loc xlink:href='../elts/us-gaap-ebp-2024.xsd#us-gaap-ebp_EmployeeBenefitPlanReceivableInvestmentSale' xlink:label='loc_EmployeeBenefitPlanReceivableInvestmentSale' xlink:type='locator' />
    <link:loc xlink:href='../elts/us-gaap-ebp-2024.xsd#us-gaap-ebp_EmployeeBenefitPlanReceivableDerivativeVariationMargin' xlink:label='loc_EmployeeBenefitPlanReceivableDerivativeVariationMargin' xlink:type='locator' />
    <link:loc xlink:href='../elts/us-gaap-ebp-2024.xsd#us-gaap-ebp_EmployeeBenefitPlanOtherReceivable' xlink:label='loc_EmployeeBenefitPlanOtherReceivable' xlink:type='locator' />
    <link:loc xlink:href='../elts/us-gaap-ebp-2024.xsd#us-gaap-ebp_EmployeeBenefitPlanReceivable' xlink:label='loc_EmployeeBenefitPlanReceivable' xlink:type='locator' />
    <link:loc xlink:href='../elts/us-gaap-ebp-2024.xsd#us-gaap-ebp_EmployeeBenefitPlanCash' xlink:label='loc_EmployeeBenefitPlanCash' xlink:type='locator' />
    <link:loc xlink:href='../elts/us-gaap-ebp-2024.xsd#us-gaap-ebp_EmployeeBenefitPlanOtherEmployerAsset' xlink:label='loc_EmployeeBenefitPlanOtherEmployerAsset' xlink:type='locator' />
    <link:loc xlink:href='../elts/us-gaap-ebp-2024.xsd#us-gaap-ebp_EmployeeBenefitPlanOtherAsset' xlink:label='loc_EmployeeBenefitPlanOtherAsset' xlink:type='locator' />
    <link:loc xlink:href='../elts/us-gaap-ebp-2024.xsd#us-gaap-ebp_EmployeeBenefitPlanAsset' xlink:label='loc_EmployeeBenefitPlanAsset' xlink:type='locator' />
    <link:loc xlink:href='../elts/us-gaap-ebp-2024.xsd#us-gaap-ebp_EmployeeBenefitPlanLiabilityAbstract' xlink:label='loc_EmployeeBenefitPlanLiabilityAbstract' xlink:type='locator' />
    <link:loc xlink:href='../elts/us-gaap-ebp-2024.xsd#us-gaap-ebp_EmployeeBenefitPlanAccruedExpense' xlink:label='loc_EmployeeBenefitPlanAccruedExpense' xlink:type='locator' />
    <link:loc xlink:href='../elts/us-gaap-ebp-2024.xsd#us-gaap-ebp_EmployeeBenefitPlanExcessContributionPayable' xlink:label='loc_EmployeeBenefitPlanExcessContributionPayable' xlink:type='locator' />
    <link:loc xlink:href='../elts/us-gaap-ebp-2024.xsd#us-gaap-ebp_EmployeeBenefitPlanLiabilityInvestmentPurchase' xlink:label='loc_EmployeeBenefitPlanLiabilityInvestmentPurchase' xlink:type='locator' />
    <link:loc xlink:href='../elts/us-gaap-ebp-2024.xsd#us-gaap-ebp_EmployeeBenefitPlanLiabilityDerivativeVariationMargin' xlink:label='loc_EmployeeBenefitPlanLiabilityDerivativeVariationMargin' xlink:type='locator' />
    <link:loc xlink:href='../elts/us-gaap-ebp-2024.xsd#us-gaap-ebp_EmployeeBenefitPlanEmployerLiability' xlink:label='loc_EmployeeBenefitPlanEmployerLiability' xlink:type='locator' />
    <link:loc xlink:href='../elts/us-gaap-ebp-2024.xsd#us-gaap-ebp_EmployeeBenefitPlanParticipantLiability' xlink:label='loc_EmployeeBenefitPlanParticipantLiability' xlink:type='locator' />
    <link:loc xlink:href='../elts/us-gaap-ebp-2024.xsd#us-gaap-ebp_EmployeeBenefitPlanDebt' xlink:label='loc_EmployeeBenefitPlanDebt' xlink:type='locator' />
    <link:loc xlink:href='../elts/us-gaap-ebp-2024.xsd#us-gaap-ebp_EmployeeBenefitPlanDebtInterestPayable' xlink:label='loc_EmployeeBenefitPlanDebtInterestPayable' xlink:type='locator' />
    <link:loc xlink:href='../elts/us-gaap-ebp-2024.xsd#us-gaap-ebp_EmployeeBenefitPlanOtherLiability' xlink:label='loc_EmployeeBenefitPlanOtherLiability' xlink:type='locator' />
    <link:loc xlink:href='../elts/us-gaap-ebp-2024.xsd#us-gaap-ebp_EmployeeBenefitPlanLiability' xlink:label='loc_EmployeeBenefitPlanLiability' xlink:type='locator' />
    <link:loc xlink:href='../elts/us-gaap-ebp-2024.xsd#us-gaap-ebp_EmployeeBenefitPlanNetAssetAvailableForBenefit' xlink:label='loc_EmployeeBenefitPlanNetAssetAvailableForBenefit' xlink:type='locator' />
    <link:loc xlink:href='../elts/us-gaap-ebp-2024.xsd#us-gaap-ebp_EmployeeBenefitPlanInvestmentExcludingPlanInterestInMasterTrustFairAndContractValueAbstract' xlink:label='loc_EmployeeBenefitPlanInvestmentExcludingPlanInterestInMasterTrustFairAndContractValueAbstract' xlink:type='locator' />
    <link:loc xlink:href='../elts/us-gaap-ebp-2024.xsd#us-gaap-ebp_EmployeeBenefitPlanInvestmentExcludingPlanInterestInMasterTrustFairAndContractValue' xlink:label='loc_EmployeeBenefitPlanInvestmentExcludingPlanInterestInMasterTrustFairAndContractValue' xlink:type='locator' />
    <link:loc xlink:href='../elts/us-gaap-ebp-2024.xsd#us-gaap-ebp_EmployeeBenefitPlanInvestmentPlanInterestInMasterTrustFairAndContractValueAbstract' xlink:label='loc_EmployeeBenefitPlanInvestmentPlanInterestInMasterTrustFairAndContractValueAbstract' xlink:type='locator' />
    <link:loc xlink:href='../elts/us-gaap-ebp-2024.xsd#us-gaap-ebp_EmployeeBenefitPlanInvestmentPlanInterestInMasterTrustFairAndContractValue' xlink:label='loc_EmployeeBenefitPlanInvestmentPlanInterestInMasterTrustFairAndContractValue' xlink:type='locator' />
    <link:definitionArc order='1.0' xlink:arcrole='http://xbrl.org/int/dim/arcrole/domain-member' xlink:from='loc_EmployeeBenefitPlanStatementOfNetAssetAvailableForBenefitLineItems' xlink:to='loc_EmployeeBenefitPlanNetAssetAvailableForBenefitAbstract' xlink:type='arc' />
    <link:definitionArc order='2.0' xlink:arcrole='http://xbrl.org/int/dim/arcrole/domain-member' xlink:from='loc_EmployeeBenefitPlanNetAssetAvailableForBenefitAbstract' xlink:to='loc_EmployeeBenefitPlanAssetAbstract' xlink:type='arc' />
    <link:definitionArc order='3.0' xlink:arcrole='http://xbrl.org/int/dim/arcrole/domain-member' xlink:from='loc_EmployeeBenefitPlanAssetAbstract' xlink:to='loc_EmployeeBenefitPlanInvestmentFairAndContractValueAbstract' xlink:type='arc' />
    <link:definitionArc order='4.0' xlink:arcrole='http://xbrl.org/int/dim/arcrole/domain-member' xlink:from='loc_EmployeeBenefitPlanInvestmentFairAndContractValueAbstract' xlink:to='loc_EmployeeBenefitPlanInvestmentFairValueAbstract' xlink:type='arc' />
    <link:definitionArc order='5.0' xlink:arcrole='http://xbrl.org/int/dim/arcrole/domain-member' xlink:from='loc_EmployeeBenefitPlanInvestmentFairValueAbstract' xlink:to='loc_EmployeeBenefitPlanInvestmentExcludingPlanInterestInMasterTrustFairValue' xlink:type='arc' />
    <link:definitionArc order='6.0' xlink:arcrole='http://xbrl.org/int/dim/arcrole/domain-member' xlink:from='loc_EmployeeBenefitPlanInvestmentFairValueAbstract' xlink:to='loc_EmployeeBenefitPlanInvestmentPlanInterestInMasterTrustFairValue' xlink:type='arc' />
    <link:definitionArc order='7.0' xlink:arcrole='http://xbrl.org/int/dim/arcrole/domain-member' xlink:from='loc_EmployeeBenefitPlanInvestmentFairValueAbstract' xlink:to='loc_EmployeeBenefitPlanInvestmentFairValue' xlink:type='arc' />
    <link:definitionArc order='8.0' xlink:arcrole='http://xbrl.org/int/dim/arcrole/domain-member' xlink:from='loc_EmployeeBenefitPlanInvestmentFairAndContractValueAbstract' xlink:to='loc_EmployeeBenefitPlanInvestmentContractValueAbstract' xlink:type='arc' />
    <link:definitionArc order='9.0' xlink:arcrole='http://xbrl.org/int/dim/arcrole/domain-member' xlink:from='loc_EmployeeBenefitPlanInvestmentContractValueAbstract' xlink:to='loc_EmployeeBenefitPlanInvestmentExcludingPlanInterestInMasterTrustContractValue' xlink:type='arc' />
    <link:definitionArc order='10.0' xlink:arcrole='http://xbrl.org/int/dim/arcrole/domain-member' xlink:from='loc_EmployeeBenefitPlanInvestmentContractValueAbstract' xlink:to='loc_EmployeeBenefitPlanInvestmentPlanInterestInMasterTrustContractValue' xlink:type='arc' />
    <link:definitionArc order='11.0' xlink:arcrole='http://xbrl.org/int/dim/arcrole/domain-member' xlink:from='loc_EmployeeBenefitPlanInvestmentContractValueAbstract' xlink:to='loc_EmployeeBenefitPlanInvestmentContractValue' xlink:type='arc' />
    <link:definitionArc order='12.0' xlink:arcrole='http://xbrl.org/int/dim/arcrole/domain-member' xlink:from='loc_EmployeeBenefitPlanInvestmentFairAndContractValueAbstract' xlink:to='loc_EmployeeBenefitPlanInvestmentFairAndContractValue' xlink:type='arc' />
    <link:definitionArc order='13.0' xlink:arcrole='http://xbrl.org/int/dim/arcrole/domain-member' xlink:from='loc_EmployeeBenefitPlanAssetAbstract' xlink:to='loc_EmployeeBenefitPlanReceivableAbstract' xlink:type='arc' />
    <link:definitionArc order='14.0' xlink:arcrole='http://xbrl.org/int/dim/arcrole/domain-member' xlink:from='loc_EmployeeBenefitPlanReceivableAbstract' xlink:to='loc_EmployeeBenefitPlanEmployerContributionReceivable' xlink:type='arc' />
    <link:definitionArc order='15.0' xlink:arcrole='http://xbrl.org/int/dim/arcrole/domain-member' xlink:from='loc_EmployeeBenefitPlanReceivableAbstract' xlink:to='loc_EmployeeBenefitPlanParticipantContributionReceivable' xlink:type='arc' />
    <link:definitionArc order='16.0' xlink:arcrole='http://xbrl.org/int/dim/arcrole/domain-member' xlink:from='loc_EmployeeBenefitPlanReceivableAbstract' xlink:to='loc_EmployeeBenefitPlanNoteReceivableFromParticipant' xlink:type='arc' />
    <link:definitionArc order='17.0' xlink:arcrole='http://xbrl.org/int/dim/arcrole/domain-member' xlink:from='loc_EmployeeBenefitPlanReceivableAbstract' xlink:to='loc_EmployeeBenefitPlanInvestmentIncomeReceivable' xlink:type='arc' />
    <link:definitionArc order='18.0' xlink:arcrole='http://xbrl.org/int/dim/arcrole/domain-member' xlink:from='loc_EmployeeBenefitPlanReceivableAbstract' xlink:to='loc_EmployeeBenefitPlanReceivableInvestmentSale' xlink:type='arc' />
    <link:definitionArc order='19.0' xlink:arcrole='http://xbrl.org/int/dim/arcrole/domain-member' xlink:from='loc_EmployeeBenefitPlanReceivableAbstract' xlink:to='loc_EmployeeBenefitPlanReceivableDerivativeVariationMargin' xlink:type='arc' />
    <link:definitionArc order='20.0' xlink:arcrole='http://xbrl.org/int/dim/arcrole/domain-member' xlink:from='loc_EmployeeBenefitPlanReceivableAbstract' xlink:to='loc_EmployeeBenefitPlanOtherReceivable' xlink:type='arc' />
    <link:definitionArc order='21.0' xlink:arcrole='http://xbrl.org/int/dim/arcrole/domain-member' xlink:from='loc_EmployeeBenefitPlanReceivableAbstract' xlink:to='loc_EmployeeBenefitPlanReceivable' xlink:type='arc' />
    <link:definitionArc order='22.0' xlink:arcrole='http://xbrl.org/int/dim/arcrole/domain-member' xlink:from='loc_EmployeeBenefitPlanAssetAbstract' xlink:to='loc_EmployeeBenefitPlanCash' xlink:type='arc' />
    <link:definitionArc order='23.0' xlink:arcrole='http://xbrl.org/int/dim/arcrole/domain-member' xlink:from='loc_EmployeeBenefitPlanAssetAbstract' xlink:to='loc_EmployeeBenefitPlanOtherEmployerAsset' xlink:type='arc' />
    <link:definitionArc order='24.0' xlink:arcrole='http://xbrl.org/int/dim/arcrole/domain-member' xlink:from='loc_EmployeeBenefitPlanAssetAbstract' xlink:to='loc_EmployeeBenefitPlanOtherAsset' xlink:type='arc' />
    <link:definitionArc order='25.0' xlink:arcrole='http://xbrl.org/int/dim/arcrole/domain-member' xlink:from='loc_EmployeeBenefitPlanAssetAbstract' xlink:to='loc_EmployeeBenefitPlanAsset' xlink:type='arc' />
    <link:definitionArc order='26.0' xlink:arcrole='http://xbrl.org/int/dim/arcrole/domain-member' xlink:from='loc_EmployeeBenefitPlanNetAssetAvailableForBenefitAbstract' xlink:to='loc_EmployeeBenefitPlanLiabilityAbstract' xlink:type='arc' />
    <link:definitionArc order='27.0' xlink:arcrole='http://xbrl.org/int/dim/arcrole/domain-member' xlink:from='loc_EmployeeBenefitPlanLiabilityAbstract' xlink:to='loc_EmployeeBenefitPlanAccruedExpense' xlink:type='arc' />
    <link:definitionArc order='28.0' xlink:arcrole='http://xbrl.org/int/dim/arcrole/domain-member' xlink:from='loc_EmployeeBenefitPlanLiabilityAbstract' xlink:to='loc_EmployeeBenefitPlanExcessContributionPayable' xlink:type='arc' />
    <link:definitionArc order='29.0' xlink:arcrole='http://xbrl.org/int/dim/arcrole/domain-member' xlink:from='loc_EmployeeBenefitPlanLiabilityAbstract' xlink:to='loc_EmployeeBenefitPlanLiabilityInvestmentPurchase' xlink:type='arc' />
    <link:definitionArc order='30.0' xlink:arcrole='http://xbrl.org/int/dim/arcrole/domain-member' xlink:from='loc_EmployeeBenefitPlanLiabilityAbstract' xlink:to='loc_EmployeeBenefitPlanLiabilityDerivativeVariationMargin' xlink:type='arc' />
    <link:definitionArc order='31.0' xlink:arcrole='http://xbrl.org/int/dim/arcrole/domain-member' xlink:from='loc_EmployeeBenefitPlanLiabilityAbstract' xlink:to='loc_EmployeeBenefitPlanEmployerLiability' xlink:type='arc' />
    <link:definitionArc order='32.0' xlink:arcrole='http://xbrl.org/int/dim/arcrole/domain-member' xlink:from='loc_EmployeeBenefitPlanLiabilityAbstract' xlink:to='loc_EmployeeBenefitPlanParticipantLiability' xlink:type='arc' />
    <link:definitionArc order='33.0' xlink:arcrole='http://xbrl.org/int/dim/arcrole/domain-member' xlink:from='loc_EmployeeBenefitPlanLiabilityAbstract' xlink:to='loc_EmployeeBenefitPlanDebt' xlink:type='arc' />
    <link:definitionArc order='34.0' xlink:arcrole='http://xbrl.org/int/dim/arcrole/domain-member' xlink:from='loc_EmployeeBenefitPlanLiabilityAbstract' xlink:to='loc_EmployeeBenefitPlanDebtInterestPayable' xlink:type='arc' />
    <link:definitionArc order='35.0' xlink:arcrole='http://xbrl.org/int/dim/arcrole/domain-member' xlink:from='loc_EmployeeBenefitPlanLiabilityAbstract' xlink:to='loc_EmployeeBenefitPlanOtherLiability' xlink:type='arc' />
    <link:definitionArc order='36.0' xlink:arcrole='http://xbrl.org/int/dim/arcrole/domain-member' xlink:from='loc_EmployeeBenefitPlanLiabilityAbstract' xlink:to='loc_EmployeeBenefitPlanLiability' xlink:type='arc' />
    <link:definitionArc order='37.0' xlink:arcrole='http://xbrl.org/int/dim/arcrole/domain-member' xlink:from='loc_EmployeeBenefitPlanNetAssetAvailableForBenefitAbstract' xlink:to='loc_EmployeeBenefitPlanNetAssetAvailableForBenefit' xlink:type='arc' />
    <link:definitionArc order='38.0' xlink:arcrole='http://xbrl.org/int/dim/arcrole/domain-member' xlink:from='loc_EmployeeBenefitPlanStatementOfNetAssetAvailableForBenefitLineItems' xlink:to='loc_EmployeeBenefitPlanInvestmentExcludingPlanInterestInMasterTrustFairAndContractValueAbstract' xlink:type='arc' />
    <link:definitionArc order='39.0' xlink:arcrole='http://xbrl.org/int/dim/arcrole/domain-member' xlink:from='loc_EmployeeBenefitPlanInvestmentExcludingPlanInterestInMasterTrustFairAndContractValueAbstract' xlink:to='loc_EmployeeBenefitPlanInvestmentExcludingPlanInterestInMasterTrustFairAndContractValue' xlink:type='arc' />
    <link:definitionArc order='40.0' xlink:arcrole='http://xbrl.org/int/dim/arcrole/domain-member' xlink:from='loc_EmployeeBenefitPlanStatementOfNetAssetAvailableForBenefitLineItems' xlink:to='loc_EmployeeBenefitPlanInvestmentPlanInterestInMasterTrustFairAndContractValueAbstract' xlink:type='arc' />
    <link:definitionArc order='41.0' xlink:arcrole='http://xbrl.org/int/dim/arcrole/domain-member' xlink:from='loc_EmployeeBenefitPlanInvestmentPlanInterestInMasterTrustFairAndContractValueAbstract' xlink:to='loc_EmployeeBenefitPlanInvestmentPlanInterestInMasterTrustFairAndContractValue' xlink:type='arc' />
  </link:definitionLink>
  <link:definitionLink xlink:role='http://fasb.org/us-gaap/role/statement/EBPStatementNetAssetAvailableBenefitEmployeeBenefitPlanStatementOfNetAssetAvailableForBenefitTable' xlink:type='extended'>
    <link:loc xlink:href='../../elts/us-gaap-2024.xsd#us-gaap_InvestmentTypeCategorizationMember' xlink:label='loc_InvestmentTypeCategorizationMember' xlink:type='locator' />
    <link:loc xlink:href='../../elts/us-gaap-2024.xsd#us-gaap_InterestBearingDepositsMember' xlink:label='loc_InterestBearingDepositsMember' xlink:type='locator' />
    <link:loc xlink:href='../../elts/us-gaap-2024.xsd#us-gaap_CertificatesOfDepositMember' xlink:label='loc_CertificatesOfDepositMember' xlink:type='locator' />
    <link:loc xlink:href='../../elts/us-gaap-2024.xsd#us-gaap_MoneyMarketFundsMember' xlink:label='loc_MoneyMarketFundsMember' xlink:type='locator' />
    <link:loc xlink:href='../../elts/us-gaap-2024.xsd#us-gaap_CommercialPaperMember' xlink:label='loc_CommercialPaperMember' xlink:type='locator' />
    <link:loc xlink:href='../../elts/us-gaap-2024.xsd#us-gaap_FixedIncomeInvestmentsMember' xlink:label='loc_FixedIncomeInvestmentsMember' xlink:type='locator' />
    <link:loc xlink:href='../../elts/us-gaap-2024.xsd#us-gaap_USTreasuryAndGovernmentMember' xlink:label='loc_USTreasuryAndGovernmentMember' xlink:type='locator' />
    <link:loc xlink:href='../../elts/us-gaap-2024.xsd#us-gaap_USTreasurySecuritiesMember' xlink:label='loc_USTreasurySecuritiesMember' xlink:type='locator' />
    <link:loc xlink:href='../../elts/us-gaap-2024.xsd#us-gaap_USTreasuryNotesSecuritiesMember' xlink:label='loc_USTreasuryNotesSecuritiesMember' xlink:type='locator' />
    <link:loc xlink:href='../../elts/us-gaap-2024.xsd#us-gaap_USTreasuryBondSecuritiesMember' xlink:label='loc_USTreasuryBondSecuritiesMember' xlink:type='locator' />
    <link:loc xlink:href='../../elts/us-gaap-2024.xsd#us-gaap_USTreasuryBillSecuritiesMember' xlink:label='loc_USTreasuryBillSecuritiesMember' xlink:type='locator' />
    <link:loc xlink:href='../../elts/us-gaap-2024.xsd#us-gaap_USTreasuryAndGovernmentShorttermDebtSecuritiesMember' xlink:label='loc_USTreasuryAndGovernmentShorttermDebtSecuritiesMember' xlink:type='locator' />
    <link:loc xlink:href='../../elts/us-gaap-2024.xsd#us-gaap_USGovernmentAgenciesShorttermDebtSecuritiesMember' xlink:label='loc_USGovernmentAgenciesShorttermDebtSecuritiesMember' xlink:type='locator' />
    <link:loc xlink:href='../../elts/us-gaap-2024.xsd#us-gaap_AssetBackedSecuritiesMember' xlink:label='loc_AssetBackedSecuritiesMember' xlink:type='locator' />
    <link:loc xlink:href='../../elts/us-gaap-2024.xsd#us-gaap_CollateralizedMortgageObligationsMember' xlink:label='loc_CollateralizedMortgageObligationsMember' xlink:type='locator' />
    <link:loc xlink:href='../../elts/us-gaap-2024.xsd#us-gaap_CorporateDebtSecuritiesMember' xlink:label='loc_CorporateDebtSecuritiesMember' xlink:type='locator' />
    <link:loc xlink:href='../../elts/us-gaap-2024.xsd#us-gaap_CorporateBondSecuritiesMember' xlink:label='loc_CorporateBondSecuritiesMember' xlink:type='locator' />
    <link:loc xlink:href='../../elts/us-gaap-2024.xsd#us-gaap_CorporateNoteSecuritiesMember' xlink:label='loc_CorporateNoteSecuritiesMember' xlink:type='locator' />
    <link:loc xlink:href='../../elts/us-gaap-2024.xsd#us-gaap_ConvertibleDebtSecuritiesMember' xlink:label='loc_ConvertibleDebtSecuritiesMember' xlink:type='locator' />
    <link:loc xlink:href='../../elts/us-gaap-2024.xsd#us-gaap_ShortTermDebtMember' xlink:label='loc_ShortTermDebtMember' xlink:type='locator' />
    <link:loc xlink:href='../../elts/us-gaap-2024.xsd#us-gaap_SeniorNotesMember' xlink:label='loc_SeniorNotesMember' xlink:type='locator' />
    <link:loc xlink:href='../../elts/us-gaap-2024.xsd#us-gaap_SubordinatedDebtMember' xlink:label='loc_SubordinatedDebtMember' xlink:type='locator' />
    <link:loc xlink:href='../../elts/us-gaap-2024.xsd#us-gaap_SeniorSubordinatedNotesMember' xlink:label='loc_SeniorSubordinatedNotesMember' xlink:type='locator' />
    <link:loc xlink:href='../../elts/us-gaap-2024.xsd#us-gaap_SeniorSubordinatedLoansMember' xlink:label='loc_SeniorSubordinatedLoansMember' xlink:type='locator' />
    <link:loc xlink:href='../../elts/us-gaap-2024.xsd#us-gaap_JuniorSubordinatedDebtMember' xlink:label='loc_JuniorSubordinatedDebtMember' xlink:type='locator' />
    <link:loc xlink:href='../../elts/us-gaap-2024.xsd#us-gaap_SovereignDebtSecuritiesMember' xlink:label='loc_SovereignDebtSecuritiesMember' xlink:type='locator' />
    <link:loc xlink:href='../../elts/us-gaap-2024.xsd#us-gaap_EquitySecuritiesMember' xlink:label='loc_EquitySecuritiesMember' xlink:type='locator' />
    <link:loc xlink:href='../../elts/us-gaap-2024.xsd#us-gaap_CommonStockMember' xlink:label='loc_CommonStockMember' xlink:type='locator' />
    <link:loc xlink:href='../elts/us-gaap-ebp-2024.xsd#us-gaap-ebp_EmployeeBenefitPlanEmployerCommonStockMember' xlink:label='loc_EmployeeBenefitPlanEmployerCommonStockMember' xlink:type='locator' />
    <link:loc xlink:href='../elts/us-gaap-ebp-2024.xsd#us-gaap-ebp_EmployeeBenefitPlanEmployerCommonStockClassAMember' xlink:label='loc_EmployeeBenefitPlanEmployerCommonStockClassAMember' xlink:type='locator' />
    <link:loc xlink:href='../elts/us-gaap-ebp-2024.xsd#us-gaap-ebp_EmployeeBenefitPlanEmployerCommonStockClassBMember' xlink:label='loc_EmployeeBenefitPlanEmployerCommonStockClassBMember' xlink:type='locator' />
    <link:loc xlink:href='../elts/us-gaap-ebp-2024.xsd#us-gaap-ebp_EmployeeBenefitPlanEmployerCommonStockFundMember' xlink:label='loc_EmployeeBenefitPlanEmployerCommonStockFundMember' xlink:type='locator' />
    <link:loc xlink:href='../../elts/us-gaap-2024.xsd#us-gaap_PreferredStockMember' xlink:label='loc_PreferredStockMember' xlink:type='locator' />
    <link:loc xlink:href='../elts/us-gaap-ebp-2024.xsd#us-gaap-ebp_EmployeeBenefitPlanEmployerPreferredStockMember' xlink:label='loc_EmployeeBenefitPlanEmployerPreferredStockMember' xlink:type='locator' />
    <link:loc xlink:href='../../elts/us-gaap-2024.xsd#us-gaap_PreferredNonConvertibleStockMember' xlink:label='loc_PreferredNonConvertibleStockMember' xlink:type='locator' />
    <link:loc xlink:href='../../elts/us-gaap-2024.xsd#us-gaap_ConvertiblePreferredStockMember' xlink:label='loc_ConvertiblePreferredStockMember' xlink:type='locator' />
    <link:loc xlink:href='../../elts/us-gaap-2024.xsd#us-gaap_ContingentConvertiblePreferredStockMember' xlink:label='loc_ContingentConvertiblePreferredStockMember' xlink:type='locator' />
    <link:loc xlink:href='../../elts/us-gaap-2024.xsd#us-gaap_NonredeemablePreferredStockMember' xlink:label='loc_NonredeemablePreferredStockMember' xlink:type='locator' />
    <link:loc xlink:href='../../elts/us-gaap-2024.xsd#us-gaap_RedeemablePreferredStockMember' xlink:label='loc_RedeemablePreferredStockMember' xlink:type='locator' />
    <link:loc xlink:href='../../elts/us-gaap-2024.xsd#us-gaap_WarrantMember' xlink:label='loc_WarrantMember' xlink:type='locator' />
    <link:loc xlink:href='../../elts/us-gaap-2024.xsd#us-gaap_PrivateEquityFundsMember' xlink:label='loc_PrivateEquityFundsMember' xlink:type='locator' />
    <link:loc xlink:href='../../elts/us-gaap-2024.xsd#us-gaap_HedgeFundsMember' xlink:label='loc_HedgeFundsMember' xlink:type='locator' />
    <link:loc xlink:href='../../elts/us-gaap-2024.xsd#us-gaap_DefinedBenefitPlanRealEstateMember' xlink:label='loc_DefinedBenefitPlanRealEstateMember' xlink:type='locator' />
    <link:loc xlink:href='../../elts/us-gaap-2024.xsd#us-gaap_DefinedBenefitPlanCommonCollectiveTrustMember' xlink:label='loc_DefinedBenefitPlanCommonCollectiveTrustMember' xlink:type='locator' />
    <link:loc xlink:href='../elts/us-gaap-ebp-2024.xsd#us-gaap-ebp_EmployeeBenefitPlanPooledSeparateAccountMember' xlink:label='loc_EmployeeBenefitPlanPooledSeparateAccountMember' xlink:type='locator' />
    <link:loc xlink:href='../../elts/us-gaap-2024.xsd#us-gaap_MutualFundMember' xlink:label='loc_MutualFundMember' xlink:type='locator' />
    <link:loc xlink:href='../../elts/us-gaap-2024.xsd#us-gaap_EquityFundsMember' xlink:label='loc_EquityFundsMember' xlink:type='locator' />
    <link:loc xlink:href='../../elts/us-gaap-2024.xsd#us-gaap_FixedIncomeFundsMember' xlink:label='loc_FixedIncomeFundsMember' xlink:type='locator' />
    <link:loc xlink:href='../../elts/us-gaap-2024.xsd#us-gaap_BalancedFundsMember' xlink:label='loc_BalancedFundsMember' xlink:type='locator' />
    <link:loc xlink:href='../elts/us-gaap-ebp-2024.xsd#us-gaap-ebp_EmployeeBenefitPlanSelfDirectedBrokerageAccountMember' xlink:label='loc_EmployeeBenefitPlanSelfDirectedBrokerageAccountMember' xlink:type='locator' />
    <link:loc xlink:href='../elts/us-gaap-ebp-2024.xsd#us-gaap-ebp_EmployeeBenefitPlanTraditionalGuaranteedInvestmentContractMember' xlink:label='loc_EmployeeBenefitPlanTraditionalGuaranteedInvestmentContractMember' xlink:type='locator' />
    <link:loc xlink:href='../elts/us-gaap-ebp-2024.xsd#us-gaap-ebp_EmployeeBenefitPlanSyntheticInvestmentContractMember' xlink:label='loc_EmployeeBenefitPlanSyntheticInvestmentContractMember' xlink:type='locator' />
    <link:loc xlink:href='../../elts/us-gaap-2024.xsd#us-gaap_DerivativeMember' xlink:label='loc_DerivativeMember' xlink:type='locator' />
    <link:loc xlink:href='../../elts/us-gaap-2024.xsd#us-gaap_OtherAggregatedInvestmentsMember' xlink:label='loc_OtherAggregatedInvestmentsMember' xlink:type='locator' />
    <link:loc xlink:href='../elts/us-gaap-ebp-2024.xsd#us-gaap-ebp_EmployeeBenefitPlanAllocationStatusDomain' xlink:label='loc_EmployeeBenefitPlanAllocationStatusDomain' xlink:type='locator' />
    <link:loc xlink:href='../elts/us-gaap-ebp-2024.xsd#us-gaap-ebp_EmployeeBenefitPlanUnallocatedMember' xlink:label='loc_EmployeeBenefitPlanUnallocatedMember' xlink:type='locator' />
    <link:loc xlink:href='../elts/us-gaap-ebp-2024.xsd#us-gaap-ebp_EmployeeBenefitPlanAllocatedMember' xlink:label='loc_EmployeeBenefitPlanAllocatedMember' xlink:type='locator' />
    <link:loc xlink:href='../elts/us-gaap-ebp-2024.xsd#us-gaap-ebp_EmployeeBenefitPlanParticipantDirectedStatusDomain' xlink:label='loc_EmployeeBenefitPlanParticipantDirectedStatusDomain' xlink:type='locator' />
    <link:loc xlink:href='../elts/us-gaap-ebp-2024.xsd#us-gaap-ebp_EmployeeBenefitPlanNonparticipantDirectedMember' xlink:label='loc_EmployeeBenefitPlanNonparticipantDirectedMember' xlink:type='locator' />
    <link:loc xlink:href='../elts/us-gaap-ebp-2024.xsd#us-gaap-ebp_EmployeeBenefitPlanParticipantDirectedMember' xlink:label='loc_EmployeeBenefitPlanParticipantDirectedMember' xlink:type='locator' />
    <link:loc xlink:href='../elts/us-gaap-ebp-2024.xsd#us-gaap-ebp_EmployeeBenefitPlanRelatedPartyAndPartyInInterestDomain' xlink:label='loc_EmployeeBenefitPlanRelatedPartyAndPartyInInterestDomain' xlink:type='locator' />
    <link:loc xlink:href='../elts/us-gaap-ebp-2024.xsd#us-gaap-ebp_EmployeeBenefitPlanTrusteeMember' xlink:label='loc_EmployeeBenefitPlanTrusteeMember' xlink:type='locator' />
    <link:loc xlink:href='../elts/us-gaap-ebp-2024.xsd#us-gaap-ebp_EmployeeBenefitPlanManagementMember' xlink:label='loc_EmployeeBenefitPlanManagementMember' xlink:type='locator' />
    <link:loc xlink:href='../elts/us-gaap-ebp-2024.xsd#us-gaap-ebp_EmployeeBenefitPlanEmployerDirectorMember' xlink:label='loc_EmployeeBenefitPlanEmployerDirectorMember' xlink:type='locator' />
    <link:loc xlink:href='../elts/us-gaap-ebp-2024.xsd#us-gaap-ebp_EmployeeBenefitPlanEmployerOfficerMember' xlink:label='loc_EmployeeBenefitPlanEmployerOfficerMember' xlink:type='locator' />
    <link:loc xlink:href='../elts/us-gaap-ebp-2024.xsd#us-gaap-ebp_EmployeeBenefitPlanEmployerPrincipalHolderMember' xlink:label='loc_EmployeeBenefitPlanEmployerPrincipalHolderMember' xlink:type='locator' />
    <link:loc xlink:href='../elts/us-gaap-ebp-2024.xsd#us-gaap-ebp_EmployeeBenefitPlanOtherRelatedPartyAndPartyInInterestMember' xlink:label='loc_EmployeeBenefitPlanOtherRelatedPartyAndPartyInInterestMember' xlink:type='locator' />
    <link:definitionArc order='1.0' xlink:arcrole='http://xbrl.org/int/dim/arcrole/domain-member' xlink:from='loc_InvestmentTypeCategorizationMember' xlink:to='loc_InterestBearingDepositsMember' xlink:type='arc' />
    <link:definitionArc order='2.0' xlink:arcrole='http://xbrl.org/int/dim/arcrole/domain-member' xlink:from='loc_InvestmentTypeCategorizationMember' xlink:to='loc_CertificatesOfDepositMember' xlink:type='arc' />
    <link:definitionArc order='3.0' xlink:arcrole='http://xbrl.org/int/dim/arcrole/domain-member' xlink:from='loc_InvestmentTypeCategorizationMember' xlink:to='loc_MoneyMarketFundsMember' xlink:type='arc' />
    <link:definitionArc order='4.0' xlink:arcrole='http://xbrl.org/int/dim/arcrole/domain-member' xlink:from='loc_InvestmentTypeCategorizationMember' xlink:to='loc_CommercialPaperMember' xlink:type='arc' />
    <link:definitionArc order='5.0' xlink:arcrole='http://xbrl.org/int/dim/arcrole/domain-member' xlink:from='loc_InvestmentTypeCategorizationMember' xlink:to='loc_FixedIncomeInvestmentsMember' xlink:type='arc' />
    <link:definitionArc order='6.0' xlink:arcrole='http://xbrl.org/int/dim/arcrole/domain-member' xlink:from='loc_FixedIncomeInvestmentsMember' xlink:to='loc_USTreasuryAndGovernmentMember' xlink:type='arc' />
    <link:definitionArc order='7.0' xlink:arcrole='http://xbrl.org/int/dim/arcrole/domain-member' xlink:from='loc_USTreasuryAndGovernmentMember' xlink:to='loc_USTreasurySecuritiesMember' xlink:type='arc' />
    <link:definitionArc order='8.0' xlink:arcrole='http://xbrl.org/int/dim/arcrole/domain-member' xlink:from='loc_USTreasuryAndGovernmentMember' xlink:to='loc_USTreasuryNotesSecuritiesMember' xlink:type='arc' />
    <link:definitionArc order='9.0' xlink:arcrole='http://xbrl.org/int/dim/arcrole/domain-member' xlink:from='loc_USTreasuryAndGovernmentMember' xlink:to='loc_USTreasuryBondSecuritiesMember' xlink:type='arc' />
    <link:definitionArc order='10.0' xlink:arcrole='http://xbrl.org/int/dim/arcrole/domain-member' xlink:from='loc_USTreasuryAndGovernmentMember' xlink:to='loc_USTreasuryBillSecuritiesMember' xlink:type='arc' />
    <link:definitionArc order='11.0' xlink:arcrole='http://xbrl.org/int/dim/arcrole/domain-member' xlink:from='loc_USTreasuryAndGovernmentMember' xlink:to='loc_USTreasuryAndGovernmentShorttermDebtSecuritiesMember' xlink:type='arc' />
    <link:definitionArc order='12.0' xlink:arcrole='http://xbrl.org/int/dim/arcrole/domain-member' xlink:from='loc_USTreasuryAndGovernmentMember' xlink:to='loc_USGovernmentAgenciesShorttermDebtSecuritiesMember' xlink:type='arc' />
    <link:definitionArc order='13.0' xlink:arcrole='http://xbrl.org/int/dim/arcrole/domain-member' xlink:from='loc_FixedIncomeInvestmentsMember' xlink:to='loc_AssetBackedSecuritiesMember' xlink:type='arc' />
    <link:definitionArc order='14.0' xlink:arcrole='http://xbrl.org/int/dim/arcrole/domain-member' xlink:from='loc_FixedIncomeInvestmentsMember' xlink:to='loc_CollateralizedMortgageObligationsMember' xlink:type='arc' />
    <link:definitionArc order='15.0' xlink:arcrole='http://xbrl.org/int/dim/arcrole/domain-member' xlink:from='loc_FixedIncomeInvestmentsMember' xlink:to='loc_CorporateDebtSecuritiesMember' xlink:type='arc' />
    <link:definitionArc order='16.0' xlink:arcrole='http://xbrl.org/int/dim/arcrole/domain-member' xlink:from='loc_FixedIncomeInvestmentsMember' xlink:to='loc_CorporateBondSecuritiesMember' xlink:type='arc' />
    <link:definitionArc order='17.0' xlink:arcrole='http://xbrl.org/int/dim/arcrole/domain-member' xlink:from='loc_FixedIncomeInvestmentsMember' xlink:to='loc_CorporateNoteSecuritiesMember' xlink:type='arc' />
    <link:definitionArc order='18.0' xlink:arcrole='http://xbrl.org/int/dim/arcrole/domain-member' xlink:from='loc_FixedIncomeInvestmentsMember' xlink:to='loc_ConvertibleDebtSecuritiesMember' xlink:type='arc' />
    <link:definitionArc order='19.0' xlink:arcrole='http://xbrl.org/int/dim/arcrole/domain-member' xlink:from='loc_FixedIncomeInvestmentsMember' xlink:to='loc_ShortTermDebtMember' xlink:type='arc' />
    <link:definitionArc order='20.0' xlink:arcrole='http://xbrl.org/int/dim/arcrole/domain-member' xlink:from='loc_FixedIncomeInvestmentsMember' xlink:to='loc_SeniorNotesMember' xlink:type='arc' />
    <link:definitionArc order='21.0' xlink:arcrole='http://xbrl.org/int/dim/arcrole/domain-member' xlink:from='loc_FixedIncomeInvestmentsMember' xlink:to='loc_SubordinatedDebtMember' xlink:type='arc' />
    <link:definitionArc order='22.0' xlink:arcrole='http://xbrl.org/int/dim/arcrole/domain-member' xlink:from='loc_FixedIncomeInvestmentsMember' xlink:to='loc_SeniorSubordinatedNotesMember' xlink:type='arc' />
    <link:definitionArc order='23.0' xlink:arcrole='http://xbrl.org/int/dim/arcrole/domain-member' xlink:from='loc_FixedIncomeInvestmentsMember' xlink:to='loc_SeniorSubordinatedLoansMember' xlink:type='arc' />
    <link:definitionArc order='24.0' xlink:arcrole='http://xbrl.org/int/dim/arcrole/domain-member' xlink:from='loc_FixedIncomeInvestmentsMember' xlink:to='loc_JuniorSubordinatedDebtMember' xlink:type='arc' />
    <link:definitionArc order='25.0' xlink:arcrole='http://xbrl.org/int/dim/arcrole/domain-member' xlink:from='loc_FixedIncomeInvestmentsMember' xlink:to='loc_SovereignDebtSecuritiesMember' xlink:type='arc' />
    <link:definitionArc order='26.0' xlink:arcrole='http://xbrl.org/int/dim/arcrole/domain-member' xlink:from='loc_InvestmentTypeCategorizationMember' xlink:to='loc_EquitySecuritiesMember' xlink:type='arc' />
    <link:definitionArc order='27.0' xlink:arcrole='http://xbrl.org/int/dim/arcrole/domain-member' xlink:from='loc_EquitySecuritiesMember' xlink:to='loc_CommonStockMember' xlink:type='arc' />
    <link:definitionArc order='28.0' xlink:arcrole='http://xbrl.org/int/dim/arcrole/domain-member' xlink:from='loc_CommonStockMember' xlink:to='loc_EmployeeBenefitPlanEmployerCommonStockMember' xlink:type='arc' />
    <link:definitionArc order='29.0' xlink:arcrole='http://xbrl.org/int/dim/arcrole/domain-member' xlink:from='loc_EmployeeBenefitPlanEmployerCommonStockMember' xlink:to='loc_EmployeeBenefitPlanEmployerCommonStockClassAMember' xlink:type='arc' />
    <link:definitionArc order='30.0' xlink:arcrole='http://xbrl.org/int/dim/arcrole/domain-member' xlink:from='loc_EmployeeBenefitPlanEmployerCommonStockMember' xlink:to='loc_EmployeeBenefitPlanEmployerCommonStockClassBMember' xlink:type='arc' />
    <link:definitionArc order='31.0' xlink:arcrole='http://xbrl.org/int/dim/arcrole/domain-member' xlink:from='loc_CommonStockMember' xlink:to='loc_EmployeeBenefitPlanEmployerCommonStockFundMember' xlink:type='arc' />
    <link:definitionArc order='32.0' xlink:arcrole='http://xbrl.org/int/dim/arcrole/domain-member' xlink:from='loc_EquitySecuritiesMember' xlink:to='loc_PreferredStockMember' xlink:type='arc' />
    <link:definitionArc order='33.0' xlink:arcrole='http://xbrl.org/int/dim/arcrole/domain-member' xlink:from='loc_PreferredStockMember' xlink:to='loc_EmployeeBenefitPlanEmployerPreferredStockMember' xlink:type='arc' />
    <link:definitionArc order='34.0' xlink:arcrole='http://xbrl.org/int/dim/arcrole/domain-member' xlink:from='loc_EquitySecuritiesMember' xlink:to='loc_PreferredNonConvertibleStockMember' xlink:type='arc' />
    <link:definitionArc order='35.0' xlink:arcrole='http://xbrl.org/int/dim/arcrole/domain-member' xlink:from='loc_EquitySecuritiesMember' xlink:to='loc_ConvertiblePreferredStockMember' xlink:type='arc' />
    <link:definitionArc order='36.0' xlink:arcrole='http://xbrl.org/int/dim/arcrole/domain-member' xlink:from='loc_EquitySecuritiesMember' xlink:to='loc_ContingentConvertiblePreferredStockMember' xlink:type='arc' />
    <link:definitionArc order='37.0' xlink:arcrole='http://xbrl.org/int/dim/arcrole/domain-member' xlink:from='loc_EquitySecuritiesMember' xlink:to='loc_NonredeemablePreferredStockMember' xlink:type='arc' />
    <link:definitionArc order='38.0' xlink:arcrole='http://xbrl.org/int/dim/arcrole/domain-member' xlink:from='loc_EquitySecuritiesMember' xlink:to='loc_RedeemablePreferredStockMember' xlink:type='arc' />
    <link:definitionArc order='39.0' xlink:arcrole='http://xbrl.org/int/dim/arcrole/domain-member' xlink:from='loc_EquitySecuritiesMember' xlink:to='loc_WarrantMember' xlink:type='arc' />
    <link:definitionArc order='40.0' xlink:arcrole='http://xbrl.org/int/dim/arcrole/domain-member' xlink:from='loc_InvestmentTypeCategorizationMember' xlink:to='loc_PrivateEquityFundsMember' xlink:type='arc' />
    <link:definitionArc order='41.0' xlink:arcrole='http://xbrl.org/int/dim/arcrole/domain-member' xlink:from='loc_InvestmentTypeCategorizationMember' xlink:to='loc_HedgeFundsMember' xlink:type='arc' />
    <link:definitionArc order='42.0' xlink:arcrole='http://xbrl.org/int/dim/arcrole/domain-member' xlink:from='loc_InvestmentTypeCategorizationMember' xlink:to='loc_DefinedBenefitPlanRealEstateMember' xlink:type='arc' />
    <link:definitionArc order='43.0' xlink:arcrole='http://xbrl.org/int/dim/arcrole/domain-member' xlink:from='loc_InvestmentTypeCategorizationMember' xlink:to='loc_DefinedBenefitPlanCommonCollectiveTrustMember' xlink:type='arc' />
    <link:definitionArc order='44.0' xlink:arcrole='http://xbrl.org/int/dim/arcrole/domain-member' xlink:from='loc_InvestmentTypeCategorizationMember' xlink:to='loc_EmployeeBenefitPlanPooledSeparateAccountMember' xlink:type='arc' />
    <link:definitionArc order='45.0' xlink:arcrole='http://xbrl.org/int/dim/arcrole/domain-member' xlink:from='loc_InvestmentTypeCategorizationMember' xlink:to='loc_MutualFundMember' xlink:type='arc' />
    <link:definitionArc order='46.0' xlink:arcrole='http://xbrl.org/int/dim/arcrole/domain-member' xlink:from='loc_MutualFundMember' xlink:to='loc_EquityFundsMember' xlink:type='arc' />
    <link:definitionArc order='47.0' xlink:arcrole='http://xbrl.org/int/dim/arcrole/domain-member' xlink:from='loc_MutualFundMember' xlink:to='loc_FixedIncomeFundsMember' xlink:type='arc' />
    <link:definitionArc order='48.0' xlink:arcrole='http://xbrl.org/int/dim/arcrole/domain-member' xlink:from='loc_MutualFundMember' xlink:to='loc_BalancedFundsMember' xlink:type='arc' />
    <link:definitionArc order='49.0' xlink:arcrole='http://xbrl.org/int/dim/arcrole/domain-member' xlink:from='loc_InvestmentTypeCategorizationMember' xlink:to='loc_EmployeeBenefitPlanSelfDirectedBrokerageAccountMember' xlink:type='arc' />
    <link:definitionArc order='50.0' xlink:arcrole='http://xbrl.org/int/dim/arcrole/domain-member' xlink:from='loc_InvestmentTypeCategorizationMember' xlink:to='loc_EmployeeBenefitPlanTraditionalGuaranteedInvestmentContractMember' xlink:type='arc' />
    <link:definitionArc order='51.0' xlink:arcrole='http://xbrl.org/int/dim/arcrole/domain-member' xlink:from='loc_InvestmentTypeCategorizationMember' xlink:to='loc_EmployeeBenefitPlanSyntheticInvestmentContractMember' xlink:type='arc' />
    <link:definitionArc order='52.0' xlink:arcrole='http://xbrl.org/int/dim/arcrole/domain-member' xlink:from='loc_InvestmentTypeCategorizationMember' xlink:to='loc_DerivativeMember' xlink:type='arc' />
    <link:definitionArc order='53.0' xlink:arcrole='http://xbrl.org/int/dim/arcrole/domain-member' xlink:from='loc_InvestmentTypeCategorizationMember' xlink:to='loc_OtherAggregatedInvestmentsMember' xlink:type='arc' />
    <link:definitionArc order='54.0' xlink:arcrole='http://xbrl.org/int/dim/arcrole/domain-member' xlink:from='loc_EmployeeBenefitPlanAllocationStatusDomain' xlink:to='loc_EmployeeBenefitPlanUnallocatedMember' xlink:type='arc' />
    <link:definitionArc order='55.0' xlink:arcrole='http://xbrl.org/int/dim/arcrole/domain-member' xlink:from='loc_EmployeeBenefitPlanAllocationStatusDomain' xlink:to='loc_EmployeeBenefitPlanAllocatedMember' xlink:type='arc' />
    <link:definitionArc order='56.0' xlink:arcrole='http://xbrl.org/int/dim/arcrole/domain-member' xlink:from='loc_EmployeeBenefitPlanParticipantDirectedStatusDomain' xlink:to='loc_EmployeeBenefitPlanNonparticipantDirectedMember' xlink:type='arc' />
    <link:definitionArc order='57.0' xlink:arcrole='http://xbrl.org/int/dim/arcrole/domain-member' xlink:from='loc_EmployeeBenefitPlanParticipantDirectedStatusDomain' xlink:to='loc_EmployeeBenefitPlanParticipantDirectedMember' xlink:type='arc' />
    <link:definitionArc order='58.0' xlink:arcrole='http://xbrl.org/int/dim/arcrole/domain-member' xlink:from='loc_EmployeeBenefitPlanRelatedPartyAndPartyInInterestDomain' xlink:to='loc_EmployeeBenefitPlanTrusteeMember' xlink:type='arc' />
    <link:definitionArc order='59.0' xlink:arcrole='http://xbrl.org/int/dim/arcrole/domain-member' xlink:from='loc_EmployeeBenefitPlanRelatedPartyAndPartyInInterestDomain' xlink:to='loc_EmployeeBenefitPlanManagementMember' xlink:type='arc' />
    <link:definitionArc order='60.0' xlink:arcrole='http://xbrl.org/int/dim/arcrole/domain-member' xlink:from='loc_EmployeeBenefitPlanRelatedPartyAndPartyInInterestDomain' xlink:to='loc_EmployeeBenefitPlanEmployerDirectorMember' xlink:type='arc' />
    <link:definitionArc order='61.0' xlink:arcrole='http://xbrl.org/int/dim/arcrole/domain-member' xlink:from='loc_EmployeeBenefitPlanRelatedPartyAndPartyInInterestDomain' xlink:to='loc_EmployeeBenefitPlanEmployerOfficerMember' xlink:type='arc' />
    <link:definitionArc order='62.0' xlink:arcrole='http://xbrl.org/int/dim/arcrole/domain-member' xlink:from='loc_EmployeeBenefitPlanRelatedPartyAndPartyInInterestDomain' xlink:to='loc_EmployeeBenefitPlanEmployerPrincipalHolderMember' xlink:type='arc' />
    <link:definitionArc order='63.0' xlink:arcrole='http://xbrl.org/int/dim/arcrole/domain-member' xlink:from='loc_EmployeeBenefitPlanRelatedPartyAndPartyInInterestDomain' xlink:to='loc_EmployeeBenefitPlanOtherRelatedPartyAndPartyInInterestMember' xlink:type='arc' />
  </link:definitionLink>
</link:linkbase>
