<?xml version='1.0' encoding='UTF-8'?>

<!--
(c) 2010-2024 Financial Accounting Foundation; (c) 2007-2010 XBRL US, Inc.  All Rights Reserved.
Notice: Authorized Uses are Set Forth at https://xbrl.fasb.org/terms/TaxonomiesTermsConditions.html
  -->
<link:linkbase xmlns:link='http://www.xbrl.org/2003/linkbase' xmlns:xlink='http://www.w3.org/1999/xlink' xmlns:xsi='http://www.w3.org/2001/XMLSchema-instance' xsi:schemaLocation='http://www.xbrl.org/2003/linkbase http://www.xbrl.org/2003/xbrl-linkbase-2003-12-31.xsd'>
  <link:arcroleRef arcroleURI='https://xbrl.org/2023/arcrole/summation-item' xlink:href='https://www.xbrl.org/2023/calculation-1.1.xsd#summation-item' xlink:type='simple'/>
  <link:roleRef roleURI='http://fasb.org/us-gaap/role/statement/EBPStatementNetAssetAvailableBenefit' xlink:href='../../elts/us-roles-2024.xsd#ebp-snaab' xlink:type='simple' />
  <link:calculationLink xlink:role='http://fasb.org/us-gaap/role/statement/EBPStatementNetAssetAvailableBenefit' xlink:type='extended'>
    <link:loc xlink:href='../elts/us-gaap-ebp-2024.xsd#us-gaap-ebp_EmployeeBenefitPlanNetAssetAvailableForBenefit' xlink:label='loc_EmployeeBenefitPlanNetAssetAvailableForBenefit' xlink:type='locator' />
    <link:loc xlink:href='../elts/us-gaap-ebp-2024.xsd#us-gaap-ebp_EmployeeBenefitPlanAsset' xlink:label='loc_EmployeeBenefitPlanAsset' xlink:type='locator' />
    <link:loc xlink:href='../elts/us-gaap-ebp-2024.xsd#us-gaap-ebp_EmployeeBenefitPlanInvestmentFairAndContractValue' xlink:label='loc_EmployeeBenefitPlanInvestmentFairAndContractValue' xlink:type='locator' />
    <link:loc xlink:href='../elts/us-gaap-ebp-2024.xsd#us-gaap-ebp_EmployeeBenefitPlanInvestmentFairValue' xlink:label='loc_EmployeeBenefitPlanInvestmentFairValue' xlink:type='locator' />
    <link:loc xlink:href='../elts/us-gaap-ebp-2024.xsd#us-gaap-ebp_EmployeeBenefitPlanInvestmentExcludingPlanInterestInMasterTrustFairValue' xlink:label='loc_EmployeeBenefitPlanInvestmentExcludingPlanInterestInMasterTrustFairValue' xlink:type='locator' />
    <link:loc xlink:href='../elts/us-gaap-ebp-2024.xsd#us-gaap-ebp_EmployeeBenefitPlanInvestmentPlanInterestInMasterTrustFairValue' xlink:label='loc_EmployeeBenefitPlanInvestmentPlanInterestInMasterTrustFairValue' xlink:type='locator' />
    <link:loc xlink:href='../elts/us-gaap-ebp-2024.xsd#us-gaap-ebp_EmployeeBenefitPlanInvestmentContractValue' xlink:label='loc_EmployeeBenefitPlanInvestmentContractValue' xlink:type='locator' />
    <link:loc xlink:href='../elts/us-gaap-ebp-2024.xsd#us-gaap-ebp_EmployeeBenefitPlanInvestmentExcludingPlanInterestInMasterTrustContractValue' xlink:label='loc_EmployeeBenefitPlanInvestmentExcludingPlanInterestInMasterTrustContractValue' xlink:type='locator' />
    <link:loc xlink:href='../elts/us-gaap-ebp-2024.xsd#us-gaap-ebp_EmployeeBenefitPlanInvestmentPlanInterestInMasterTrustContractValue' xlink:label='loc_EmployeeBenefitPlanInvestmentPlanInterestInMasterTrustContractValue' xlink:type='locator' />
    <link:loc xlink:href='../elts/us-gaap-ebp-2024.xsd#us-gaap-ebp_EmployeeBenefitPlanReceivable' xlink:label='loc_EmployeeBenefitPlanReceivable' xlink:type='locator' />
    <link:loc xlink:href='../elts/us-gaap-ebp-2024.xsd#us-gaap-ebp_EmployeeBenefitPlanEmployerContributionReceivable' xlink:label='loc_EmployeeBenefitPlanEmployerContributionReceivable' xlink:type='locator' />
    <link:loc xlink:href='../elts/us-gaap-ebp-2024.xsd#us-gaap-ebp_EmployeeBenefitPlanParticipantContributionReceivable' xlink:label='loc_EmployeeBenefitPlanParticipantContributionReceivable' xlink:type='locator' />
    <link:loc xlink:href='../elts/us-gaap-ebp-2024.xsd#us-gaap-ebp_EmployeeBenefitPlanNoteReceivableFromParticipant' xlink:label='loc_EmployeeBenefitPlanNoteReceivableFromParticipant' xlink:type='locator' />
    <link:loc xlink:href='../elts/us-gaap-ebp-2024.xsd#us-gaap-ebp_EmployeeBenefitPlanInvestmentIncomeReceivable' xlink:label='loc_EmployeeBenefitPlanInvestmentIncomeReceivable' xlink:type='locator' />
    <link:loc xlink:href='../elts/us-gaap-ebp-2024.xsd#us-gaap-ebp_EmployeeBenefitPlanReceivableInvestmentSale' xlink:label='loc_EmployeeBenefitPlanReceivableInvestmentSale' xlink:type='locator' />
    <link:loc xlink:href='../elts/us-gaap-ebp-2024.xsd#us-gaap-ebp_EmployeeBenefitPlanReceivableDerivativeVariationMargin' xlink:label='loc_EmployeeBenefitPlanReceivableDerivativeVariationMargin' xlink:type='locator' />
    <link:loc xlink:href='../elts/us-gaap-ebp-2024.xsd#us-gaap-ebp_EmployeeBenefitPlanOtherReceivable' xlink:label='loc_EmployeeBenefitPlanOtherReceivable' xlink:type='locator' />
    <link:loc xlink:href='../elts/us-gaap-ebp-2024.xsd#us-gaap-ebp_EmployeeBenefitPlanCash' xlink:label='loc_EmployeeBenefitPlanCash' xlink:type='locator' />
    <link:loc xlink:href='../elts/us-gaap-ebp-2024.xsd#us-gaap-ebp_EmployeeBenefitPlanOtherEmployerAsset' xlink:label='loc_EmployeeBenefitPlanOtherEmployerAsset' xlink:type='locator' />
    <link:loc xlink:href='../elts/us-gaap-ebp-2024.xsd#us-gaap-ebp_EmployeeBenefitPlanOtherAsset' xlink:label='loc_EmployeeBenefitPlanOtherAsset' xlink:type='locator' />
    <link:loc xlink:href='../elts/us-gaap-ebp-2024.xsd#us-gaap-ebp_EmployeeBenefitPlanLiability' xlink:label='loc_EmployeeBenefitPlanLiability' xlink:type='locator' />
    <link:loc xlink:href='../elts/us-gaap-ebp-2024.xsd#us-gaap-ebp_EmployeeBenefitPlanAccruedExpense' xlink:label='loc_EmployeeBenefitPlanAccruedExpense' xlink:type='locator' />
    <link:loc xlink:href='../elts/us-gaap-ebp-2024.xsd#us-gaap-ebp_EmployeeBenefitPlanExcessContributionPayable' xlink:label='loc_EmployeeBenefitPlanExcessContributionPayable' xlink:type='locator' />
    <link:loc xlink:href='../elts/us-gaap-ebp-2024.xsd#us-gaap-ebp_EmployeeBenefitPlanLiabilityInvestmentPurchase' xlink:label='loc_EmployeeBenefitPlanLiabilityInvestmentPurchase' xlink:type='locator' />
    <link:loc xlink:href='../elts/us-gaap-ebp-2024.xsd#us-gaap-ebp_EmployeeBenefitPlanLiabilityDerivativeVariationMargin' xlink:label='loc_EmployeeBenefitPlanLiabilityDerivativeVariationMargin' xlink:type='locator' />
    <link:loc xlink:href='../elts/us-gaap-ebp-2024.xsd#us-gaap-ebp_EmployeeBenefitPlanEmployerLiability' xlink:label='loc_EmployeeBenefitPlanEmployerLiability' xlink:type='locator' />
    <link:loc xlink:href='../elts/us-gaap-ebp-2024.xsd#us-gaap-ebp_EmployeeBenefitPlanParticipantLiability' xlink:label='loc_EmployeeBenefitPlanParticipantLiability' xlink:type='locator' />
    <link:loc xlink:href='../elts/us-gaap-ebp-2024.xsd#us-gaap-ebp_EmployeeBenefitPlanDebt' xlink:label='loc_EmployeeBenefitPlanDebt' xlink:type='locator' />
    <link:loc xlink:href='../elts/us-gaap-ebp-2024.xsd#us-gaap-ebp_EmployeeBenefitPlanDebtInterestPayable' xlink:label='loc_EmployeeBenefitPlanDebtInterestPayable' xlink:type='locator' />
    <link:loc xlink:href='../elts/us-gaap-ebp-2024.xsd#us-gaap-ebp_EmployeeBenefitPlanOtherLiability' xlink:label='loc_EmployeeBenefitPlanOtherLiability' xlink:type='locator' />
    <link:loc xlink:href='../elts/us-gaap-ebp-2024.xsd#us-gaap-ebp_EmployeeBenefitPlanInvestmentPlanInterestInMasterTrustFairAndContractValue' xlink:label='loc_EmployeeBenefitPlanInvestmentPlanInterestInMasterTrustFairAndContractValue' xlink:type='locator' />
    <link:loc xlink:href='../elts/us-gaap-ebp-2024.xsd#us-gaap-ebp_EmployeeBenefitPlanInvestmentExcludingPlanInterestInMasterTrustFairAndContractValue' xlink:label='loc_EmployeeBenefitPlanInvestmentExcludingPlanInterestInMasterTrustFairAndContractValue' xlink:type='locator' />
    <link:calculationArc order='10' weight='1.0' xlink:arcrole='https://xbrl.org/2023/arcrole/summation-item' xlink:from='loc_EmployeeBenefitPlanNetAssetAvailableForBenefit' xlink:to='loc_EmployeeBenefitPlanAsset' xlink:type='arc' />
    <link:calculationArc order='10' weight='1.0' xlink:arcrole='https://xbrl.org/2023/arcrole/summation-item' xlink:from='loc_EmployeeBenefitPlanAsset' xlink:to='loc_EmployeeBenefitPlanInvestmentFairAndContractValue' xlink:type='arc' />
    <link:calculationArc order='10' weight='1.0' xlink:arcrole='https://xbrl.org/2023/arcrole/summation-item' xlink:from='loc_EmployeeBenefitPlanInvestmentFairAndContractValue' xlink:to='loc_EmployeeBenefitPlanInvestmentFairValue' xlink:type='arc' />
    <link:calculationArc order='10' weight='1.0' xlink:arcrole='https://xbrl.org/2023/arcrole/summation-item' xlink:from='loc_EmployeeBenefitPlanInvestmentFairValue' xlink:to='loc_EmployeeBenefitPlanInvestmentExcludingPlanInterestInMasterTrustFairValue' xlink:type='arc' />
    <link:calculationArc order='20' weight='1.0' xlink:arcrole='https://xbrl.org/2023/arcrole/summation-item' xlink:from='loc_EmployeeBenefitPlanInvestmentFairValue' xlink:to='loc_EmployeeBenefitPlanInvestmentPlanInterestInMasterTrustFairValue' xlink:type='arc' />
    <link:calculationArc order='20' weight='1.0' xlink:arcrole='https://xbrl.org/2023/arcrole/summation-item' xlink:from='loc_EmployeeBenefitPlanInvestmentFairAndContractValue' xlink:to='loc_EmployeeBenefitPlanInvestmentContractValue' xlink:type='arc' />
    <link:calculationArc order='10' weight='1.0' xlink:arcrole='https://xbrl.org/2023/arcrole/summation-item' xlink:from='loc_EmployeeBenefitPlanInvestmentContractValue' xlink:to='loc_EmployeeBenefitPlanInvestmentExcludingPlanInterestInMasterTrustContractValue' xlink:type='arc' />
    <link:calculationArc order='20' weight='1.0' xlink:arcrole='https://xbrl.org/2023/arcrole/summation-item' xlink:from='loc_EmployeeBenefitPlanInvestmentContractValue' xlink:to='loc_EmployeeBenefitPlanInvestmentPlanInterestInMasterTrustContractValue' xlink:type='arc' />
    <link:calculationArc order='20' weight='1.0' xlink:arcrole='https://xbrl.org/2023/arcrole/summation-item' xlink:from='loc_EmployeeBenefitPlanAsset' xlink:to='loc_EmployeeBenefitPlanReceivable' xlink:type='arc' />
    <link:calculationArc order='10' weight='1.0' xlink:arcrole='https://xbrl.org/2023/arcrole/summation-item' xlink:from='loc_EmployeeBenefitPlanReceivable' xlink:to='loc_EmployeeBenefitPlanEmployerContributionReceivable' xlink:type='arc' />
    <link:calculationArc order='20' weight='1.0' xlink:arcrole='https://xbrl.org/2023/arcrole/summation-item' xlink:from='loc_EmployeeBenefitPlanReceivable' xlink:to='loc_EmployeeBenefitPlanParticipantContributionReceivable' xlink:type='arc' />
    <link:calculationArc order='30' weight='1.0' xlink:arcrole='https://xbrl.org/2023/arcrole/summation-item' xlink:from='loc_EmployeeBenefitPlanReceivable' xlink:to='loc_EmployeeBenefitPlanNoteReceivableFromParticipant' xlink:type='arc' />
    <link:calculationArc order='40' weight='1.0' xlink:arcrole='https://xbrl.org/2023/arcrole/summation-item' xlink:from='loc_EmployeeBenefitPlanReceivable' xlink:to='loc_EmployeeBenefitPlanInvestmentIncomeReceivable' xlink:type='arc' />
    <link:calculationArc order='50' weight='1.0' xlink:arcrole='https://xbrl.org/2023/arcrole/summation-item' xlink:from='loc_EmployeeBenefitPlanReceivable' xlink:to='loc_EmployeeBenefitPlanReceivableInvestmentSale' xlink:type='arc' />
    <link:calculationArc order='60' weight='1.0' xlink:arcrole='https://xbrl.org/2023/arcrole/summation-item' xlink:from='loc_EmployeeBenefitPlanReceivable' xlink:to='loc_EmployeeBenefitPlanReceivableDerivativeVariationMargin' xlink:type='arc' />
    <link:calculationArc order='70' weight='1.0' xlink:arcrole='https://xbrl.org/2023/arcrole/summation-item' xlink:from='loc_EmployeeBenefitPlanReceivable' xlink:to='loc_EmployeeBenefitPlanOtherReceivable' xlink:type='arc' />
    <link:calculationArc order='30' weight='1.0' xlink:arcrole='https://xbrl.org/2023/arcrole/summation-item' xlink:from='loc_EmployeeBenefitPlanAsset' xlink:to='loc_EmployeeBenefitPlanCash' xlink:type='arc' />
    <link:calculationArc order='40' weight='1.0' xlink:arcrole='https://xbrl.org/2023/arcrole/summation-item' xlink:from='loc_EmployeeBenefitPlanAsset' xlink:to='loc_EmployeeBenefitPlanOtherEmployerAsset' xlink:type='arc' />
    <link:calculationArc order='50' weight='1.0' xlink:arcrole='https://xbrl.org/2023/arcrole/summation-item' xlink:from='loc_EmployeeBenefitPlanAsset' xlink:to='loc_EmployeeBenefitPlanOtherAsset' xlink:type='arc' />
    <link:calculationArc order='20' weight='-1.0' xlink:arcrole='https://xbrl.org/2023/arcrole/summation-item' xlink:from='loc_EmployeeBenefitPlanNetAssetAvailableForBenefit' xlink:to='loc_EmployeeBenefitPlanLiability' xlink:type='arc' />
    <link:calculationArc order='10' weight='1.0' xlink:arcrole='https://xbrl.org/2023/arcrole/summation-item' xlink:from='loc_EmployeeBenefitPlanLiability' xlink:to='loc_EmployeeBenefitPlanAccruedExpense' xlink:type='arc' />
    <link:calculationArc order='20' weight='1.0' xlink:arcrole='https://xbrl.org/2023/arcrole/summation-item' xlink:from='loc_EmployeeBenefitPlanLiability' xlink:to='loc_EmployeeBenefitPlanExcessContributionPayable' xlink:type='arc' />
    <link:calculationArc order='30' weight='1.0' xlink:arcrole='https://xbrl.org/2023/arcrole/summation-item' xlink:from='loc_EmployeeBenefitPlanLiability' xlink:to='loc_EmployeeBenefitPlanLiabilityInvestmentPurchase' xlink:type='arc' />
    <link:calculationArc order='40' weight='1.0' xlink:arcrole='https://xbrl.org/2023/arcrole/summation-item' xlink:from='loc_EmployeeBenefitPlanLiability' xlink:to='loc_EmployeeBenefitPlanLiabilityDerivativeVariationMargin' xlink:type='arc' />
    <link:calculationArc order='50' weight='1.0' xlink:arcrole='https://xbrl.org/2023/arcrole/summation-item' xlink:from='loc_EmployeeBenefitPlanLiability' xlink:to='loc_EmployeeBenefitPlanEmployerLiability' xlink:type='arc' />
    <link:calculationArc order='60' weight='1.0' xlink:arcrole='https://xbrl.org/2023/arcrole/summation-item' xlink:from='loc_EmployeeBenefitPlanLiability' xlink:to='loc_EmployeeBenefitPlanParticipantLiability' xlink:type='arc' />
    <link:calculationArc order='70' weight='1.0' xlink:arcrole='https://xbrl.org/2023/arcrole/summation-item' xlink:from='loc_EmployeeBenefitPlanLiability' xlink:to='loc_EmployeeBenefitPlanDebt' xlink:type='arc' />
    <link:calculationArc order='80' weight='1.0' xlink:arcrole='https://xbrl.org/2023/arcrole/summation-item' xlink:from='loc_EmployeeBenefitPlanLiability' xlink:to='loc_EmployeeBenefitPlanDebtInterestPayable' xlink:type='arc' />
    <link:calculationArc order='90' weight='1.0' xlink:arcrole='https://xbrl.org/2023/arcrole/summation-item' xlink:from='loc_EmployeeBenefitPlanLiability' xlink:to='loc_EmployeeBenefitPlanOtherLiability' xlink:type='arc' />
    <link:calculationArc order='10' weight='1.0' xlink:arcrole='https://xbrl.org/2023/arcrole/summation-item' xlink:from='loc_EmployeeBenefitPlanInvestmentPlanInterestInMasterTrustFairAndContractValue' xlink:to='loc_EmployeeBenefitPlanInvestmentPlanInterestInMasterTrustFairValue' xlink:type='arc' />
    <link:calculationArc order='20' weight='1.0' xlink:arcrole='https://xbrl.org/2023/arcrole/summation-item' xlink:from='loc_EmployeeBenefitPlanInvestmentPlanInterestInMasterTrustFairAndContractValue' xlink:to='loc_EmployeeBenefitPlanInvestmentPlanInterestInMasterTrustContractValue' xlink:type='arc' />
    <link:calculationArc order='10' weight='1.0' xlink:arcrole='https://xbrl.org/2023/arcrole/summation-item' xlink:from='loc_EmployeeBenefitPlanInvestmentExcludingPlanInterestInMasterTrustFairAndContractValue' xlink:to='loc_EmployeeBenefitPlanInvestmentExcludingPlanInterestInMasterTrustFairValue' xlink:type='arc' />
    <link:calculationArc order='20' weight='1.0' xlink:arcrole='https://xbrl.org/2023/arcrole/summation-item' xlink:from='loc_EmployeeBenefitPlanInvestmentExcludingPlanInterestInMasterTrustFairAndContractValue' xlink:to='loc_EmployeeBenefitPlanInvestmentExcludingPlanInterestInMasterTrustContractValue' xlink:type='arc' />
  </link:calculationLink>
</link:linkbase>
