<?xml version='1.0' encoding='UTF-8'?>

<!--
(c) 2010-2024 Financial Accounting Foundation; (c) 2007-2010 XBRL US, Inc.  All Rights Reserved.
Notice: Authorized Uses are Set Forth at https://xbrl.fasb.org/terms/TaxonomiesTermsConditions.html
  -->
<link:linkbase xmlns:link='http://www.xbrl.org/2003/linkbase' xmlns:xlink='http://www.w3.org/1999/xlink' xmlns:xsi='http://www.w3.org/2001/XMLSchema-instance' xsi:schemaLocation='http://www.xbrl.org/2003/linkbase http://www.xbrl.org/2003/xbrl-linkbase-2003-12-31.xsd'>  <link:arcroleRef arcroleURI='https://xbrl.org/2023/arcrole/summation-item' xlink:href='https://www.xbrl.org/2023/calculation-1.1.xsd#summation-item' xlink:type='simple'/>
  <link:roleRef roleURI='http://fasb.org/us-gaap/role/disclosure/FinancialServicesInvestmentCompany' xlink:href='../elts/us-roles-2024.xsd#invco' xlink:type='simple' />
  <link:calculationLink xlink:role='http://fasb.org/us-gaap/role/disclosure/FinancialServicesInvestmentCompany' xlink:type='extended'>
    <link:loc xlink:href='../elts/us-gaap-2024.xsd#us-gaap_InvestmentCompanyNetAssetValuePerSharePeriodIncreaseDecrease' xlink:label='loc_InvestmentCompanyNetAssetValuePerSharePeriodIncreaseDecrease' xlink:type='locator' />
    <link:loc xlink:href='../elts/us-gaap-2024.xsd#us-gaap_InvestmentCompanyInvestmentIncomeLossFromOperationsPerShare' xlink:label='loc_InvestmentCompanyInvestmentIncomeLossFromOperationsPerShare' xlink:type='locator' />
    <link:loc xlink:href='../elts/us-gaap-2024.xsd#us-gaap_InvestmentCompanyGainLossOnInvestmentPerShare' xlink:label='loc_InvestmentCompanyGainLossOnInvestmentPerShare' xlink:type='locator' />
    <link:loc xlink:href='../elts/us-gaap-2024.xsd#us-gaap_InvestmentCompanyInvestmentIncomeLossPerShare' xlink:label='loc_InvestmentCompanyInvestmentIncomeLossPerShare' xlink:type='locator' />
    <link:loc xlink:href='../elts/us-gaap-2024.xsd#us-gaap_InvestmentCompanyDistributionToShareholdersPerShare' xlink:label='loc_InvestmentCompanyDistributionToShareholdersPerShare' xlink:type='locator' />
    <link:loc xlink:href='../elts/us-gaap-2024.xsd#us-gaap_InvestmentCompanyTaxReturnOfCapitalDistributionPerShare' xlink:label='loc_InvestmentCompanyTaxReturnOfCapitalDistributionPerShare' xlink:type='locator' />
    <link:loc xlink:href='../elts/us-gaap-2024.xsd#us-gaap_InvestmentCompanyIssuanceOfSharesPerShare' xlink:label='loc_InvestmentCompanyIssuanceOfSharesPerShare' xlink:type='locator' />
    <link:loc xlink:href='../elts/us-gaap-2024.xsd#us-gaap_InvestmentCompanyRepurchaseOfSharesPerShare' xlink:label='loc_InvestmentCompanyRepurchaseOfSharesPerShare' xlink:type='locator' />
    <link:loc xlink:href='../elts/us-gaap-2024.xsd#us-gaap_InvestmentCompanyPurchasePremiumPerShare' xlink:label='loc_InvestmentCompanyPurchasePremiumPerShare' xlink:type='locator' />
    <link:loc xlink:href='../elts/us-gaap-2024.xsd#us-gaap_InvestmentCompanyRedemptionFeePerShare' xlink:label='loc_InvestmentCompanyRedemptionFeePerShare' xlink:type='locator' />
    <link:loc xlink:href='../elts/us-gaap-2024.xsd#us-gaap_InvestmentCompanyPaymentByAffiliatePerShare' xlink:label='loc_InvestmentCompanyPaymentByAffiliatePerShare' xlink:type='locator' />
    <link:loc xlink:href='../elts/us-gaap-2024.xsd#us-gaap_StockholdersEquityPeriodIncreaseDecrease' xlink:label='loc_StockholdersEquityPeriodIncreaseDecrease' xlink:type='locator' />
    <link:loc xlink:href='../elts/us-gaap-2024.xsd#us-gaap_ProfitLoss' xlink:label='loc_ProfitLoss' xlink:type='locator' />
    <link:loc xlink:href='../elts/us-gaap-2024.xsd#us-gaap_InvestmentCompanyDividendDistribution' xlink:label='loc_InvestmentCompanyDividendDistribution' xlink:type='locator' />
    <link:loc xlink:href='../elts/us-gaap-2024.xsd#us-gaap_InvestmentCompanyDistributionOrdinaryIncome' xlink:label='loc_InvestmentCompanyDistributionOrdinaryIncome' xlink:type='locator' />
    <link:loc xlink:href='../elts/us-gaap-2024.xsd#us-gaap_InvestmentCompanyDistributionLongTermCapitalGain' xlink:label='loc_InvestmentCompanyDistributionLongTermCapitalGain' xlink:type='locator' />
    <link:loc xlink:href='../elts/us-gaap-2024.xsd#us-gaap_InvestmentCompanyTaxReturnOfCapitalDistribution' xlink:label='loc_InvestmentCompanyTaxReturnOfCapitalDistribution' xlink:type='locator' />
    <link:loc xlink:href='../elts/us-gaap-2024.xsd#us-gaap_InvestmentCompanyIncreaseDecreaseFromShareTransaction' xlink:label='loc_InvestmentCompanyIncreaseDecreaseFromShareTransaction' xlink:type='locator' />
    <link:loc xlink:href='../elts/us-gaap-2024.xsd#us-gaap_StockIssuedDuringPeriodValueNewIssues' xlink:label='loc_StockIssuedDuringPeriodValueNewIssues' xlink:type='locator' />
    <link:loc xlink:href='../elts/us-gaap-2024.xsd#us-gaap_StockIssuedDuringPeriodValueDividendReinvestmentPlan' xlink:label='loc_StockIssuedDuringPeriodValueDividendReinvestmentPlan' xlink:type='locator' />
    <link:loc xlink:href='../elts/us-gaap-2024.xsd#us-gaap_StockRepurchasedDuringPeriodValue' xlink:label='loc_StockRepurchasedDuringPeriodValue' xlink:type='locator' />
    <link:loc xlink:href='../elts/us-gaap-2024.xsd#us-gaap_InvestmentCompanyGeneralPartnerAdvisoryServiceAllocation' xlink:label='loc_InvestmentCompanyGeneralPartnerAdvisoryServiceAllocation' xlink:type='locator' />
    <link:loc xlink:href='../elts/us-gaap-2024.xsd#us-gaap_RealizedAndUnrealizedGainLossInvestmentAndDerivativeOperatingBeforeTax' xlink:label='loc_RealizedAndUnrealizedGainLossInvestmentAndDerivativeOperatingBeforeTax' xlink:type='locator' />
    <link:loc xlink:href='../elts/us-gaap-2024.xsd#us-gaap_RealizedGainLossInvestmentAndDerivativeOperatingBeforeTax' xlink:label='loc_RealizedGainLossInvestmentAndDerivativeOperatingBeforeTax' xlink:type='locator' />
    <link:loc xlink:href='../elts/us-gaap-2024.xsd#us-gaap_UnrealizedGainLossInvestmentAndDerivativeOperatingBeforeTax' xlink:label='loc_UnrealizedGainLossInvestmentAndDerivativeOperatingBeforeTax' xlink:type='locator' />
    <link:loc xlink:href='../elts/us-gaap-2024.xsd#us-gaap_RealizedAndUnrealizedGainLossInvestmentDerivativeAndForeignCurrencyTransactionOperatingAfterTax' xlink:label='loc_RealizedAndUnrealizedGainLossInvestmentDerivativeAndForeignCurrencyTransactionOperatingAfterTax' xlink:type='locator' />
    <link:loc xlink:href='../elts/us-gaap-2024.xsd#us-gaap_RealizedAndUnrealizedGainLossInvestmentDerivativeAndForeignCurrencyTransactionPriceChangeOperatingAfterTax' xlink:label='loc_RealizedAndUnrealizedGainLossInvestmentDerivativeAndForeignCurrencyTransactionPriceChangeOperatingAfterTax' xlink:type='locator' />
    <link:loc xlink:href='../elts/us-gaap-2024.xsd#us-gaap_RealizedGainLossInvestmentDerivativeAndForeignCurrencyTransactionPriceChangeOperatingAfterTax' xlink:label='loc_RealizedGainLossInvestmentDerivativeAndForeignCurrencyTransactionPriceChangeOperatingAfterTax' xlink:type='locator' />
    <link:loc xlink:href='../elts/us-gaap-2024.xsd#us-gaap_UnrealizedGainLossInvestmentDerivativeAndForeignCurrencyTransactionPriceChangeOperatingAfterTax' xlink:label='loc_UnrealizedGainLossInvestmentDerivativeAndForeignCurrencyTransactionPriceChangeOperatingAfterTax' xlink:type='locator' />
    <link:loc xlink:href='../elts/us-gaap-2024.xsd#us-gaap_ForeignCurrencyTransactionGainLossExcludingInvestmentPriceChangeAfterTax' xlink:label='loc_ForeignCurrencyTransactionGainLossExcludingInvestmentPriceChangeAfterTax' xlink:type='locator' />
    <link:loc xlink:href='../elts/us-gaap-2024.xsd#us-gaap_ForeignCurrencyTransactionGainLossRealizedExcludingInvestmentPriceChangeAfterTax' xlink:label='loc_ForeignCurrencyTransactionGainLossRealizedExcludingInvestmentPriceChangeAfterTax' xlink:type='locator' />
    <link:loc xlink:href='../elts/us-gaap-2024.xsd#us-gaap_ForeignCurrencyTransactionGainLossUnrealizedExcludingInvestmentPriceChangeAfterTax' xlink:label='loc_ForeignCurrencyTransactionGainLossUnrealizedExcludingInvestmentPriceChangeAfterTax' xlink:type='locator' />
    <link:loc xlink:href='../elts/us-gaap-2024.xsd#us-gaap_RetainedEarningsAccumulatedDeficit' xlink:label='loc_RetainedEarningsAccumulatedDeficit' xlink:type='locator' />
    <link:loc xlink:href='../elts/us-gaap-2024.xsd#us-gaap_InvestmentCompanyDistributableEarningsLossAccumulatedOrdinaryIncomeLoss' xlink:label='loc_InvestmentCompanyDistributableEarningsLossAccumulatedOrdinaryIncomeLoss' xlink:type='locator' />
    <link:loc xlink:href='../elts/us-gaap-2024.xsd#us-gaap_InvestmentCompanyDistributableEarningsLossAccumulatedLongTermCapitalGainLoss' xlink:label='loc_InvestmentCompanyDistributableEarningsLossAccumulatedLongTermCapitalGainLoss' xlink:type='locator' />
    <link:loc xlink:href='../elts/us-gaap-2024.xsd#us-gaap_InvestmentCompanyDistributableEarningsLossAccumulatedAppreciationDepreciation' xlink:label='loc_InvestmentCompanyDistributableEarningsLossAccumulatedAppreciationDepreciation' xlink:type='locator' />
    <link:loc xlink:href='../elts/us-gaap-2024.xsd#us-gaap_InvestmentCompanyDistributableEarningsLossAccumulatedCapitalLossCarryforward' xlink:label='loc_InvestmentCompanyDistributableEarningsLossAccumulatedCapitalLossCarryforward' xlink:type='locator' />
    <link:loc xlink:href='../elts/us-gaap-2024.xsd#us-gaap_InvestmentCompanyDistributableEarningsLossAccumulatedTemporaryDifferenceOther' xlink:label='loc_InvestmentCompanyDistributableEarningsLossAccumulatedTemporaryDifferenceOther' xlink:type='locator' />
    <link:loc xlink:href='../elts/us-gaap-2024.xsd#us-gaap_InvestmentCompanyRealizedAndUnrealizedGainLossOnInvestmentAndForeignCurrency' xlink:label='loc_InvestmentCompanyRealizedAndUnrealizedGainLossOnInvestmentAndForeignCurrency' xlink:type='locator' />
    <link:loc xlink:href='../elts/us-gaap-2024.xsd#us-gaap_RealizedAndUnrealizedGainLossInvestmentDerivativeAndForeignCurrencyTransactionPriceChangeOperatingBeforeTax' xlink:label='loc_RealizedAndUnrealizedGainLossInvestmentDerivativeAndForeignCurrencyTransactionPriceChangeOperatingBeforeTax' xlink:type='locator' />
    <link:loc xlink:href='../elts/us-gaap-2024.xsd#us-gaap_RealizedGainLossInvestmentDerivativeAndForeignCurrencyTransactionPriceChangeOperatingBeforeTax' xlink:label='loc_RealizedGainLossInvestmentDerivativeAndForeignCurrencyTransactionPriceChangeOperatingBeforeTax' xlink:type='locator' />
    <link:loc xlink:href='../elts/us-gaap-2024.xsd#us-gaap_DebtAndEquitySecuritiesAndForeignCurrencyTransactionPriceChangeRealizedGainLossOperatingBeforeTax' xlink:label='loc_DebtAndEquitySecuritiesAndForeignCurrencyTransactionPriceChangeRealizedGainLossOperatingBeforeTax' xlink:type='locator' />
    <link:loc xlink:href='../elts/us-gaap-2024.xsd#us-gaap_DerivativeAndForeignCurrencyTransactionPriceChangeRealizedGainLossOperatingBeforeTax' xlink:label='loc_DerivativeAndForeignCurrencyTransactionPriceChangeRealizedGainLossOperatingBeforeTax' xlink:type='locator' />
    <link:loc xlink:href='../elts/us-gaap-2024.xsd#us-gaap_SecuritySoldShortAndForeignCurrencyTransactionPriceChangeRealizedGainLossOperatingBeforeTax' xlink:label='loc_SecuritySoldShortAndForeignCurrencyTransactionPriceChangeRealizedGainLossOperatingBeforeTax' xlink:type='locator' />
    <link:loc xlink:href='../elts/us-gaap-2024.xsd#us-gaap_UnrealizedGainLossInvestmentDerivativeAndForeignCurrencyTransactionPriceChangeOperatingBeforeTax' xlink:label='loc_UnrealizedGainLossInvestmentDerivativeAndForeignCurrencyTransactionPriceChangeOperatingBeforeTax' xlink:type='locator' />
    <link:loc xlink:href='../elts/us-gaap-2024.xsd#us-gaap_DebtAndEquitySecuritiesAndForeignCurrencyTransactionPriceChangeUnrealizedGainLossOperatingBeforeTax' xlink:label='loc_DebtAndEquitySecuritiesAndForeignCurrencyTransactionPriceChangeUnrealizedGainLossOperatingBeforeTax' xlink:type='locator' />
    <link:loc xlink:href='../elts/us-gaap-2024.xsd#us-gaap_DerivativeAndForeignCurrencyTransactionPriceChangeUnrealizedGainLossOperatingBeforeTax' xlink:label='loc_DerivativeAndForeignCurrencyTransactionPriceChangeUnrealizedGainLossOperatingBeforeTax' xlink:type='locator' />
    <link:loc xlink:href='../elts/us-gaap-2024.xsd#us-gaap_SecuritySoldShortAndForeignCurrencyTransactionPriceChangeUnrealizedGainLossOperatingBeforeTax' xlink:label='loc_SecuritySoldShortAndForeignCurrencyTransactionPriceChangeUnrealizedGainLossOperatingBeforeTax' xlink:type='locator' />
    <link:loc xlink:href='../elts/us-gaap-2024.xsd#us-gaap_ForeignCurrencyTransactionGainLossExcludingInvestmentPriceChangeBeforeTax' xlink:label='loc_ForeignCurrencyTransactionGainLossExcludingInvestmentPriceChangeBeforeTax' xlink:type='locator' />
    <link:loc xlink:href='../elts/us-gaap-2024.xsd#us-gaap_ForeignCurrencyTransactionGainLossRealizedExcludingInvestmentPriceChangeBeforeTax' xlink:label='loc_ForeignCurrencyTransactionGainLossRealizedExcludingInvestmentPriceChangeBeforeTax' xlink:type='locator' />
    <link:loc xlink:href='../elts/us-gaap-2024.xsd#us-gaap_ForeignCurrencyTransactionGainLossUnrealizedExcludingInvestmentPriceChangeBeforeTax' xlink:label='loc_ForeignCurrencyTransactionGainLossUnrealizedExcludingInvestmentPriceChangeBeforeTax' xlink:type='locator' />
    <link:loc xlink:href='../elts/us-gaap-2024.xsd#us-gaap_RealizedGainLossInvestmentDerivativeAndForeignCurrencyTransactionOperatingAfterTax' xlink:label='loc_RealizedGainLossInvestmentDerivativeAndForeignCurrencyTransactionOperatingAfterTax' xlink:type='locator' />
    <link:loc xlink:href='../elts/us-gaap-2024.xsd#us-gaap_ForeignCurrencyTransactionGainLossRealized' xlink:label='loc_ForeignCurrencyTransactionGainLossRealized' xlink:type='locator' />
    <link:loc xlink:href='../elts/us-gaap-2024.xsd#us-gaap_RealizedGainLossInvestmentAndDerivativeOperatingTaxExpenseBenefit' xlink:label='loc_RealizedGainLossInvestmentAndDerivativeOperatingTaxExpenseBenefit' xlink:type='locator' />
    <link:loc xlink:href='../elts/us-gaap-2024.xsd#us-gaap_UnrealizedGainLossInvestmentDerivativeAndForeignCurrencyTransactionOperatingAfterTax' xlink:label='loc_UnrealizedGainLossInvestmentDerivativeAndForeignCurrencyTransactionOperatingAfterTax' xlink:type='locator' />
    <link:loc xlink:href='../elts/us-gaap-2024.xsd#us-gaap_ForeignCurrencyTransactionGainLossUnrealized' xlink:label='loc_ForeignCurrencyTransactionGainLossUnrealized' xlink:type='locator' />
    <link:loc xlink:href='../elts/us-gaap-2024.xsd#us-gaap_UnrealizedGainLossInvestmentAndDerivativeOperatingTaxExpenseBenefit' xlink:label='loc_UnrealizedGainLossInvestmentAndDerivativeOperatingTaxExpenseBenefit' xlink:type='locator' />
    <link:loc xlink:href='../elts/us-gaap-2024.xsd#us-gaap_InvestmentCompanyIncreaseFromPaymentByAffiliateAndGainLossFromInvestmentInViolation' xlink:label='loc_InvestmentCompanyIncreaseFromPaymentByAffiliateAndGainLossFromInvestmentInViolation' xlink:type='locator' />
    <link:loc xlink:href='../elts/us-gaap-2024.xsd#us-gaap_InvestmentCompanyGainLossOnInvestmentNotMeetingGuidelines' xlink:label='loc_InvestmentCompanyGainLossOnInvestmentNotMeetingGuidelines' xlink:type='locator' />
    <link:loc xlink:href='../elts/us-gaap-2024.xsd#us-gaap_InvestmentCompanyGainOnInvestmentInViolation' xlink:label='loc_InvestmentCompanyGainOnInvestmentInViolation' xlink:type='locator' />
    <link:loc xlink:href='../elts/us-gaap-2024.xsd#us-gaap_InvestmentCompanyLossOnInvestmentInViolation' xlink:label='loc_InvestmentCompanyLossOnInvestmentInViolation' xlink:type='locator' />
    <link:loc xlink:href='../elts/us-gaap-2024.xsd#us-gaap_InvestmentCompanyVoluntaryPaymentByAffiliateLossReimbursement' xlink:label='loc_InvestmentCompanyVoluntaryPaymentByAffiliateLossReimbursement' xlink:type='locator' />
    <link:loc xlink:href='../elts/us-gaap-2024.xsd#us-gaap_InvestmentCompanyPaymentByAffiliateLossOnInvestmentInViolation' xlink:label='loc_InvestmentCompanyPaymentByAffiliateLossOnInvestmentInViolation' xlink:type='locator' />
    <link:loc xlink:href='../elts/us-gaap-2024.xsd#us-gaap_InterestAndDividendIncomeSecurities' xlink:label='loc_InterestAndDividendIncomeSecurities' xlink:type='locator' />
    <link:loc xlink:href='../elts/us-gaap-2024.xsd#us-gaap_InterestAndDividendIncomeOperatingPaidInKind' xlink:label='loc_InterestAndDividendIncomeOperatingPaidInKind' xlink:type='locator' />
    <link:loc xlink:href='../elts/us-gaap-2024.xsd#us-gaap_DividendIncomeOperatingPaidInKind' xlink:label='loc_DividendIncomeOperatingPaidInKind' xlink:type='locator' />
    <link:loc xlink:href='../elts/us-gaap-2024.xsd#us-gaap_InterestIncomeOperatingPaidInKind' xlink:label='loc_InterestIncomeOperatingPaidInKind' xlink:type='locator' />
    <link:loc xlink:href='../elts/us-gaap-2024.xsd#us-gaap_InterestAndDividendIncomeOperatingPaidInCash' xlink:label='loc_InterestAndDividendIncomeOperatingPaidInCash' xlink:type='locator' />
    <link:loc xlink:href='../elts/us-gaap-2024.xsd#us-gaap_DividendIncomeOperatingPaidInCash' xlink:label='loc_DividendIncomeOperatingPaidInCash' xlink:type='locator' />
    <link:loc xlink:href='../elts/us-gaap-2024.xsd#us-gaap_InterestIncomeOperatingPaidInCash' xlink:label='loc_InterestIncomeOperatingPaidInCash' xlink:type='locator' />
    <link:loc xlink:href='../elts/us-gaap-2024.xsd#us-gaap_InvestmentCompanyTaxBasisTaxableIncomeLossBeforeDeductionForDistribution' xlink:label='loc_InvestmentCompanyTaxBasisTaxableIncomeLossBeforeDeductionForDistribution' xlink:type='locator' />
    <link:loc xlink:href='../elts/us-gaap-2024.xsd#us-gaap_InvestmentCompanyTaxBasisIncomeNotCurrentlyTaxable' xlink:label='loc_InvestmentCompanyTaxBasisIncomeNotCurrentlyTaxable' xlink:type='locator' />
    <link:loc xlink:href='../elts/us-gaap-2024.xsd#us-gaap_InvestmentCompanyTaxBasisIncomeTaxable' xlink:label='loc_InvestmentCompanyTaxBasisIncomeTaxable' xlink:type='locator' />
    <link:loc xlink:href='../elts/us-gaap-2024.xsd#us-gaap_InvestmentCompanyTaxBasisExpenseNotCurrentlyDeductible' xlink:label='loc_InvestmentCompanyTaxBasisExpenseNotCurrentlyDeductible' xlink:type='locator' />
    <link:loc xlink:href='../elts/us-gaap-2024.xsd#us-gaap_InvestmentCompanyTaxBasisExpenseDeductible' xlink:label='loc_InvestmentCompanyTaxBasisExpenseDeductible' xlink:type='locator' />
    <link:loc xlink:href='../elts/us-gaap-2024.xsd#us-gaap_InvestmentCompanyTaxBasisExpenseNotDeductible' xlink:label='loc_InvestmentCompanyTaxBasisExpenseNotDeductible' xlink:type='locator' />
    <link:loc xlink:href='../elts/us-gaap-2024.xsd#us-gaap_InvestmentCompanyTaxBasisUnrealizedGainLossNotCurrentlyTaxableDeductible' xlink:label='loc_InvestmentCompanyTaxBasisUnrealizedGainLossNotCurrentlyTaxableDeductible' xlink:type='locator' />
    <link:loc xlink:href='../elts/us-gaap-2024.xsd#us-gaap_InvestmentCompanyTaxBasisCapitalLossCarryforwardUtilization' xlink:label='loc_InvestmentCompanyTaxBasisCapitalLossCarryforwardUtilization' xlink:type='locator' />
    <link:loc xlink:href='../elts/us-gaap-2024.xsd#us-gaap_InvestmentCompanyTaxBasisOtherIncreaseDecrease' xlink:label='loc_InvestmentCompanyTaxBasisOtherIncreaseDecrease' xlink:type='locator' />
    <link:loc xlink:href='../elts/us-gaap-2024.xsd#us-gaap_InvestmentIncomeOperatingAfterExpenseAndTax' xlink:label='loc_InvestmentIncomeOperatingAfterExpenseAndTax' xlink:type='locator' />
    <link:loc xlink:href='../elts/us-gaap-2024.xsd#us-gaap_NetInvestmentIncome' xlink:label='loc_NetInvestmentIncome' xlink:type='locator' />
    <link:loc xlink:href='../elts/us-gaap-2024.xsd#us-gaap_InvestmentIncomeOperatingTaxExpenseBenefit' xlink:label='loc_InvestmentIncomeOperatingTaxExpenseBenefit' xlink:type='locator' />
    <link:loc xlink:href='../elts/us-gaap-2024.xsd#us-gaap_InvestmentCompanyExpenseAfterReductionOfFeeWaiverAndReimbursement' xlink:label='loc_InvestmentCompanyExpenseAfterReductionOfFeeWaiverAndReimbursement' xlink:type='locator' />
    <link:loc xlink:href='../elts/us-gaap-2024.xsd#us-gaap_InvestmentIncomeInvestmentExpense' xlink:label='loc_InvestmentIncomeInvestmentExpense' xlink:type='locator' />
    <link:loc xlink:href='../elts/us-gaap-2024.xsd#us-gaap_InvestmentCompanyExpenseOffsetArrangement' xlink:label='loc_InvestmentCompanyExpenseOffsetArrangement' xlink:type='locator' />
    <link:loc xlink:href='../elts/us-gaap-2024.xsd#us-gaap_InvestmentCompanyContractualFeeWaived' xlink:label='loc_InvestmentCompanyContractualFeeWaived' xlink:type='locator' />
    <link:loc xlink:href='../elts/us-gaap-2024.xsd#us-gaap_InvestmentCompanyVoluntaryFeeWaived' xlink:label='loc_InvestmentCompanyVoluntaryFeeWaived' xlink:type='locator' />
    <link:loc xlink:href='../elts/us-gaap-2024.xsd#us-gaap_InvestmentCompanyFeePaidIndirectly' xlink:label='loc_InvestmentCompanyFeePaidIndirectly' xlink:type='locator' />
    <link:calculationArc order='10' weight='1.0' xlink:arcrole='https://xbrl.org/2023/arcrole/summation-item' xlink:from='loc_InvestmentCompanyNetAssetValuePerSharePeriodIncreaseDecrease' xlink:to='loc_InvestmentCompanyInvestmentIncomeLossFromOperationsPerShare' xlink:type='arc' />
    <link:calculationArc order='10' weight='1.0' xlink:arcrole='https://xbrl.org/2023/arcrole/summation-item' xlink:from='loc_InvestmentCompanyInvestmentIncomeLossFromOperationsPerShare' xlink:to='loc_InvestmentCompanyGainLossOnInvestmentPerShare' xlink:type='arc' />
    <link:calculationArc order='20' weight='1.0' xlink:arcrole='https://xbrl.org/2023/arcrole/summation-item' xlink:from='loc_InvestmentCompanyInvestmentIncomeLossFromOperationsPerShare' xlink:to='loc_InvestmentCompanyInvestmentIncomeLossPerShare' xlink:type='arc' />
    <link:calculationArc order='20' weight='-1.0' xlink:arcrole='https://xbrl.org/2023/arcrole/summation-item' xlink:from='loc_InvestmentCompanyNetAssetValuePerSharePeriodIncreaseDecrease' xlink:to='loc_InvestmentCompanyDistributionToShareholdersPerShare' xlink:type='arc' />
    <link:calculationArc order='30' weight='-1.0' xlink:arcrole='https://xbrl.org/2023/arcrole/summation-item' xlink:from='loc_InvestmentCompanyNetAssetValuePerSharePeriodIncreaseDecrease' xlink:to='loc_InvestmentCompanyTaxReturnOfCapitalDistributionPerShare' xlink:type='arc' />
    <link:calculationArc order='40' weight='1.0' xlink:arcrole='https://xbrl.org/2023/arcrole/summation-item' xlink:from='loc_InvestmentCompanyNetAssetValuePerSharePeriodIncreaseDecrease' xlink:to='loc_InvestmentCompanyIssuanceOfSharesPerShare' xlink:type='arc' />
    <link:calculationArc order='50' weight='1.0' xlink:arcrole='https://xbrl.org/2023/arcrole/summation-item' xlink:from='loc_InvestmentCompanyNetAssetValuePerSharePeriodIncreaseDecrease' xlink:to='loc_InvestmentCompanyRepurchaseOfSharesPerShare' xlink:type='arc' />
    <link:calculationArc order='60' weight='1.0' xlink:arcrole='https://xbrl.org/2023/arcrole/summation-item' xlink:from='loc_InvestmentCompanyNetAssetValuePerSharePeriodIncreaseDecrease' xlink:to='loc_InvestmentCompanyPurchasePremiumPerShare' xlink:type='arc' />
    <link:calculationArc order='70' weight='1.0' xlink:arcrole='https://xbrl.org/2023/arcrole/summation-item' xlink:from='loc_InvestmentCompanyNetAssetValuePerSharePeriodIncreaseDecrease' xlink:to='loc_InvestmentCompanyRedemptionFeePerShare' xlink:type='arc' />
    <link:calculationArc order='80' weight='1.0' xlink:arcrole='https://xbrl.org/2023/arcrole/summation-item' xlink:from='loc_InvestmentCompanyNetAssetValuePerSharePeriodIncreaseDecrease' xlink:to='loc_InvestmentCompanyPaymentByAffiliatePerShare' xlink:type='arc' />
    <link:calculationArc order='10' weight='1.0' xlink:arcrole='https://xbrl.org/2023/arcrole/summation-item' xlink:from='loc_StockholdersEquityPeriodIncreaseDecrease' xlink:to='loc_ProfitLoss' xlink:type='arc' />
    <link:calculationArc order='20' weight='-1.0' xlink:arcrole='https://xbrl.org/2023/arcrole/summation-item' xlink:from='loc_StockholdersEquityPeriodIncreaseDecrease' xlink:to='loc_InvestmentCompanyDividendDistribution' xlink:type='arc' />
    <link:calculationArc order='10' weight='1.0' xlink:arcrole='https://xbrl.org/2023/arcrole/summation-item' xlink:from='loc_InvestmentCompanyDividendDistribution' xlink:to='loc_InvestmentCompanyDistributionOrdinaryIncome' xlink:type='arc' />
    <link:calculationArc order='20' weight='1.0' xlink:arcrole='https://xbrl.org/2023/arcrole/summation-item' xlink:from='loc_InvestmentCompanyDividendDistribution' xlink:to='loc_InvestmentCompanyDistributionLongTermCapitalGain' xlink:type='arc' />
    <link:calculationArc order='30' weight='-1.0' xlink:arcrole='https://xbrl.org/2023/arcrole/summation-item' xlink:from='loc_StockholdersEquityPeriodIncreaseDecrease' xlink:to='loc_InvestmentCompanyTaxReturnOfCapitalDistribution' xlink:type='arc' />
    <link:calculationArc order='40' weight='1.0' xlink:arcrole='https://xbrl.org/2023/arcrole/summation-item' xlink:from='loc_StockholdersEquityPeriodIncreaseDecrease' xlink:to='loc_InvestmentCompanyIncreaseDecreaseFromShareTransaction' xlink:type='arc' />
    <link:calculationArc order='10' weight='1.0' xlink:arcrole='https://xbrl.org/2023/arcrole/summation-item' xlink:from='loc_InvestmentCompanyIncreaseDecreaseFromShareTransaction' xlink:to='loc_StockIssuedDuringPeriodValueNewIssues' xlink:type='arc' />
    <link:calculationArc order='20' weight='1.0' xlink:arcrole='https://xbrl.org/2023/arcrole/summation-item' xlink:from='loc_InvestmentCompanyIncreaseDecreaseFromShareTransaction' xlink:to='loc_StockIssuedDuringPeriodValueDividendReinvestmentPlan' xlink:type='arc' />
    <link:calculationArc order='30' weight='-1.0' xlink:arcrole='https://xbrl.org/2023/arcrole/summation-item' xlink:from='loc_InvestmentCompanyIncreaseDecreaseFromShareTransaction' xlink:to='loc_StockRepurchasedDuringPeriodValue' xlink:type='arc' />
    <link:calculationArc order='50' weight='1.0' xlink:arcrole='https://xbrl.org/2023/arcrole/summation-item' xlink:from='loc_StockholdersEquityPeriodIncreaseDecrease' xlink:to='loc_InvestmentCompanyGeneralPartnerAdvisoryServiceAllocation' xlink:type='arc' />
    <link:calculationArc order='10' weight='1.0' xlink:arcrole='https://xbrl.org/2023/arcrole/summation-item' xlink:from='loc_RealizedAndUnrealizedGainLossInvestmentAndDerivativeOperatingBeforeTax' xlink:to='loc_RealizedGainLossInvestmentAndDerivativeOperatingBeforeTax' xlink:type='arc' />
    <link:calculationArc order='20' weight='1.0' xlink:arcrole='https://xbrl.org/2023/arcrole/summation-item' xlink:from='loc_RealizedAndUnrealizedGainLossInvestmentAndDerivativeOperatingBeforeTax' xlink:to='loc_UnrealizedGainLossInvestmentAndDerivativeOperatingBeforeTax' xlink:type='arc' />
    <link:calculationArc order='10' weight='1.0' xlink:arcrole='https://xbrl.org/2023/arcrole/summation-item' xlink:from='loc_RealizedAndUnrealizedGainLossInvestmentDerivativeAndForeignCurrencyTransactionOperatingAfterTax' xlink:to='loc_RealizedAndUnrealizedGainLossInvestmentDerivativeAndForeignCurrencyTransactionPriceChangeOperatingAfterTax' xlink:type='arc' />
    <link:calculationArc order='10' weight='1.0' xlink:arcrole='https://xbrl.org/2023/arcrole/summation-item' xlink:from='loc_RealizedAndUnrealizedGainLossInvestmentDerivativeAndForeignCurrencyTransactionPriceChangeOperatingAfterTax' xlink:to='loc_RealizedGainLossInvestmentDerivativeAndForeignCurrencyTransactionPriceChangeOperatingAfterTax' xlink:type='arc' />
    <link:calculationArc order='20' weight='1.0' xlink:arcrole='https://xbrl.org/2023/arcrole/summation-item' xlink:from='loc_RealizedAndUnrealizedGainLossInvestmentDerivativeAndForeignCurrencyTransactionPriceChangeOperatingAfterTax' xlink:to='loc_UnrealizedGainLossInvestmentDerivativeAndForeignCurrencyTransactionPriceChangeOperatingAfterTax' xlink:type='arc' />
    <link:calculationArc order='20' weight='1.0' xlink:arcrole='https://xbrl.org/2023/arcrole/summation-item' xlink:from='loc_RealizedAndUnrealizedGainLossInvestmentDerivativeAndForeignCurrencyTransactionOperatingAfterTax' xlink:to='loc_ForeignCurrencyTransactionGainLossExcludingInvestmentPriceChangeAfterTax' xlink:type='arc' />
    <link:calculationArc order='10' weight='1.0' xlink:arcrole='https://xbrl.org/2023/arcrole/summation-item' xlink:from='loc_ForeignCurrencyTransactionGainLossExcludingInvestmentPriceChangeAfterTax' xlink:to='loc_ForeignCurrencyTransactionGainLossRealizedExcludingInvestmentPriceChangeAfterTax' xlink:type='arc' />
    <link:calculationArc order='20' weight='1.0' xlink:arcrole='https://xbrl.org/2023/arcrole/summation-item' xlink:from='loc_ForeignCurrencyTransactionGainLossExcludingInvestmentPriceChangeAfterTax' xlink:to='loc_ForeignCurrencyTransactionGainLossUnrealizedExcludingInvestmentPriceChangeAfterTax' xlink:type='arc' />
    <link:calculationArc order='10' weight='1.0' xlink:arcrole='https://xbrl.org/2023/arcrole/summation-item' xlink:from='loc_RetainedEarningsAccumulatedDeficit' xlink:to='loc_InvestmentCompanyDistributableEarningsLossAccumulatedOrdinaryIncomeLoss' xlink:type='arc' />
    <link:calculationArc order='20' weight='1.0' xlink:arcrole='https://xbrl.org/2023/arcrole/summation-item' xlink:from='loc_RetainedEarningsAccumulatedDeficit' xlink:to='loc_InvestmentCompanyDistributableEarningsLossAccumulatedLongTermCapitalGainLoss' xlink:type='arc' />
    <link:calculationArc order='30' weight='1.0' xlink:arcrole='https://xbrl.org/2023/arcrole/summation-item' xlink:from='loc_RetainedEarningsAccumulatedDeficit' xlink:to='loc_InvestmentCompanyDistributableEarningsLossAccumulatedAppreciationDepreciation' xlink:type='arc' />
    <link:calculationArc order='40' weight='-1.0' xlink:arcrole='https://xbrl.org/2023/arcrole/summation-item' xlink:from='loc_RetainedEarningsAccumulatedDeficit' xlink:to='loc_InvestmentCompanyDistributableEarningsLossAccumulatedCapitalLossCarryforward' xlink:type='arc' />
    <link:calculationArc order='50' weight='1.0' xlink:arcrole='https://xbrl.org/2023/arcrole/summation-item' xlink:from='loc_RetainedEarningsAccumulatedDeficit' xlink:to='loc_InvestmentCompanyDistributableEarningsLossAccumulatedTemporaryDifferenceOther' xlink:type='arc' />
    <link:calculationArc order='10' weight='1.0' xlink:arcrole='https://xbrl.org/2023/arcrole/summation-item' xlink:from='loc_InvestmentCompanyRealizedAndUnrealizedGainLossOnInvestmentAndForeignCurrency' xlink:to='loc_RealizedAndUnrealizedGainLossInvestmentDerivativeAndForeignCurrencyTransactionPriceChangeOperatingBeforeTax' xlink:type='arc' />
    <link:calculationArc order='10' weight='1.0' xlink:arcrole='https://xbrl.org/2023/arcrole/summation-item' xlink:from='loc_RealizedAndUnrealizedGainLossInvestmentDerivativeAndForeignCurrencyTransactionPriceChangeOperatingBeforeTax' xlink:to='loc_RealizedGainLossInvestmentDerivativeAndForeignCurrencyTransactionPriceChangeOperatingBeforeTax' xlink:type='arc' />
    <link:calculationArc order='10' weight='1.0' xlink:arcrole='https://xbrl.org/2023/arcrole/summation-item' xlink:from='loc_RealizedGainLossInvestmentDerivativeAndForeignCurrencyTransactionPriceChangeOperatingBeforeTax' xlink:to='loc_DebtAndEquitySecuritiesAndForeignCurrencyTransactionPriceChangeRealizedGainLossOperatingBeforeTax' xlink:type='arc' />
    <link:calculationArc order='20' weight='1.0' xlink:arcrole='https://xbrl.org/2023/arcrole/summation-item' xlink:from='loc_RealizedGainLossInvestmentDerivativeAndForeignCurrencyTransactionPriceChangeOperatingBeforeTax' xlink:to='loc_DerivativeAndForeignCurrencyTransactionPriceChangeRealizedGainLossOperatingBeforeTax' xlink:type='arc' />
    <link:calculationArc order='30' weight='1.0' xlink:arcrole='https://xbrl.org/2023/arcrole/summation-item' xlink:from='loc_RealizedGainLossInvestmentDerivativeAndForeignCurrencyTransactionPriceChangeOperatingBeforeTax' xlink:to='loc_SecuritySoldShortAndForeignCurrencyTransactionPriceChangeRealizedGainLossOperatingBeforeTax' xlink:type='arc' />
    <link:calculationArc order='20' weight='1.0' xlink:arcrole='https://xbrl.org/2023/arcrole/summation-item' xlink:from='loc_RealizedAndUnrealizedGainLossInvestmentDerivativeAndForeignCurrencyTransactionPriceChangeOperatingBeforeTax' xlink:to='loc_UnrealizedGainLossInvestmentDerivativeAndForeignCurrencyTransactionPriceChangeOperatingBeforeTax' xlink:type='arc' />
    <link:calculationArc order='10' weight='1.0' xlink:arcrole='https://xbrl.org/2023/arcrole/summation-item' xlink:from='loc_UnrealizedGainLossInvestmentDerivativeAndForeignCurrencyTransactionPriceChangeOperatingBeforeTax' xlink:to='loc_DebtAndEquitySecuritiesAndForeignCurrencyTransactionPriceChangeUnrealizedGainLossOperatingBeforeTax' xlink:type='arc' />
    <link:calculationArc order='20' weight='1.0' xlink:arcrole='https://xbrl.org/2023/arcrole/summation-item' xlink:from='loc_UnrealizedGainLossInvestmentDerivativeAndForeignCurrencyTransactionPriceChangeOperatingBeforeTax' xlink:to='loc_DerivativeAndForeignCurrencyTransactionPriceChangeUnrealizedGainLossOperatingBeforeTax' xlink:type='arc' />
    <link:calculationArc order='30' weight='1.0' xlink:arcrole='https://xbrl.org/2023/arcrole/summation-item' xlink:from='loc_UnrealizedGainLossInvestmentDerivativeAndForeignCurrencyTransactionPriceChangeOperatingBeforeTax' xlink:to='loc_SecuritySoldShortAndForeignCurrencyTransactionPriceChangeUnrealizedGainLossOperatingBeforeTax' xlink:type='arc' />
    <link:calculationArc order='20' weight='1.0' xlink:arcrole='https://xbrl.org/2023/arcrole/summation-item' xlink:from='loc_InvestmentCompanyRealizedAndUnrealizedGainLossOnInvestmentAndForeignCurrency' xlink:to='loc_ForeignCurrencyTransactionGainLossExcludingInvestmentPriceChangeBeforeTax' xlink:type='arc' />
    <link:calculationArc order='10' weight='1.0' xlink:arcrole='https://xbrl.org/2023/arcrole/summation-item' xlink:from='loc_ForeignCurrencyTransactionGainLossExcludingInvestmentPriceChangeBeforeTax' xlink:to='loc_ForeignCurrencyTransactionGainLossRealizedExcludingInvestmentPriceChangeBeforeTax' xlink:type='arc' />
    <link:calculationArc order='20' weight='1.0' xlink:arcrole='https://xbrl.org/2023/arcrole/summation-item' xlink:from='loc_ForeignCurrencyTransactionGainLossExcludingInvestmentPriceChangeBeforeTax' xlink:to='loc_ForeignCurrencyTransactionGainLossUnrealizedExcludingInvestmentPriceChangeBeforeTax' xlink:type='arc' />
    <link:calculationArc order='10' weight='1.0' xlink:arcrole='https://xbrl.org/2023/arcrole/summation-item' xlink:from='loc_RealizedGainLossInvestmentDerivativeAndForeignCurrencyTransactionOperatingAfterTax' xlink:to='loc_ForeignCurrencyTransactionGainLossRealized' xlink:type='arc' />
    <link:calculationArc order='20' weight='1.0' xlink:arcrole='https://xbrl.org/2023/arcrole/summation-item' xlink:from='loc_RealizedGainLossInvestmentDerivativeAndForeignCurrencyTransactionOperatingAfterTax' xlink:to='loc_RealizedGainLossInvestmentAndDerivativeOperatingBeforeTax' xlink:type='arc' />
    <link:calculationArc order='30' weight='-1.0' xlink:arcrole='https://xbrl.org/2023/arcrole/summation-item' xlink:from='loc_RealizedGainLossInvestmentDerivativeAndForeignCurrencyTransactionOperatingAfterTax' xlink:to='loc_RealizedGainLossInvestmentAndDerivativeOperatingTaxExpenseBenefit' xlink:type='arc' />
    <link:calculationArc order='10' weight='1.0' xlink:arcrole='https://xbrl.org/2023/arcrole/summation-item' xlink:from='loc_UnrealizedGainLossInvestmentDerivativeAndForeignCurrencyTransactionOperatingAfterTax' xlink:to='loc_UnrealizedGainLossInvestmentAndDerivativeOperatingBeforeTax' xlink:type='arc' />
    <link:calculationArc order='20' weight='1.0' xlink:arcrole='https://xbrl.org/2023/arcrole/summation-item' xlink:from='loc_UnrealizedGainLossInvestmentDerivativeAndForeignCurrencyTransactionOperatingAfterTax' xlink:to='loc_ForeignCurrencyTransactionGainLossUnrealized' xlink:type='arc' />
    <link:calculationArc order='30' weight='-1.0' xlink:arcrole='https://xbrl.org/2023/arcrole/summation-item' xlink:from='loc_UnrealizedGainLossInvestmentDerivativeAndForeignCurrencyTransactionOperatingAfterTax' xlink:to='loc_UnrealizedGainLossInvestmentAndDerivativeOperatingTaxExpenseBenefit' xlink:type='arc' />
    <link:calculationArc order='10' weight='1.0' xlink:arcrole='https://xbrl.org/2023/arcrole/summation-item' xlink:from='loc_InvestmentCompanyIncreaseFromPaymentByAffiliateAndGainLossFromInvestmentInViolation' xlink:to='loc_InvestmentCompanyGainLossOnInvestmentNotMeetingGuidelines' xlink:type='arc' />
    <link:calculationArc order='10' weight='1.0' xlink:arcrole='https://xbrl.org/2023/arcrole/summation-item' xlink:from='loc_InvestmentCompanyGainLossOnInvestmentNotMeetingGuidelines' xlink:to='loc_InvestmentCompanyGainOnInvestmentInViolation' xlink:type='arc' />
    <link:calculationArc order='20' weight='-1.0' xlink:arcrole='https://xbrl.org/2023/arcrole/summation-item' xlink:from='loc_InvestmentCompanyGainLossOnInvestmentNotMeetingGuidelines' xlink:to='loc_InvestmentCompanyLossOnInvestmentInViolation' xlink:type='arc' />
    <link:calculationArc order='20' weight='1.0' xlink:arcrole='https://xbrl.org/2023/arcrole/summation-item' xlink:from='loc_InvestmentCompanyIncreaseFromPaymentByAffiliateAndGainLossFromInvestmentInViolation' xlink:to='loc_InvestmentCompanyVoluntaryPaymentByAffiliateLossReimbursement' xlink:type='arc' />
    <link:calculationArc order='30' weight='1.0' xlink:arcrole='https://xbrl.org/2023/arcrole/summation-item' xlink:from='loc_InvestmentCompanyIncreaseFromPaymentByAffiliateAndGainLossFromInvestmentInViolation' xlink:to='loc_InvestmentCompanyPaymentByAffiliateLossOnInvestmentInViolation' xlink:type='arc' />
    <link:calculationArc order='10' weight='1.0' xlink:arcrole='https://xbrl.org/2023/arcrole/summation-item' xlink:from='loc_InterestAndDividendIncomeSecurities' xlink:to='loc_InterestAndDividendIncomeOperatingPaidInKind' xlink:type='arc' />
    <link:calculationArc order='10' weight='1.0' xlink:arcrole='https://xbrl.org/2023/arcrole/summation-item' xlink:from='loc_InterestAndDividendIncomeOperatingPaidInKind' xlink:to='loc_DividendIncomeOperatingPaidInKind' xlink:type='arc' />
    <link:calculationArc order='20' weight='1.0' xlink:arcrole='https://xbrl.org/2023/arcrole/summation-item' xlink:from='loc_InterestAndDividendIncomeOperatingPaidInKind' xlink:to='loc_InterestIncomeOperatingPaidInKind' xlink:type='arc' />
    <link:calculationArc order='20' weight='1.0' xlink:arcrole='https://xbrl.org/2023/arcrole/summation-item' xlink:from='loc_InterestAndDividendIncomeSecurities' xlink:to='loc_InterestAndDividendIncomeOperatingPaidInCash' xlink:type='arc' />
    <link:calculationArc order='10' weight='1.0' xlink:arcrole='https://xbrl.org/2023/arcrole/summation-item' xlink:from='loc_InterestAndDividendIncomeOperatingPaidInCash' xlink:to='loc_DividendIncomeOperatingPaidInCash' xlink:type='arc' />
    <link:calculationArc order='20' weight='1.0' xlink:arcrole='https://xbrl.org/2023/arcrole/summation-item' xlink:from='loc_InterestAndDividendIncomeOperatingPaidInCash' xlink:to='loc_InterestIncomeOperatingPaidInCash' xlink:type='arc' />
    <link:calculationArc order='10' weight='1.0' xlink:arcrole='https://xbrl.org/2023/arcrole/summation-item' xlink:from='loc_InvestmentCompanyTaxBasisTaxableIncomeLossBeforeDeductionForDistribution' xlink:to='loc_ProfitLoss' xlink:type='arc' />
    <link:calculationArc order='20' weight='-1.0' xlink:arcrole='https://xbrl.org/2023/arcrole/summation-item' xlink:from='loc_InvestmentCompanyTaxBasisTaxableIncomeLossBeforeDeductionForDistribution' xlink:to='loc_InvestmentCompanyTaxBasisIncomeNotCurrentlyTaxable' xlink:type='arc' />
    <link:calculationArc order='30' weight='1.0' xlink:arcrole='https://xbrl.org/2023/arcrole/summation-item' xlink:from='loc_InvestmentCompanyTaxBasisTaxableIncomeLossBeforeDeductionForDistribution' xlink:to='loc_InvestmentCompanyTaxBasisIncomeTaxable' xlink:type='arc' />
    <link:calculationArc order='40' weight='1.0' xlink:arcrole='https://xbrl.org/2023/arcrole/summation-item' xlink:from='loc_InvestmentCompanyTaxBasisTaxableIncomeLossBeforeDeductionForDistribution' xlink:to='loc_InvestmentCompanyTaxBasisExpenseNotCurrentlyDeductible' xlink:type='arc' />
    <link:calculationArc order='50' weight='-1.0' xlink:arcrole='https://xbrl.org/2023/arcrole/summation-item' xlink:from='loc_InvestmentCompanyTaxBasisTaxableIncomeLossBeforeDeductionForDistribution' xlink:to='loc_InvestmentCompanyTaxBasisExpenseDeductible' xlink:type='arc' />
    <link:calculationArc order='60' weight='1.0' xlink:arcrole='https://xbrl.org/2023/arcrole/summation-item' xlink:from='loc_InvestmentCompanyTaxBasisTaxableIncomeLossBeforeDeductionForDistribution' xlink:to='loc_InvestmentCompanyTaxBasisExpenseNotDeductible' xlink:type='arc' />
    <link:calculationArc order='70' weight='1.0' xlink:arcrole='https://xbrl.org/2023/arcrole/summation-item' xlink:from='loc_InvestmentCompanyTaxBasisTaxableIncomeLossBeforeDeductionForDistribution' xlink:to='loc_InvestmentCompanyTaxBasisUnrealizedGainLossNotCurrentlyTaxableDeductible' xlink:type='arc' />
    <link:calculationArc order='80' weight='1.0' xlink:arcrole='https://xbrl.org/2023/arcrole/summation-item' xlink:from='loc_InvestmentCompanyTaxBasisTaxableIncomeLossBeforeDeductionForDistribution' xlink:to='loc_InvestmentCompanyTaxBasisCapitalLossCarryforwardUtilization' xlink:type='arc' />
    <link:calculationArc order='90' weight='1.0' xlink:arcrole='https://xbrl.org/2023/arcrole/summation-item' xlink:from='loc_InvestmentCompanyTaxBasisTaxableIncomeLossBeforeDeductionForDistribution' xlink:to='loc_InvestmentCompanyTaxBasisOtherIncreaseDecrease' xlink:type='arc' />
    <link:calculationArc order='10' weight='1.0' xlink:arcrole='https://xbrl.org/2023/arcrole/summation-item' xlink:from='loc_InvestmentIncomeOperatingAfterExpenseAndTax' xlink:to='loc_NetInvestmentIncome' xlink:type='arc' />
    <link:calculationArc order='20' weight='-1.0' xlink:arcrole='https://xbrl.org/2023/arcrole/summation-item' xlink:from='loc_InvestmentIncomeOperatingAfterExpenseAndTax' xlink:to='loc_InvestmentIncomeOperatingTaxExpenseBenefit' xlink:type='arc' />
    <link:calculationArc order='10' weight='1.0' xlink:arcrole='https://xbrl.org/2023/arcrole/summation-item' xlink:from='loc_InvestmentCompanyExpenseAfterReductionOfFeeWaiverAndReimbursement' xlink:to='loc_InvestmentIncomeInvestmentExpense' xlink:type='arc' />
    <link:calculationArc order='20' weight='-1.0' xlink:arcrole='https://xbrl.org/2023/arcrole/summation-item' xlink:from='loc_InvestmentCompanyExpenseAfterReductionOfFeeWaiverAndReimbursement' xlink:to='loc_InvestmentCompanyExpenseOffsetArrangement' xlink:type='arc' />
    <link:calculationArc order='30' weight='-1.0' xlink:arcrole='https://xbrl.org/2023/arcrole/summation-item' xlink:from='loc_InvestmentCompanyExpenseAfterReductionOfFeeWaiverAndReimbursement' xlink:to='loc_InvestmentCompanyContractualFeeWaived' xlink:type='arc' />
    <link:calculationArc order='40' weight='-1.0' xlink:arcrole='https://xbrl.org/2023/arcrole/summation-item' xlink:from='loc_InvestmentCompanyExpenseAfterReductionOfFeeWaiverAndReimbursement' xlink:to='loc_InvestmentCompanyVoluntaryFeeWaived' xlink:type='arc' />
    <link:calculationArc order='50' weight='-1.0' xlink:arcrole='https://xbrl.org/2023/arcrole/summation-item' xlink:from='loc_InvestmentCompanyExpenseAfterReductionOfFeeWaiverAndReimbursement' xlink:to='loc_InvestmentCompanyFeePaidIndirectly' xlink:type='arc' />
  </link:calculationLink>
</link:linkbase>
