<?xml version='1.0' encoding='UTF-8'?>

<!--
(c) 2010-2024 Financial Accounting Foundation; (c) 2007-2010 XBRL US, Inc.  All Rights Reserved.
Notice: Authorized Uses are Set Forth at https://xbrl.fasb.org/terms/TaxonomiesTermsConditions.html
  -->
<link:linkbase xmlns:link='http://www.xbrl.org/2003/linkbase' xmlns:xbrldt='http://xbrl.org/2005/xbrldt' xmlns:xlink='http://www.w3.org/1999/xlink' xmlns:xsi='http://www.w3.org/2001/XMLSchema-instance' xsi:schemaLocation='http://www.xbrl.org/2003/linkbase http://www.xbrl.org/2003/xbrl-linkbase-2003-12-31.xsd'>
  <link:roleRef roleURI='http://fasb.org/us-gaap/role/disclosure/GovernmentAssistance' xlink:href='../elts/us-roles-2024.xsd#ga' xlink:type='simple' />
  <link:arcroleRef arcroleURI='http://xbrl.org/int/dim/arcrole/all' xlink:href='http://www.xbrl.org/2005/xbrldt-2005.xsd#all' xlink:type='simple' />
  <link:arcroleRef arcroleURI='http://xbrl.org/int/dim/arcrole/hypercube-dimension' xlink:href='http://www.xbrl.org/2005/xbrldt-2005.xsd#hypercube-dimension' xlink:type='simple' />
  <link:arcroleRef arcroleURI='http://xbrl.org/int/dim/arcrole/dimension-domain' xlink:href='http://www.xbrl.org/2005/xbrldt-2005.xsd#dimension-domain' xlink:type='simple' />
  <link:arcroleRef arcroleURI='http://xbrl.org/int/dim/arcrole/dimension-default' xlink:href='http://www.xbrl.org/2005/xbrldt-2005.xsd#dimension-default' xlink:type='simple' />
  <link:arcroleRef arcroleURI='http://xbrl.org/int/dim/arcrole/domain-member' xlink:href='http://www.xbrl.org/2005/xbrldt-2005.xsd#domain-member' xlink:type='simple' />
  <link:definitionLink xlink:role='http://fasb.org/us-gaap/role/disclosure/GovernmentAssistance' xlink:type='extended'>
    <link:loc xlink:href='../elts/us-gaap-2024.xsd#us-gaap_GovernmentAssistanceTable' xlink:label='loc_GovernmentAssistanceTable' xlink:type='locator' />
    <link:loc xlink:href='../elts/us-gaap-2024.xsd#us-gaap_GovernmentAssistanceLineItems' xlink:label='loc_GovernmentAssistanceLineItems' xlink:type='locator' />
    <link:definitionArc order='1.0' xbrldt:closed='true' xbrldt:contextElement='segment' xlink:arcrole='http://xbrl.org/int/dim/arcrole/all' xlink:from='loc_GovernmentAssistanceLineItems' xlink:to='loc_GovernmentAssistanceTable' xlink:type='arc' />
  </link:definitionLink>
  <link:definitionLink xlink:role='http://fasb.org/us-gaap/role/disclosure/GovernmentAssistance' xlink:type='extended'>
    <link:loc xlink:href='../elts/us-gaap-2024.xsd#us-gaap_GovernmentAssistanceTable' xlink:label='loc_GovernmentAssistanceTable' xlink:type='locator' />
    <link:loc xlink:href='../elts/us-gaap-2024.xsd#us-gaap_GovernmentAssistanceTypeAxis' xlink:label='loc_GovernmentAssistanceTypeAxis' xlink:type='locator' />
    <link:loc xlink:href='../elts/us-gaap-2024.xsd#us-gaap_StatementOfFinancialPositionLocationActivityAccrualAxis' xlink:label='loc_StatementOfFinancialPositionLocationActivityAccrualAxis' xlink:type='locator' />
    <link:loc xlink:href='../elts/us-gaap-2024.xsd#us-gaap_StatementOfFinancialPositionLocationActivityCapitalizationAxis' xlink:label='loc_StatementOfFinancialPositionLocationActivityCapitalizationAxis' xlink:type='locator' />
    <link:definitionArc order='1.0' xlink:arcrole='http://xbrl.org/int/dim/arcrole/hypercube-dimension' xlink:from='loc_GovernmentAssistanceTable' xlink:to='loc_GovernmentAssistanceTypeAxis' xlink:type='arc' />
    <link:definitionArc order='2.0' xlink:arcrole='http://xbrl.org/int/dim/arcrole/hypercube-dimension' xlink:from='loc_GovernmentAssistanceTable' xlink:to='loc_StatementOfFinancialPositionLocationActivityAccrualAxis' xlink:type='arc' />
    <link:definitionArc order='3.0' xlink:arcrole='http://xbrl.org/int/dim/arcrole/hypercube-dimension' xlink:from='loc_GovernmentAssistanceTable' xlink:to='loc_StatementOfFinancialPositionLocationActivityCapitalizationAxis' xlink:type='arc' />
  </link:definitionLink>
  <link:definitionLink xlink:role='http://fasb.org/us-gaap/role/disclosure/GovernmentAssistance' xlink:type='extended'>
    <link:loc xlink:href='../elts/us-gaap-2024.xsd#us-gaap_GovernmentAssistanceTypeAxis' xlink:label='loc_GovernmentAssistanceTypeAxis' xlink:type='locator' />
    <link:loc xlink:href='../elts/us-gaap-2024.xsd#us-gaap_GovernmentAssistanceTypeDomain' xlink:label='loc_GovernmentAssistanceTypeDomain' xlink:type='locator' />
    <link:loc xlink:href='../elts/us-gaap-2024.xsd#us-gaap_StatementOfFinancialPositionLocationActivityAccrualAxis' xlink:label='loc_StatementOfFinancialPositionLocationActivityAccrualAxis' xlink:type='locator' />
    <link:loc xlink:href='../elts/us-gaap-2024.xsd#us-gaap_StatementOfFinancialPositionLocationActivityAccrualDomain' xlink:label='loc_StatementOfFinancialPositionLocationActivityAccrualDomain' xlink:type='locator' />
    <link:loc xlink:href='../elts/us-gaap-2024.xsd#us-gaap_StatementOfFinancialPositionLocationActivityCapitalizationAxis' xlink:label='loc_StatementOfFinancialPositionLocationActivityCapitalizationAxis' xlink:type='locator' />
    <link:loc xlink:href='../elts/us-gaap-2024.xsd#us-gaap_StatementOfFinancialPositionLocationActivityCapitalizationDomain' xlink:label='loc_StatementOfFinancialPositionLocationActivityCapitalizationDomain' xlink:type='locator' />
    <link:definitionArc order='1.0' xlink:arcrole='http://xbrl.org/int/dim/arcrole/dimension-domain' xlink:from='loc_GovernmentAssistanceTypeAxis' xlink:to='loc_GovernmentAssistanceTypeDomain' xlink:type='arc' />
    <link:definitionArc order='2.0' xlink:arcrole='http://xbrl.org/int/dim/arcrole/dimension-domain' xlink:from='loc_StatementOfFinancialPositionLocationActivityAccrualAxis' xlink:to='loc_StatementOfFinancialPositionLocationActivityAccrualDomain' xlink:type='arc' />
    <link:definitionArc order='3.0' xlink:arcrole='http://xbrl.org/int/dim/arcrole/dimension-domain' xlink:from='loc_StatementOfFinancialPositionLocationActivityCapitalizationAxis' xlink:to='loc_StatementOfFinancialPositionLocationActivityCapitalizationDomain' xlink:type='arc' />
  </link:definitionLink>
  <link:definitionLink xlink:role='http://fasb.org/us-gaap/role/disclosure/GovernmentAssistance' xlink:type='extended'>
    <link:loc xlink:href='../elts/us-gaap-2024.xsd#us-gaap_GovernmentAssistanceTypeAxis' xlink:label='loc_GovernmentAssistanceTypeAxis' xlink:type='locator' />
    <link:loc xlink:href='../elts/us-gaap-2024.xsd#us-gaap_GovernmentAssistanceTypeDomain' xlink:label='loc_GovernmentAssistanceTypeDomain' xlink:type='locator' />
    <link:loc xlink:href='../elts/us-gaap-2024.xsd#us-gaap_StatementOfFinancialPositionLocationActivityAccrualAxis' xlink:label='loc_StatementOfFinancialPositionLocationActivityAccrualAxis' xlink:type='locator' />
    <link:loc xlink:href='../elts/us-gaap-2024.xsd#us-gaap_StatementOfFinancialPositionLocationActivityAccrualDomain' xlink:label='loc_StatementOfFinancialPositionLocationActivityAccrualDomain' xlink:type='locator' />
    <link:loc xlink:href='../elts/us-gaap-2024.xsd#us-gaap_StatementOfFinancialPositionLocationActivityCapitalizationAxis' xlink:label='loc_StatementOfFinancialPositionLocationActivityCapitalizationAxis' xlink:type='locator' />
    <link:loc xlink:href='../elts/us-gaap-2024.xsd#us-gaap_StatementOfFinancialPositionLocationActivityCapitalizationDomain' xlink:label='loc_StatementOfFinancialPositionLocationActivityCapitalizationDomain' xlink:type='locator' />
    <link:definitionArc order='1.0' xlink:arcrole='http://xbrl.org/int/dim/arcrole/dimension-default' xlink:from='loc_GovernmentAssistanceTypeAxis' xlink:to='loc_GovernmentAssistanceTypeDomain' xlink:type='arc' />
    <link:definitionArc order='2.0' xlink:arcrole='http://xbrl.org/int/dim/arcrole/dimension-default' xlink:from='loc_StatementOfFinancialPositionLocationActivityAccrualAxis' xlink:to='loc_StatementOfFinancialPositionLocationActivityAccrualDomain' xlink:type='arc' />
    <link:definitionArc order='3.0' xlink:arcrole='http://xbrl.org/int/dim/arcrole/dimension-default' xlink:from='loc_StatementOfFinancialPositionLocationActivityCapitalizationAxis' xlink:to='loc_StatementOfFinancialPositionLocationActivityCapitalizationDomain' xlink:type='arc' />
  </link:definitionLink>
  <link:definitionLink xlink:role='http://fasb.org/us-gaap/role/disclosure/GovernmentAssistance' xlink:type='extended'>
    <link:loc xlink:href='../elts/us-gaap-2024.xsd#us-gaap_GovernmentAssistanceLineItems' xlink:label='loc_GovernmentAssistanceLineItems' xlink:type='locator' />
    <link:loc xlink:href='../elts/us-gaap-2024.xsd#us-gaap_GovernmentAssistanceContractuallyProhibitedDisclosure' xlink:label='loc_GovernmentAssistanceContractuallyProhibitedDisclosure' xlink:type='locator' />
    <link:loc xlink:href='../elts/us-gaap-2024.xsd#us-gaap_GovernmentAssistanceTransactionDuration' xlink:label='loc_GovernmentAssistanceTransactionDuration' xlink:type='locator' />
    <link:loc xlink:href='../elts/us-gaap-2024.xsd#us-gaap_GovernmentAssistanceAwardAmount' xlink:label='loc_GovernmentAssistanceAwardAmount' xlink:type='locator' />
    <link:loc xlink:href='../elts/us-gaap-2024.xsd#us-gaap_GovernmentAssistanceEffectOnStatementOfFinancialPositionAbstract' xlink:label='loc_GovernmentAssistanceEffectOnStatementOfFinancialPositionAbstract' xlink:type='locator' />
    <link:loc xlink:href='../elts/us-gaap-2024.xsd#us-gaap_GovernmentAssistanceAmountCumulativeAbstract' xlink:label='loc_GovernmentAssistanceAmountCumulativeAbstract' xlink:type='locator' />
    <link:loc xlink:href='../elts/us-gaap-2024.xsd#us-gaap_GovernmentAssistanceAmountCumulativeCurrent' xlink:label='loc_GovernmentAssistanceAmountCumulativeCurrent' xlink:type='locator' />
    <link:loc xlink:href='../elts/us-gaap-2024.xsd#us-gaap_GovernmentAssistanceAssetCurrentTypeExtensibleEnumeration' xlink:label='loc_GovernmentAssistanceAssetCurrentTypeExtensibleEnumeration' xlink:type='locator' />
    <link:loc xlink:href='../elts/us-gaap-2024.xsd#us-gaap_GovernmentAssistanceCurrentStatementOfFinancialPositionExtensibleEnumeration' xlink:label='loc_GovernmentAssistanceCurrentStatementOfFinancialPositionExtensibleEnumeration' xlink:type='locator' />
    <link:loc xlink:href='../elts/us-gaap-2024.xsd#us-gaap_GovernmentAssistanceAmountCumulativeNoncurrent' xlink:label='loc_GovernmentAssistanceAmountCumulativeNoncurrent' xlink:type='locator' />
    <link:loc xlink:href='../elts/us-gaap-2024.xsd#us-gaap_GovernmentAssistanceAssetNoncurrentTypeExtensibleEnumeration' xlink:label='loc_GovernmentAssistanceAssetNoncurrentTypeExtensibleEnumeration' xlink:type='locator' />
    <link:loc xlink:href='../elts/us-gaap-2024.xsd#us-gaap_GovernmentAssistanceNoncurrentStatementOfFinancialPositionExtensibleEnumeration' xlink:label='loc_GovernmentAssistanceNoncurrentStatementOfFinancialPositionExtensibleEnumeration' xlink:type='locator' />
    <link:loc xlink:href='../elts/us-gaap-2024.xsd#us-gaap_GovernmentAssistanceAmountCumulative' xlink:label='loc_GovernmentAssistanceAmountCumulative' xlink:type='locator' />
    <link:loc xlink:href='../elts/us-gaap-2024.xsd#us-gaap_GovernmentAssistanceAssetTypeExtensibleEnumeration' xlink:label='loc_GovernmentAssistanceAssetTypeExtensibleEnumeration' xlink:type='locator' />
    <link:loc xlink:href='../elts/us-gaap-2024.xsd#us-gaap_GovernmentAssistanceStatementOfFinancialPositionExtensibleEnumeration' xlink:label='loc_GovernmentAssistanceStatementOfFinancialPositionExtensibleEnumeration' xlink:type='locator' />
    <link:loc xlink:href='../elts/us-gaap-2024.xsd#us-gaap_GovernmentAssistanceAssetIncreaseAbstract' xlink:label='loc_GovernmentAssistanceAssetIncreaseAbstract' xlink:type='locator' />
    <link:loc xlink:href='../elts/us-gaap-2024.xsd#us-gaap_GovernmentAssistanceAssetIncreaseCurrent' xlink:label='loc_GovernmentAssistanceAssetIncreaseCurrent' xlink:type='locator' />
    <link:loc xlink:href='../elts/us-gaap-2024.xsd#us-gaap_GovernmentAssistanceAssetIncreaseCurrentTypeExtensibleEnumeration' xlink:label='loc_GovernmentAssistanceAssetIncreaseCurrentTypeExtensibleEnumeration' xlink:type='locator' />
    <link:loc xlink:href='../elts/us-gaap-2024.xsd#us-gaap_GovernmentAssistanceAssetIncreaseCurrentStatementOfFinancialPositionExtensibleEnumeration' xlink:label='loc_GovernmentAssistanceAssetIncreaseCurrentStatementOfFinancialPositionExtensibleEnumeration' xlink:type='locator' />
    <link:loc xlink:href='../elts/us-gaap-2024.xsd#us-gaap_GovernmentAssistanceAssetIncreaseNoncurrent' xlink:label='loc_GovernmentAssistanceAssetIncreaseNoncurrent' xlink:type='locator' />
    <link:loc xlink:href='../elts/us-gaap-2024.xsd#us-gaap_GovernmentAssistanceAssetIncreaseNoncurrentTypeExtensibleEnumeration' xlink:label='loc_GovernmentAssistanceAssetIncreaseNoncurrentTypeExtensibleEnumeration' xlink:type='locator' />
    <link:loc xlink:href='../elts/us-gaap-2024.xsd#us-gaap_GovernmentAssistanceAssetIncreaseNoncurrentStatementOfFinancialPositionExtensibleEnumeration' xlink:label='loc_GovernmentAssistanceAssetIncreaseNoncurrentStatementOfFinancialPositionExtensibleEnumeration' xlink:type='locator' />
    <link:loc xlink:href='../elts/us-gaap-2024.xsd#us-gaap_GovernmentAssistanceAssetIncrease' xlink:label='loc_GovernmentAssistanceAssetIncrease' xlink:type='locator' />
    <link:loc xlink:href='../elts/us-gaap-2024.xsd#us-gaap_GovernmentAssistanceAssetIncreaseTypeExtensibleEnumeration' xlink:label='loc_GovernmentAssistanceAssetIncreaseTypeExtensibleEnumeration' xlink:type='locator' />
    <link:loc xlink:href='../elts/us-gaap-2024.xsd#us-gaap_GovernmentAssistanceAssetIncreaseStatementOfFinancialPositionExtensibleEnumeration' xlink:label='loc_GovernmentAssistanceAssetIncreaseStatementOfFinancialPositionExtensibleEnumeration' xlink:type='locator' />
    <link:loc xlink:href='../elts/us-gaap-2024.xsd#us-gaap_GovernmentAssistanceAssetDecreaseAbstract' xlink:label='loc_GovernmentAssistanceAssetDecreaseAbstract' xlink:type='locator' />
    <link:loc xlink:href='../elts/us-gaap-2024.xsd#us-gaap_GovernmentAssistanceAssetDecreaseCurrent' xlink:label='loc_GovernmentAssistanceAssetDecreaseCurrent' xlink:type='locator' />
    <link:loc xlink:href='../elts/us-gaap-2024.xsd#us-gaap_GovernmentAssistanceAssetDecreaseCurrentTypeExtensibleEnumeration' xlink:label='loc_GovernmentAssistanceAssetDecreaseCurrentTypeExtensibleEnumeration' xlink:type='locator' />
    <link:loc xlink:href='../elts/us-gaap-2024.xsd#us-gaap_GovernmentAssistanceAssetDecreaseCurrentStatementOfFinancialPositionExtensibleEnumeration' xlink:label='loc_GovernmentAssistanceAssetDecreaseCurrentStatementOfFinancialPositionExtensibleEnumeration' xlink:type='locator' />
    <link:loc xlink:href='../elts/us-gaap-2024.xsd#us-gaap_GovernmentAssistanceAssetDecreaseNoncurrent' xlink:label='loc_GovernmentAssistanceAssetDecreaseNoncurrent' xlink:type='locator' />
    <link:loc xlink:href='../elts/us-gaap-2024.xsd#us-gaap_GovernmentAssistanceAssetDecreaseNoncurrentTypeExtensibleEnumeration' xlink:label='loc_GovernmentAssistanceAssetDecreaseNoncurrentTypeExtensibleEnumeration' xlink:type='locator' />
    <link:loc xlink:href='../elts/us-gaap-2024.xsd#us-gaap_GovernmentAssistanceAssetDecreaseNoncurrentStatementOfFinancialPositionExtensibleEnumeration' xlink:label='loc_GovernmentAssistanceAssetDecreaseNoncurrentStatementOfFinancialPositionExtensibleEnumeration' xlink:type='locator' />
    <link:loc xlink:href='../elts/us-gaap-2024.xsd#us-gaap_GovernmentAssistanceAssetDecrease' xlink:label='loc_GovernmentAssistanceAssetDecrease' xlink:type='locator' />
    <link:loc xlink:href='../elts/us-gaap-2024.xsd#us-gaap_GovernmentAssistanceAssetDecreaseTypeExtensibleEnumeration' xlink:label='loc_GovernmentAssistanceAssetDecreaseTypeExtensibleEnumeration' xlink:type='locator' />
    <link:loc xlink:href='../elts/us-gaap-2024.xsd#us-gaap_GovernmentAssistanceAssetDecreaseStatementOfFinancialPositionExtensibleEnumeration' xlink:label='loc_GovernmentAssistanceAssetDecreaseStatementOfFinancialPositionExtensibleEnumeration' xlink:type='locator' />
    <link:loc xlink:href='../elts/us-gaap-2024.xsd#us-gaap_GovernmentAssistanceLiabilityAbstract' xlink:label='loc_GovernmentAssistanceLiabilityAbstract' xlink:type='locator' />
    <link:loc xlink:href='../elts/us-gaap-2024.xsd#us-gaap_GovernmentAssistanceLiabilityCurrent' xlink:label='loc_GovernmentAssistanceLiabilityCurrent' xlink:type='locator' />
    <link:loc xlink:href='../elts/us-gaap-2024.xsd#us-gaap_GovernmentAssistanceLiabilityCurrentTypeExtensibleEnumeration' xlink:label='loc_GovernmentAssistanceLiabilityCurrentTypeExtensibleEnumeration' xlink:type='locator' />
    <link:loc xlink:href='../elts/us-gaap-2024.xsd#us-gaap_GovernmentAssistanceLiabilityCurrentStatementOfFinancialPositionExtensibleEnumeration' xlink:label='loc_GovernmentAssistanceLiabilityCurrentStatementOfFinancialPositionExtensibleEnumeration' xlink:type='locator' />
    <link:loc xlink:href='../elts/us-gaap-2024.xsd#us-gaap_GovernmentAssistanceLiabilityNoncurrent' xlink:label='loc_GovernmentAssistanceLiabilityNoncurrent' xlink:type='locator' />
    <link:loc xlink:href='../elts/us-gaap-2024.xsd#us-gaap_GovernmentAssistanceLiabilityNoncurrentTypeExtensibleEnumeration' xlink:label='loc_GovernmentAssistanceLiabilityNoncurrentTypeExtensibleEnumeration' xlink:type='locator' />
    <link:loc xlink:href='../elts/us-gaap-2024.xsd#us-gaap_GovernmentAssistanceLiabilityNoncurrentStatementOfFinancialPositionExtensibleEnumeration' xlink:label='loc_GovernmentAssistanceLiabilityNoncurrentStatementOfFinancialPositionExtensibleEnumeration' xlink:type='locator' />
    <link:loc xlink:href='../elts/us-gaap-2024.xsd#us-gaap_GovernmentAssistanceLiability' xlink:label='loc_GovernmentAssistanceLiability' xlink:type='locator' />
    <link:loc xlink:href='../elts/us-gaap-2024.xsd#us-gaap_GovernmentAssistanceLiabilityTypeExtensibleEnumeration' xlink:label='loc_GovernmentAssistanceLiabilityTypeExtensibleEnumeration' xlink:type='locator' />
    <link:loc xlink:href='../elts/us-gaap-2024.xsd#us-gaap_GovernmentAssistanceLiabilityStatementOfFinancialPositionExtensibleEnumeration' xlink:label='loc_GovernmentAssistanceLiabilityStatementOfFinancialPositionExtensibleEnumeration' xlink:type='locator' />
    <link:loc xlink:href='../elts/us-gaap-2024.xsd#us-gaap_GovernmentAssistanceLiabilityIncreaseAbstract' xlink:label='loc_GovernmentAssistanceLiabilityIncreaseAbstract' xlink:type='locator' />
    <link:loc xlink:href='../elts/us-gaap-2024.xsd#us-gaap_GovernmentAssistanceLiabilityIncreaseCurrent' xlink:label='loc_GovernmentAssistanceLiabilityIncreaseCurrent' xlink:type='locator' />
    <link:loc xlink:href='../elts/us-gaap-2024.xsd#us-gaap_GovernmentAssistanceLiabilityIncreaseCurrentTypeExtensibleEnumeration' xlink:label='loc_GovernmentAssistanceLiabilityIncreaseCurrentTypeExtensibleEnumeration' xlink:type='locator' />
    <link:loc xlink:href='../elts/us-gaap-2024.xsd#us-gaap_GovernmentAssistanceLiabilityIncreaseCurrentStatementOfFinancialPositionExtensibleEnumeration' xlink:label='loc_GovernmentAssistanceLiabilityIncreaseCurrentStatementOfFinancialPositionExtensibleEnumeration' xlink:type='locator' />
    <link:loc xlink:href='../elts/us-gaap-2024.xsd#us-gaap_GovernmentAssistanceLiabilityIncreaseNoncurrent' xlink:label='loc_GovernmentAssistanceLiabilityIncreaseNoncurrent' xlink:type='locator' />
    <link:loc xlink:href='../elts/us-gaap-2024.xsd#us-gaap_GovernmentAssistanceLiabilityIncreaseNoncurrentTypeExtensibleEnumeration' xlink:label='loc_GovernmentAssistanceLiabilityIncreaseNoncurrentTypeExtensibleEnumeration' xlink:type='locator' />
    <link:loc xlink:href='../elts/us-gaap-2024.xsd#us-gaap_GovernmentAssistanceLiabilityIncreaseNoncurrentStatementOfFinancialPositionExtensibleEnumeration' xlink:label='loc_GovernmentAssistanceLiabilityIncreaseNoncurrentStatementOfFinancialPositionExtensibleEnumeration' xlink:type='locator' />
    <link:loc xlink:href='../elts/us-gaap-2024.xsd#us-gaap_GovernmentAssistanceLiabilityIncrease' xlink:label='loc_GovernmentAssistanceLiabilityIncrease' xlink:type='locator' />
    <link:loc xlink:href='../elts/us-gaap-2024.xsd#us-gaap_GovernmentAssistanceLiabilityIncreaseTypeExtensibleEnumeration' xlink:label='loc_GovernmentAssistanceLiabilityIncreaseTypeExtensibleEnumeration' xlink:type='locator' />
    <link:loc xlink:href='../elts/us-gaap-2024.xsd#us-gaap_GovernmentAssistanceLiabilityIncreaseStatementOfFinancialPositionExtensibleEnumeration' xlink:label='loc_GovernmentAssistanceLiabilityIncreaseStatementOfFinancialPositionExtensibleEnumeration' xlink:type='locator' />
    <link:loc xlink:href='../elts/us-gaap-2024.xsd#us-gaap_GovernmentAssistanceLiabilityDecreaseAbstract' xlink:label='loc_GovernmentAssistanceLiabilityDecreaseAbstract' xlink:type='locator' />
    <link:loc xlink:href='../elts/us-gaap-2024.xsd#us-gaap_GovernmentAssistanceLiabilityDecreaseCurrent' xlink:label='loc_GovernmentAssistanceLiabilityDecreaseCurrent' xlink:type='locator' />
    <link:loc xlink:href='../elts/us-gaap-2024.xsd#us-gaap_GovernmentAssistanceLiabilityDecreaseCurrentTypeExtensibleEnumeration' xlink:label='loc_GovernmentAssistanceLiabilityDecreaseCurrentTypeExtensibleEnumeration' xlink:type='locator' />
    <link:loc xlink:href='../elts/us-gaap-2024.xsd#us-gaap_GovernmentAssistanceLiabilityDecreaseCurrentStatementOfFinancialPositionExtensibleEnumeration' xlink:label='loc_GovernmentAssistanceLiabilityDecreaseCurrentStatementOfFinancialPositionExtensibleEnumeration' xlink:type='locator' />
    <link:loc xlink:href='../elts/us-gaap-2024.xsd#us-gaap_GovernmentAssistanceLiabilityDecreaseNoncurrent' xlink:label='loc_GovernmentAssistanceLiabilityDecreaseNoncurrent' xlink:type='locator' />
    <link:loc xlink:href='../elts/us-gaap-2024.xsd#us-gaap_GovernmentAssistanceLiabilityDecreaseNoncurrentTypeExtensibleEnumeration' xlink:label='loc_GovernmentAssistanceLiabilityDecreaseNoncurrentTypeExtensibleEnumeration' xlink:type='locator' />
    <link:loc xlink:href='../elts/us-gaap-2024.xsd#us-gaap_GovernmentAssistanceLiabilityDecreaseNoncurrentStatementOfFinancialPositionExtensibleEnumeration' xlink:label='loc_GovernmentAssistanceLiabilityDecreaseNoncurrentStatementOfFinancialPositionExtensibleEnumeration' xlink:type='locator' />
    <link:loc xlink:href='../elts/us-gaap-2024.xsd#us-gaap_GovernmentAssistanceLiabilityDecrease' xlink:label='loc_GovernmentAssistanceLiabilityDecrease' xlink:type='locator' />
    <link:loc xlink:href='../elts/us-gaap-2024.xsd#us-gaap_GovernmentAssistanceLiabilityDecreaseTypeExtensibleEnumeration' xlink:label='loc_GovernmentAssistanceLiabilityDecreaseTypeExtensibleEnumeration' xlink:type='locator' />
    <link:loc xlink:href='../elts/us-gaap-2024.xsd#us-gaap_GovernmentAssistanceLiabilityDecreaseStatementOfFinancialPositionExtensibleEnumeration' xlink:label='loc_GovernmentAssistanceLiabilityDecreaseStatementOfFinancialPositionExtensibleEnumeration' xlink:type='locator' />
    <link:loc xlink:href='../elts/us-gaap-2024.xsd#us-gaap_GovernmentAssistanceEffectOnStatementOfIncomeOrComprehensiveIncomeAbstract' xlink:label='loc_GovernmentAssistanceEffectOnStatementOfIncomeOrComprehensiveIncomeAbstract' xlink:type='locator' />
    <link:loc xlink:href='../elts/us-gaap-2024.xsd#us-gaap_GovernmentAssistanceIncomeAbstract' xlink:label='loc_GovernmentAssistanceIncomeAbstract' xlink:type='locator' />
    <link:loc xlink:href='../elts/us-gaap-2024.xsd#us-gaap_GovernmentAssistanceOperatingIncome' xlink:label='loc_GovernmentAssistanceOperatingIncome' xlink:type='locator' />
    <link:loc xlink:href='../elts/us-gaap-2024.xsd#us-gaap_GovernmentAssistanceOperatingIncomeTypeExtensibleEnumeration' xlink:label='loc_GovernmentAssistanceOperatingIncomeTypeExtensibleEnumeration' xlink:type='locator' />
    <link:loc xlink:href='../elts/us-gaap-2024.xsd#us-gaap_GovernmentAssistanceOperatingIncomeStatementOfIncomeOrComprehensiveIncomeExtensibleEnumeration' xlink:label='loc_GovernmentAssistanceOperatingIncomeStatementOfIncomeOrComprehensiveIncomeExtensibleEnumeration' xlink:type='locator' />
    <link:loc xlink:href='../elts/us-gaap-2024.xsd#us-gaap_GovernmentAssistanceNonoperatingIncome' xlink:label='loc_GovernmentAssistanceNonoperatingIncome' xlink:type='locator' />
    <link:loc xlink:href='../elts/us-gaap-2024.xsd#us-gaap_GovernmentAssistanceNonoperatingIncomeTypeExtensibleEnumeration' xlink:label='loc_GovernmentAssistanceNonoperatingIncomeTypeExtensibleEnumeration' xlink:type='locator' />
    <link:loc xlink:href='../elts/us-gaap-2024.xsd#us-gaap_GovernmentAssistanceNonoperatingIncomeStatementOfIncomeOrComprehensiveIncomeExtensibleEnumeration' xlink:label='loc_GovernmentAssistanceNonoperatingIncomeStatementOfIncomeOrComprehensiveIncomeExtensibleEnumeration' xlink:type='locator' />
    <link:loc xlink:href='../elts/us-gaap-2024.xsd#us-gaap_GovernmentAssistanceAmount' xlink:label='loc_GovernmentAssistanceAmount' xlink:type='locator' />
    <link:loc xlink:href='../elts/us-gaap-2024.xsd#us-gaap_GovernmentAssistanceIncomeTypeExtensibleEnumeration' xlink:label='loc_GovernmentAssistanceIncomeTypeExtensibleEnumeration' xlink:type='locator' />
    <link:loc xlink:href='../elts/us-gaap-2024.xsd#us-gaap_GovernmentAssistanceStatementOfIncomeOrComprehensiveIncomeExtensibleEnumeration' xlink:label='loc_GovernmentAssistanceStatementOfIncomeOrComprehensiveIncomeExtensibleEnumeration' xlink:type='locator' />
    <link:loc xlink:href='../elts/us-gaap-2024.xsd#us-gaap_GovernmentAssistanceExpenseAbstract' xlink:label='loc_GovernmentAssistanceExpenseAbstract' xlink:type='locator' />
    <link:loc xlink:href='../elts/us-gaap-2024.xsd#us-gaap_GovernmentAssistanceOperatingExpense' xlink:label='loc_GovernmentAssistanceOperatingExpense' xlink:type='locator' />
    <link:loc xlink:href='../elts/us-gaap-2024.xsd#us-gaap_GovernmentAssistanceOperatingExpenseTypeExtensibleEnumeration' xlink:label='loc_GovernmentAssistanceOperatingExpenseTypeExtensibleEnumeration' xlink:type='locator' />
    <link:loc xlink:href='../elts/us-gaap-2024.xsd#us-gaap_GovernmentAssistanceOperatingExpenseStatementOfIncomeOrComprehensiveIncomeExtensibleEnumeration' xlink:label='loc_GovernmentAssistanceOperatingExpenseStatementOfIncomeOrComprehensiveIncomeExtensibleEnumeration' xlink:type='locator' />
    <link:loc xlink:href='../elts/us-gaap-2024.xsd#us-gaap_GovernmentAssistanceNonoperatingExpense' xlink:label='loc_GovernmentAssistanceNonoperatingExpense' xlink:type='locator' />
    <link:loc xlink:href='../elts/us-gaap-2024.xsd#us-gaap_GovernmentAssistanceNonoperatingExpenseTypeExtensibleEnumeration' xlink:label='loc_GovernmentAssistanceNonoperatingExpenseTypeExtensibleEnumeration' xlink:type='locator' />
    <link:loc xlink:href='../elts/us-gaap-2024.xsd#us-gaap_GovernmentAssistanceNonoperatingExpenseStatementOfIncomeOrComprehensiveIncomeExtensibleEnumeration' xlink:label='loc_GovernmentAssistanceNonoperatingExpenseStatementOfIncomeOrComprehensiveIncomeExtensibleEnumeration' xlink:type='locator' />
    <link:loc xlink:href='../elts/us-gaap-2024.xsd#us-gaap_GovernmentAssistanceExpense' xlink:label='loc_GovernmentAssistanceExpense' xlink:type='locator' />
    <link:loc xlink:href='../elts/us-gaap-2024.xsd#us-gaap_GovernmentAssistanceExpenseTypeExtensibleEnumeration' xlink:label='loc_GovernmentAssistanceExpenseTypeExtensibleEnumeration' xlink:type='locator' />
    <link:loc xlink:href='../elts/us-gaap-2024.xsd#us-gaap_GovernmentAssistanceExpenseStatementOfIncomeOrComprehensiveIncomeExtensibleEnumeration' xlink:label='loc_GovernmentAssistanceExpenseStatementOfIncomeOrComprehensiveIncomeExtensibleEnumeration' xlink:type='locator' />
    <link:definitionArc order='1.0' xlink:arcrole='http://xbrl.org/int/dim/arcrole/domain-member' xlink:from='loc_GovernmentAssistanceLineItems' xlink:to='loc_GovernmentAssistanceContractuallyProhibitedDisclosure' xlink:type='arc' />
    <link:definitionArc order='2.0' xlink:arcrole='http://xbrl.org/int/dim/arcrole/domain-member' xlink:from='loc_GovernmentAssistanceLineItems' xlink:to='loc_GovernmentAssistanceTransactionDuration' xlink:type='arc' />
    <link:definitionArc order='3.0' xlink:arcrole='http://xbrl.org/int/dim/arcrole/domain-member' xlink:from='loc_GovernmentAssistanceLineItems' xlink:to='loc_GovernmentAssistanceAwardAmount' xlink:type='arc' />
    <link:definitionArc order='4.0' xlink:arcrole='http://xbrl.org/int/dim/arcrole/domain-member' xlink:from='loc_GovernmentAssistanceLineItems' xlink:to='loc_GovernmentAssistanceEffectOnStatementOfFinancialPositionAbstract' xlink:type='arc' />
    <link:definitionArc order='5.0' xlink:arcrole='http://xbrl.org/int/dim/arcrole/domain-member' xlink:from='loc_GovernmentAssistanceEffectOnStatementOfFinancialPositionAbstract' xlink:to='loc_GovernmentAssistanceAmountCumulativeAbstract' xlink:type='arc' />
    <link:definitionArc order='6.0' xlink:arcrole='http://xbrl.org/int/dim/arcrole/domain-member' xlink:from='loc_GovernmentAssistanceAmountCumulativeAbstract' xlink:to='loc_GovernmentAssistanceAmountCumulativeCurrent' xlink:type='arc' />
    <link:definitionArc order='7.0' xlink:arcrole='http://xbrl.org/int/dim/arcrole/domain-member' xlink:from='loc_GovernmentAssistanceAmountCumulativeCurrent' xlink:to='loc_GovernmentAssistanceAssetCurrentTypeExtensibleEnumeration' xlink:type='arc' />
    <link:definitionArc order='8.0' xlink:arcrole='http://xbrl.org/int/dim/arcrole/domain-member' xlink:from='loc_GovernmentAssistanceAmountCumulativeCurrent' xlink:to='loc_GovernmentAssistanceCurrentStatementOfFinancialPositionExtensibleEnumeration' xlink:type='arc' />
    <link:definitionArc order='9.0' xlink:arcrole='http://xbrl.org/int/dim/arcrole/domain-member' xlink:from='loc_GovernmentAssistanceAmountCumulativeAbstract' xlink:to='loc_GovernmentAssistanceAmountCumulativeNoncurrent' xlink:type='arc' />
    <link:definitionArc order='10.0' xlink:arcrole='http://xbrl.org/int/dim/arcrole/domain-member' xlink:from='loc_GovernmentAssistanceAmountCumulativeNoncurrent' xlink:to='loc_GovernmentAssistanceAssetNoncurrentTypeExtensibleEnumeration' xlink:type='arc' />
    <link:definitionArc order='11.0' xlink:arcrole='http://xbrl.org/int/dim/arcrole/domain-member' xlink:from='loc_GovernmentAssistanceAmountCumulativeNoncurrent' xlink:to='loc_GovernmentAssistanceNoncurrentStatementOfFinancialPositionExtensibleEnumeration' xlink:type='arc' />
    <link:definitionArc order='12.0' xlink:arcrole='http://xbrl.org/int/dim/arcrole/domain-member' xlink:from='loc_GovernmentAssistanceAmountCumulativeAbstract' xlink:to='loc_GovernmentAssistanceAmountCumulative' xlink:type='arc' />
    <link:definitionArc order='13.0' xlink:arcrole='http://xbrl.org/int/dim/arcrole/domain-member' xlink:from='loc_GovernmentAssistanceAmountCumulative' xlink:to='loc_GovernmentAssistanceAssetTypeExtensibleEnumeration' xlink:type='arc' />
    <link:definitionArc order='14.0' xlink:arcrole='http://xbrl.org/int/dim/arcrole/domain-member' xlink:from='loc_GovernmentAssistanceAmountCumulative' xlink:to='loc_GovernmentAssistanceStatementOfFinancialPositionExtensibleEnumeration' xlink:type='arc' />
    <link:definitionArc order='15.0' xlink:arcrole='http://xbrl.org/int/dim/arcrole/domain-member' xlink:from='loc_GovernmentAssistanceEffectOnStatementOfFinancialPositionAbstract' xlink:to='loc_GovernmentAssistanceAssetIncreaseAbstract' xlink:type='arc' />
    <link:definitionArc order='16.0' xlink:arcrole='http://xbrl.org/int/dim/arcrole/domain-member' xlink:from='loc_GovernmentAssistanceAssetIncreaseAbstract' xlink:to='loc_GovernmentAssistanceAssetIncreaseCurrent' xlink:type='arc' />
    <link:definitionArc order='17.0' xlink:arcrole='http://xbrl.org/int/dim/arcrole/domain-member' xlink:from='loc_GovernmentAssistanceAssetIncreaseCurrent' xlink:to='loc_GovernmentAssistanceAssetIncreaseCurrentTypeExtensibleEnumeration' xlink:type='arc' />
    <link:definitionArc order='18.0' xlink:arcrole='http://xbrl.org/int/dim/arcrole/domain-member' xlink:from='loc_GovernmentAssistanceAssetIncreaseCurrent' xlink:to='loc_GovernmentAssistanceAssetIncreaseCurrentStatementOfFinancialPositionExtensibleEnumeration' xlink:type='arc' />
    <link:definitionArc order='19.0' xlink:arcrole='http://xbrl.org/int/dim/arcrole/domain-member' xlink:from='loc_GovernmentAssistanceAssetIncreaseAbstract' xlink:to='loc_GovernmentAssistanceAssetIncreaseNoncurrent' xlink:type='arc' />
    <link:definitionArc order='20.0' xlink:arcrole='http://xbrl.org/int/dim/arcrole/domain-member' xlink:from='loc_GovernmentAssistanceAssetIncreaseNoncurrent' xlink:to='loc_GovernmentAssistanceAssetIncreaseNoncurrentTypeExtensibleEnumeration' xlink:type='arc' />
    <link:definitionArc order='21.0' xlink:arcrole='http://xbrl.org/int/dim/arcrole/domain-member' xlink:from='loc_GovernmentAssistanceAssetIncreaseNoncurrent' xlink:to='loc_GovernmentAssistanceAssetIncreaseNoncurrentStatementOfFinancialPositionExtensibleEnumeration' xlink:type='arc' />
    <link:definitionArc order='22.0' xlink:arcrole='http://xbrl.org/int/dim/arcrole/domain-member' xlink:from='loc_GovernmentAssistanceAssetIncreaseAbstract' xlink:to='loc_GovernmentAssistanceAssetIncrease' xlink:type='arc' />
    <link:definitionArc order='23.0' xlink:arcrole='http://xbrl.org/int/dim/arcrole/domain-member' xlink:from='loc_GovernmentAssistanceAssetIncrease' xlink:to='loc_GovernmentAssistanceAssetIncreaseTypeExtensibleEnumeration' xlink:type='arc' />
    <link:definitionArc order='24.0' xlink:arcrole='http://xbrl.org/int/dim/arcrole/domain-member' xlink:from='loc_GovernmentAssistanceAssetIncrease' xlink:to='loc_GovernmentAssistanceAssetIncreaseStatementOfFinancialPositionExtensibleEnumeration' xlink:type='arc' />
    <link:definitionArc order='25.0' xlink:arcrole='http://xbrl.org/int/dim/arcrole/domain-member' xlink:from='loc_GovernmentAssistanceEffectOnStatementOfFinancialPositionAbstract' xlink:to='loc_GovernmentAssistanceAssetDecreaseAbstract' xlink:type='arc' />
    <link:definitionArc order='26.0' xlink:arcrole='http://xbrl.org/int/dim/arcrole/domain-member' xlink:from='loc_GovernmentAssistanceAssetDecreaseAbstract' xlink:to='loc_GovernmentAssistanceAssetDecreaseCurrent' xlink:type='arc' />
    <link:definitionArc order='27.0' xlink:arcrole='http://xbrl.org/int/dim/arcrole/domain-member' xlink:from='loc_GovernmentAssistanceAssetDecreaseCurrent' xlink:to='loc_GovernmentAssistanceAssetDecreaseCurrentTypeExtensibleEnumeration' xlink:type='arc' />
    <link:definitionArc order='28.0' xlink:arcrole='http://xbrl.org/int/dim/arcrole/domain-member' xlink:from='loc_GovernmentAssistanceAssetDecreaseCurrent' xlink:to='loc_GovernmentAssistanceAssetDecreaseCurrentStatementOfFinancialPositionExtensibleEnumeration' xlink:type='arc' />
    <link:definitionArc order='29.0' xlink:arcrole='http://xbrl.org/int/dim/arcrole/domain-member' xlink:from='loc_GovernmentAssistanceAssetDecreaseAbstract' xlink:to='loc_GovernmentAssistanceAssetDecreaseNoncurrent' xlink:type='arc' />
    <link:definitionArc order='30.0' xlink:arcrole='http://xbrl.org/int/dim/arcrole/domain-member' xlink:from='loc_GovernmentAssistanceAssetDecreaseNoncurrent' xlink:to='loc_GovernmentAssistanceAssetDecreaseNoncurrentTypeExtensibleEnumeration' xlink:type='arc' />
    <link:definitionArc order='31.0' xlink:arcrole='http://xbrl.org/int/dim/arcrole/domain-member' xlink:from='loc_GovernmentAssistanceAssetDecreaseNoncurrent' xlink:to='loc_GovernmentAssistanceAssetDecreaseNoncurrentStatementOfFinancialPositionExtensibleEnumeration' xlink:type='arc' />
    <link:definitionArc order='32.0' xlink:arcrole='http://xbrl.org/int/dim/arcrole/domain-member' xlink:from='loc_GovernmentAssistanceAssetDecreaseAbstract' xlink:to='loc_GovernmentAssistanceAssetDecrease' xlink:type='arc' />
    <link:definitionArc order='33.0' xlink:arcrole='http://xbrl.org/int/dim/arcrole/domain-member' xlink:from='loc_GovernmentAssistanceAssetDecrease' xlink:to='loc_GovernmentAssistanceAssetDecreaseTypeExtensibleEnumeration' xlink:type='arc' />
    <link:definitionArc order='34.0' xlink:arcrole='http://xbrl.org/int/dim/arcrole/domain-member' xlink:from='loc_GovernmentAssistanceAssetDecrease' xlink:to='loc_GovernmentAssistanceAssetDecreaseStatementOfFinancialPositionExtensibleEnumeration' xlink:type='arc' />
    <link:definitionArc order='35.0' xlink:arcrole='http://xbrl.org/int/dim/arcrole/domain-member' xlink:from='loc_GovernmentAssistanceEffectOnStatementOfFinancialPositionAbstract' xlink:to='loc_GovernmentAssistanceLiabilityAbstract' xlink:type='arc' />
    <link:definitionArc order='36.0' xlink:arcrole='http://xbrl.org/int/dim/arcrole/domain-member' xlink:from='loc_GovernmentAssistanceLiabilityAbstract' xlink:to='loc_GovernmentAssistanceLiabilityCurrent' xlink:type='arc' />
    <link:definitionArc order='37.0' xlink:arcrole='http://xbrl.org/int/dim/arcrole/domain-member' xlink:from='loc_GovernmentAssistanceLiabilityCurrent' xlink:to='loc_GovernmentAssistanceLiabilityCurrentTypeExtensibleEnumeration' xlink:type='arc' />
    <link:definitionArc order='38.0' xlink:arcrole='http://xbrl.org/int/dim/arcrole/domain-member' xlink:from='loc_GovernmentAssistanceLiabilityCurrent' xlink:to='loc_GovernmentAssistanceLiabilityCurrentStatementOfFinancialPositionExtensibleEnumeration' xlink:type='arc' />
    <link:definitionArc order='39.0' xlink:arcrole='http://xbrl.org/int/dim/arcrole/domain-member' xlink:from='loc_GovernmentAssistanceLiabilityAbstract' xlink:to='loc_GovernmentAssistanceLiabilityNoncurrent' xlink:type='arc' />
    <link:definitionArc order='40.0' xlink:arcrole='http://xbrl.org/int/dim/arcrole/domain-member' xlink:from='loc_GovernmentAssistanceLiabilityNoncurrent' xlink:to='loc_GovernmentAssistanceLiabilityNoncurrentTypeExtensibleEnumeration' xlink:type='arc' />
    <link:definitionArc order='41.0' xlink:arcrole='http://xbrl.org/int/dim/arcrole/domain-member' xlink:from='loc_GovernmentAssistanceLiabilityNoncurrent' xlink:to='loc_GovernmentAssistanceLiabilityNoncurrentStatementOfFinancialPositionExtensibleEnumeration' xlink:type='arc' />
    <link:definitionArc order='42.0' xlink:arcrole='http://xbrl.org/int/dim/arcrole/domain-member' xlink:from='loc_GovernmentAssistanceLiabilityAbstract' xlink:to='loc_GovernmentAssistanceLiability' xlink:type='arc' />
    <link:definitionArc order='43.0' xlink:arcrole='http://xbrl.org/int/dim/arcrole/domain-member' xlink:from='loc_GovernmentAssistanceLiability' xlink:to='loc_GovernmentAssistanceLiabilityTypeExtensibleEnumeration' xlink:type='arc' />
    <link:definitionArc order='44.0' xlink:arcrole='http://xbrl.org/int/dim/arcrole/domain-member' xlink:from='loc_GovernmentAssistanceLiability' xlink:to='loc_GovernmentAssistanceLiabilityStatementOfFinancialPositionExtensibleEnumeration' xlink:type='arc' />
    <link:definitionArc order='45.0' xlink:arcrole='http://xbrl.org/int/dim/arcrole/domain-member' xlink:from='loc_GovernmentAssistanceEffectOnStatementOfFinancialPositionAbstract' xlink:to='loc_GovernmentAssistanceLiabilityIncreaseAbstract' xlink:type='arc' />
    <link:definitionArc order='46.0' xlink:arcrole='http://xbrl.org/int/dim/arcrole/domain-member' xlink:from='loc_GovernmentAssistanceLiabilityIncreaseAbstract' xlink:to='loc_GovernmentAssistanceLiabilityIncreaseCurrent' xlink:type='arc' />
    <link:definitionArc order='47.0' xlink:arcrole='http://xbrl.org/int/dim/arcrole/domain-member' xlink:from='loc_GovernmentAssistanceLiabilityIncreaseCurrent' xlink:to='loc_GovernmentAssistanceLiabilityIncreaseCurrentTypeExtensibleEnumeration' xlink:type='arc' />
    <link:definitionArc order='48.0' xlink:arcrole='http://xbrl.org/int/dim/arcrole/domain-member' xlink:from='loc_GovernmentAssistanceLiabilityIncreaseCurrent' xlink:to='loc_GovernmentAssistanceLiabilityIncreaseCurrentStatementOfFinancialPositionExtensibleEnumeration' xlink:type='arc' />
    <link:definitionArc order='49.0' xlink:arcrole='http://xbrl.org/int/dim/arcrole/domain-member' xlink:from='loc_GovernmentAssistanceLiabilityIncreaseAbstract' xlink:to='loc_GovernmentAssistanceLiabilityIncreaseNoncurrent' xlink:type='arc' />
    <link:definitionArc order='50.0' xlink:arcrole='http://xbrl.org/int/dim/arcrole/domain-member' xlink:from='loc_GovernmentAssistanceLiabilityIncreaseNoncurrent' xlink:to='loc_GovernmentAssistanceLiabilityIncreaseNoncurrentTypeExtensibleEnumeration' xlink:type='arc' />
    <link:definitionArc order='51.0' xlink:arcrole='http://xbrl.org/int/dim/arcrole/domain-member' xlink:from='loc_GovernmentAssistanceLiabilityIncreaseNoncurrent' xlink:to='loc_GovernmentAssistanceLiabilityIncreaseNoncurrentStatementOfFinancialPositionExtensibleEnumeration' xlink:type='arc' />
    <link:definitionArc order='52.0' xlink:arcrole='http://xbrl.org/int/dim/arcrole/domain-member' xlink:from='loc_GovernmentAssistanceLiabilityIncreaseAbstract' xlink:to='loc_GovernmentAssistanceLiabilityIncrease' xlink:type='arc' />
    <link:definitionArc order='53.0' xlink:arcrole='http://xbrl.org/int/dim/arcrole/domain-member' xlink:from='loc_GovernmentAssistanceLiabilityIncrease' xlink:to='loc_GovernmentAssistanceLiabilityIncreaseTypeExtensibleEnumeration' xlink:type='arc' />
    <link:definitionArc order='54.0' xlink:arcrole='http://xbrl.org/int/dim/arcrole/domain-member' xlink:from='loc_GovernmentAssistanceLiabilityIncrease' xlink:to='loc_GovernmentAssistanceLiabilityIncreaseStatementOfFinancialPositionExtensibleEnumeration' xlink:type='arc' />
    <link:definitionArc order='55.0' xlink:arcrole='http://xbrl.org/int/dim/arcrole/domain-member' xlink:from='loc_GovernmentAssistanceEffectOnStatementOfFinancialPositionAbstract' xlink:to='loc_GovernmentAssistanceLiabilityDecreaseAbstract' xlink:type='arc' />
    <link:definitionArc order='56.0' xlink:arcrole='http://xbrl.org/int/dim/arcrole/domain-member' xlink:from='loc_GovernmentAssistanceLiabilityDecreaseAbstract' xlink:to='loc_GovernmentAssistanceLiabilityDecreaseCurrent' xlink:type='arc' />
    <link:definitionArc order='57.0' xlink:arcrole='http://xbrl.org/int/dim/arcrole/domain-member' xlink:from='loc_GovernmentAssistanceLiabilityDecreaseCurrent' xlink:to='loc_GovernmentAssistanceLiabilityDecreaseCurrentTypeExtensibleEnumeration' xlink:type='arc' />
    <link:definitionArc order='58.0' xlink:arcrole='http://xbrl.org/int/dim/arcrole/domain-member' xlink:from='loc_GovernmentAssistanceLiabilityDecreaseCurrent' xlink:to='loc_GovernmentAssistanceLiabilityDecreaseCurrentStatementOfFinancialPositionExtensibleEnumeration' xlink:type='arc' />
    <link:definitionArc order='59.0' xlink:arcrole='http://xbrl.org/int/dim/arcrole/domain-member' xlink:from='loc_GovernmentAssistanceLiabilityDecreaseAbstract' xlink:to='loc_GovernmentAssistanceLiabilityDecreaseNoncurrent' xlink:type='arc' />
    <link:definitionArc order='60.0' xlink:arcrole='http://xbrl.org/int/dim/arcrole/domain-member' xlink:from='loc_GovernmentAssistanceLiabilityDecreaseNoncurrent' xlink:to='loc_GovernmentAssistanceLiabilityDecreaseNoncurrentTypeExtensibleEnumeration' xlink:type='arc' />
    <link:definitionArc order='61.0' xlink:arcrole='http://xbrl.org/int/dim/arcrole/domain-member' xlink:from='loc_GovernmentAssistanceLiabilityDecreaseNoncurrent' xlink:to='loc_GovernmentAssistanceLiabilityDecreaseNoncurrentStatementOfFinancialPositionExtensibleEnumeration' xlink:type='arc' />
    <link:definitionArc order='62.0' xlink:arcrole='http://xbrl.org/int/dim/arcrole/domain-member' xlink:from='loc_GovernmentAssistanceLiabilityDecreaseAbstract' xlink:to='loc_GovernmentAssistanceLiabilityDecrease' xlink:type='arc' />
    <link:definitionArc order='63.0' xlink:arcrole='http://xbrl.org/int/dim/arcrole/domain-member' xlink:from='loc_GovernmentAssistanceLiabilityDecrease' xlink:to='loc_GovernmentAssistanceLiabilityDecreaseTypeExtensibleEnumeration' xlink:type='arc' />
    <link:definitionArc order='64.0' xlink:arcrole='http://xbrl.org/int/dim/arcrole/domain-member' xlink:from='loc_GovernmentAssistanceLiabilityDecrease' xlink:to='loc_GovernmentAssistanceLiabilityDecreaseStatementOfFinancialPositionExtensibleEnumeration' xlink:type='arc' />
    <link:definitionArc order='65.0' xlink:arcrole='http://xbrl.org/int/dim/arcrole/domain-member' xlink:from='loc_GovernmentAssistanceLineItems' xlink:to='loc_GovernmentAssistanceEffectOnStatementOfIncomeOrComprehensiveIncomeAbstract' xlink:type='arc' />
    <link:definitionArc order='66.0' xlink:arcrole='http://xbrl.org/int/dim/arcrole/domain-member' xlink:from='loc_GovernmentAssistanceEffectOnStatementOfIncomeOrComprehensiveIncomeAbstract' xlink:to='loc_GovernmentAssistanceIncomeAbstract' xlink:type='arc' />
    <link:definitionArc order='67.0' xlink:arcrole='http://xbrl.org/int/dim/arcrole/domain-member' xlink:from='loc_GovernmentAssistanceIncomeAbstract' xlink:to='loc_GovernmentAssistanceOperatingIncome' xlink:type='arc' />
    <link:definitionArc order='68.0' xlink:arcrole='http://xbrl.org/int/dim/arcrole/domain-member' xlink:from='loc_GovernmentAssistanceOperatingIncome' xlink:to='loc_GovernmentAssistanceOperatingIncomeTypeExtensibleEnumeration' xlink:type='arc' />
    <link:definitionArc order='69.0' xlink:arcrole='http://xbrl.org/int/dim/arcrole/domain-member' xlink:from='loc_GovernmentAssistanceOperatingIncome' xlink:to='loc_GovernmentAssistanceOperatingIncomeStatementOfIncomeOrComprehensiveIncomeExtensibleEnumeration' xlink:type='arc' />
    <link:definitionArc order='70.0' xlink:arcrole='http://xbrl.org/int/dim/arcrole/domain-member' xlink:from='loc_GovernmentAssistanceIncomeAbstract' xlink:to='loc_GovernmentAssistanceNonoperatingIncome' xlink:type='arc' />
    <link:definitionArc order='71.0' xlink:arcrole='http://xbrl.org/int/dim/arcrole/domain-member' xlink:from='loc_GovernmentAssistanceNonoperatingIncome' xlink:to='loc_GovernmentAssistanceNonoperatingIncomeTypeExtensibleEnumeration' xlink:type='arc' />
    <link:definitionArc order='72.0' xlink:arcrole='http://xbrl.org/int/dim/arcrole/domain-member' xlink:from='loc_GovernmentAssistanceNonoperatingIncome' xlink:to='loc_GovernmentAssistanceNonoperatingIncomeStatementOfIncomeOrComprehensiveIncomeExtensibleEnumeration' xlink:type='arc' />
    <link:definitionArc order='73.0' xlink:arcrole='http://xbrl.org/int/dim/arcrole/domain-member' xlink:from='loc_GovernmentAssistanceIncomeAbstract' xlink:to='loc_GovernmentAssistanceAmount' xlink:type='arc' />
    <link:definitionArc order='74.0' xlink:arcrole='http://xbrl.org/int/dim/arcrole/domain-member' xlink:from='loc_GovernmentAssistanceAmount' xlink:to='loc_GovernmentAssistanceIncomeTypeExtensibleEnumeration' xlink:type='arc' />
    <link:definitionArc order='75.0' xlink:arcrole='http://xbrl.org/int/dim/arcrole/domain-member' xlink:from='loc_GovernmentAssistanceAmount' xlink:to='loc_GovernmentAssistanceStatementOfIncomeOrComprehensiveIncomeExtensibleEnumeration' xlink:type='arc' />
    <link:definitionArc order='76.0' xlink:arcrole='http://xbrl.org/int/dim/arcrole/domain-member' xlink:from='loc_GovernmentAssistanceEffectOnStatementOfIncomeOrComprehensiveIncomeAbstract' xlink:to='loc_GovernmentAssistanceExpenseAbstract' xlink:type='arc' />
    <link:definitionArc order='77.0' xlink:arcrole='http://xbrl.org/int/dim/arcrole/domain-member' xlink:from='loc_GovernmentAssistanceExpenseAbstract' xlink:to='loc_GovernmentAssistanceOperatingExpense' xlink:type='arc' />
    <link:definitionArc order='78.0' xlink:arcrole='http://xbrl.org/int/dim/arcrole/domain-member' xlink:from='loc_GovernmentAssistanceOperatingExpense' xlink:to='loc_GovernmentAssistanceOperatingExpenseTypeExtensibleEnumeration' xlink:type='arc' />
    <link:definitionArc order='79.0' xlink:arcrole='http://xbrl.org/int/dim/arcrole/domain-member' xlink:from='loc_GovernmentAssistanceOperatingExpense' xlink:to='loc_GovernmentAssistanceOperatingExpenseStatementOfIncomeOrComprehensiveIncomeExtensibleEnumeration' xlink:type='arc' />
    <link:definitionArc order='80.0' xlink:arcrole='http://xbrl.org/int/dim/arcrole/domain-member' xlink:from='loc_GovernmentAssistanceExpenseAbstract' xlink:to='loc_GovernmentAssistanceNonoperatingExpense' xlink:type='arc' />
    <link:definitionArc order='81.0' xlink:arcrole='http://xbrl.org/int/dim/arcrole/domain-member' xlink:from='loc_GovernmentAssistanceNonoperatingExpense' xlink:to='loc_GovernmentAssistanceNonoperatingExpenseTypeExtensibleEnumeration' xlink:type='arc' />
    <link:definitionArc order='82.0' xlink:arcrole='http://xbrl.org/int/dim/arcrole/domain-member' xlink:from='loc_GovernmentAssistanceNonoperatingExpense' xlink:to='loc_GovernmentAssistanceNonoperatingExpenseStatementOfIncomeOrComprehensiveIncomeExtensibleEnumeration' xlink:type='arc' />
    <link:definitionArc order='83.0' xlink:arcrole='http://xbrl.org/int/dim/arcrole/domain-member' xlink:from='loc_GovernmentAssistanceExpenseAbstract' xlink:to='loc_GovernmentAssistanceExpense' xlink:type='arc' />
    <link:definitionArc order='84.0' xlink:arcrole='http://xbrl.org/int/dim/arcrole/domain-member' xlink:from='loc_GovernmentAssistanceExpense' xlink:to='loc_GovernmentAssistanceExpenseTypeExtensibleEnumeration' xlink:type='arc' />
    <link:definitionArc order='85.0' xlink:arcrole='http://xbrl.org/int/dim/arcrole/domain-member' xlink:from='loc_GovernmentAssistanceExpense' xlink:to='loc_GovernmentAssistanceExpenseStatementOfIncomeOrComprehensiveIncomeExtensibleEnumeration' xlink:type='arc' />
  </link:definitionLink>
  <link:definitionLink xlink:role='http://fasb.org/us-gaap/role/disclosure/GovernmentAssistance' xlink:type='extended'>
    <link:loc xlink:href='../elts/us-gaap-2024.xsd#us-gaap_GovernmentAssistanceTypeDomain' xlink:label='loc_GovernmentAssistanceTypeDomain' xlink:type='locator' />
    <link:loc xlink:href='../elts/us-gaap-2024.xsd#us-gaap_GovernmentAssistanceOtherMember' xlink:label='loc_GovernmentAssistanceOtherMember' xlink:type='locator' />
    <link:loc xlink:href='../elts/us-gaap-2024.xsd#us-gaap_StatementOfFinancialPositionLocationActivityAccrualDomain' xlink:label='loc_StatementOfFinancialPositionLocationActivityAccrualDomain' xlink:type='locator' />
    <link:loc xlink:href='../elts/us-gaap-2024.xsd#us-gaap_OtherAssetsMember' xlink:label='loc_OtherAssetsMember' xlink:type='locator' />
    <link:loc xlink:href='../elts/us-gaap-2024.xsd#us-gaap_OtherCurrentAssetsMember' xlink:label='loc_OtherCurrentAssetsMember' xlink:type='locator' />
    <link:loc xlink:href='../elts/us-gaap-2024.xsd#us-gaap_OtherNoncurrentAssetsMember' xlink:label='loc_OtherNoncurrentAssetsMember' xlink:type='locator' />
    <link:loc xlink:href='../elts/us-gaap-2024.xsd#us-gaap_OtherLiabilitiesMember' xlink:label='loc_OtherLiabilitiesMember' xlink:type='locator' />
    <link:loc xlink:href='../elts/us-gaap-2024.xsd#us-gaap_OtherCurrentLiabilitiesMember' xlink:label='loc_OtherCurrentLiabilitiesMember' xlink:type='locator' />
    <link:loc xlink:href='../elts/us-gaap-2024.xsd#us-gaap_OtherNoncurrentLiabilitiesMember' xlink:label='loc_OtherNoncurrentLiabilitiesMember' xlink:type='locator' />
    <link:loc xlink:href='../elts/us-gaap-2024.xsd#us-gaap_OtherInvestmentsMember' xlink:label='loc_OtherInvestmentsMember' xlink:type='locator' />
    <link:loc xlink:href='../elts/us-gaap-2024.xsd#us-gaap_ContractHolderFundsMember' xlink:label='loc_ContractHolderFundsMember' xlink:type='locator' />
    <link:loc xlink:href='../elts/us-gaap-2024.xsd#us-gaap_AccountsPayableAndAccruedLiabilitiesMember' xlink:label='loc_AccountsPayableAndAccruedLiabilitiesMember' xlink:type='locator' />
    <link:loc xlink:href='../elts/us-gaap-2024.xsd#us-gaap_PrepaidExpensesAndOtherCurrentAssetsMember' xlink:label='loc_PrepaidExpensesAndOtherCurrentAssetsMember' xlink:type='locator' />
    <link:loc xlink:href='../elts/us-gaap-2024.xsd#us-gaap_StatementOfFinancialPositionLocationActivityCapitalizationDomain' xlink:label='loc_StatementOfFinancialPositionLocationActivityCapitalizationDomain' xlink:type='locator' />
    <link:definitionArc order='1.0' xlink:arcrole='http://xbrl.org/int/dim/arcrole/domain-member' xlink:from='loc_GovernmentAssistanceTypeDomain' xlink:to='loc_GovernmentAssistanceOtherMember' xlink:type='arc' />
    <link:definitionArc order='2.0' xlink:arcrole='http://xbrl.org/int/dim/arcrole/domain-member' xlink:from='loc_StatementOfFinancialPositionLocationActivityAccrualDomain' xlink:to='loc_OtherAssetsMember' xlink:type='arc' />
    <link:definitionArc order='3.0' xlink:arcrole='http://xbrl.org/int/dim/arcrole/domain-member' xlink:from='loc_OtherAssetsMember' xlink:to='loc_OtherCurrentAssetsMember' xlink:type='arc' />
    <link:definitionArc order='4.0' xlink:arcrole='http://xbrl.org/int/dim/arcrole/domain-member' xlink:from='loc_OtherAssetsMember' xlink:to='loc_OtherNoncurrentAssetsMember' xlink:type='arc' />
    <link:definitionArc order='5.0' xlink:arcrole='http://xbrl.org/int/dim/arcrole/domain-member' xlink:from='loc_StatementOfFinancialPositionLocationActivityAccrualDomain' xlink:to='loc_OtherLiabilitiesMember' xlink:type='arc' />
    <link:definitionArc order='6.0' xlink:arcrole='http://xbrl.org/int/dim/arcrole/domain-member' xlink:from='loc_OtherLiabilitiesMember' xlink:to='loc_OtherCurrentLiabilitiesMember' xlink:type='arc' />
    <link:definitionArc order='7.0' xlink:arcrole='http://xbrl.org/int/dim/arcrole/domain-member' xlink:from='loc_OtherLiabilitiesMember' xlink:to='loc_OtherNoncurrentLiabilitiesMember' xlink:type='arc' />
    <link:definitionArc order='8.0' xlink:arcrole='http://xbrl.org/int/dim/arcrole/domain-member' xlink:from='loc_StatementOfFinancialPositionLocationActivityAccrualDomain' xlink:to='loc_OtherInvestmentsMember' xlink:type='arc' />
    <link:definitionArc order='9.0' xlink:arcrole='http://xbrl.org/int/dim/arcrole/domain-member' xlink:from='loc_StatementOfFinancialPositionLocationActivityAccrualDomain' xlink:to='loc_ContractHolderFundsMember' xlink:type='arc' />
    <link:definitionArc order='10.0' xlink:arcrole='http://xbrl.org/int/dim/arcrole/domain-member' xlink:from='loc_StatementOfFinancialPositionLocationActivityAccrualDomain' xlink:to='loc_AccountsPayableAndAccruedLiabilitiesMember' xlink:type='arc' />
    <link:definitionArc order='11.0' xlink:arcrole='http://xbrl.org/int/dim/arcrole/domain-member' xlink:from='loc_StatementOfFinancialPositionLocationActivityAccrualDomain' xlink:to='loc_PrepaidExpensesAndOtherCurrentAssetsMember' xlink:type='arc' />
    <link:definitionArc order='12.0' xlink:arcrole='http://xbrl.org/int/dim/arcrole/domain-member' xlink:from='loc_StatementOfFinancialPositionLocationActivityCapitalizationDomain' xlink:to='loc_OtherAssetsMember' xlink:type='arc' />
    <link:definitionArc order='15.0' xlink:arcrole='http://xbrl.org/int/dim/arcrole/domain-member' xlink:from='loc_StatementOfFinancialPositionLocationActivityCapitalizationDomain' xlink:to='loc_OtherLiabilitiesMember' xlink:type='arc' />
    <link:definitionArc order='18.0' xlink:arcrole='http://xbrl.org/int/dim/arcrole/domain-member' xlink:from='loc_StatementOfFinancialPositionLocationActivityCapitalizationDomain' xlink:to='loc_OtherInvestmentsMember' xlink:type='arc' />
    <link:definitionArc order='19.0' xlink:arcrole='http://xbrl.org/int/dim/arcrole/domain-member' xlink:from='loc_StatementOfFinancialPositionLocationActivityCapitalizationDomain' xlink:to='loc_ContractHolderFundsMember' xlink:type='arc' />
    <link:definitionArc order='20.0' xlink:arcrole='http://xbrl.org/int/dim/arcrole/domain-member' xlink:from='loc_StatementOfFinancialPositionLocationActivityCapitalizationDomain' xlink:to='loc_AccountsPayableAndAccruedLiabilitiesMember' xlink:type='arc' />
    <link:definitionArc order='21.0' xlink:arcrole='http://xbrl.org/int/dim/arcrole/domain-member' xlink:from='loc_StatementOfFinancialPositionLocationActivityCapitalizationDomain' xlink:to='loc_PrepaidExpensesAndOtherCurrentAssetsMember' xlink:type='arc' />
  </link:definitionLink>
</link:linkbase>
