<?xml version='1.0' encoding='UTF-8'?>

<!--
(c) 2010-2024 Financial Accounting Foundation; (c) 2007-2010 XBRL US, Inc.  All Rights Reserved.
Notice: Authorized Uses are Set Forth at https://xbrl.fasb.org/terms/TaxonomiesTermsConditions.html
  -->
<link:linkbase xmlns:link='http://www.xbrl.org/2003/linkbase' xmlns:xlink='http://www.w3.org/1999/xlink' xmlns:xsi='http://www.w3.org/2001/XMLSchema-instance' xsi:schemaLocation='http://www.xbrl.org/2003/linkbase http://www.xbrl.org/2003/xbrl-linkbase-2003-12-31.xsd'>
  <link:roleRef roleURI='http://fasb.org/us-gaap/role/disclosure/Contractors' xlink:href='../elts/us-roles-2024.xsd#con' xlink:type='simple' />
  <link:presentationLink xlink:role='http://fasb.org/us-gaap/role/disclosure/Contractors' xlink:type='extended'>
    <link:loc xlink:href='../elts/us-gaap-2024.xsd#us-gaap_ContractorsAbstract' xlink:label='loc_ContractorsAbstract' xlink:type='locator' />
    <link:loc xlink:href='../elts/us-gaap-2024.xsd#us-gaap_LongTermContractsOrProgramsDisclosureTextBlock' xlink:label='loc_LongTermContractsOrProgramsDisclosureTextBlock' xlink:type='locator' />
    <link:loc xlink:href='../elts/us-gaap-2024.xsd#us-gaap_CostsInExcessOfBillingsAndBillingsInExcessOfCostsTableTextBlock' xlink:label='loc_CostsInExcessOfBillingsAndBillingsInExcessOfCostsTableTextBlock' xlink:type='locator' />
    <link:loc xlink:href='../elts/us-gaap-2024.xsd#us-gaap_ReceivablesLongTermContractsOrProgramsAbstract' xlink:label='loc_ReceivablesLongTermContractsOrProgramsAbstract' xlink:type='locator' />
    <link:loc xlink:href='../elts/us-gaap-2024.xsd#us-gaap_ConstructionContractorReceivableIncludingContractRetainageFiscalYearMaturityAbstract' xlink:label='loc_ConstructionContractorReceivableIncludingContractRetainageFiscalYearMaturityAbstract' xlink:type='locator' />
    <link:loc xlink:href='../elts/us-gaap-2024.xsd#us-gaap_ConstructionContractorReceivableIncludingContractRetainageYearOne' xlink:label='loc_ConstructionContractorReceivableIncludingContractRetainageYearOne' xlink:type='locator' />
    <link:loc xlink:href='../elts/us-gaap-2024.xsd#us-gaap_ConstructionContractorReceivableIncludingContractRetainageAfterYearOneAbstract' xlink:label='loc_ConstructionContractorReceivableIncludingContractRetainageAfterYearOneAbstract' xlink:type='locator' />
    <link:loc xlink:href='../elts/us-gaap-2024.xsd#us-gaap_ConstructionContractorReceivableIncludingContractRetainageYearTwo' xlink:label='loc_ConstructionContractorReceivableIncludingContractRetainageYearTwo' xlink:type='locator' />
    <link:loc xlink:href='../elts/us-gaap-2024.xsd#us-gaap_ConstructionContractorReceivableIncludingContractRetainageYearThree' xlink:label='loc_ConstructionContractorReceivableIncludingContractRetainageYearThree' xlink:type='locator' />
    <link:loc xlink:href='../elts/us-gaap-2024.xsd#us-gaap_ConstructionContractorReceivableIncludingContractRetainageYearFour' xlink:label='loc_ConstructionContractorReceivableIncludingContractRetainageYearFour' xlink:type='locator' />
    <link:loc xlink:href='../elts/us-gaap-2024.xsd#us-gaap_ConstructionContractorReceivableIncludingContractRetainageYearFive' xlink:label='loc_ConstructionContractorReceivableIncludingContractRetainageYearFive' xlink:type='locator' />
    <link:loc xlink:href='../elts/us-gaap-2024.xsd#us-gaap_ConstructionContractorReceivableIncludingContractRetainageAfterYearFive' xlink:label='loc_ConstructionContractorReceivableIncludingContractRetainageAfterYearFive' xlink:type='locator' />
    <link:loc xlink:href='../elts/us-gaap-2024.xsd#us-gaap_ConstructionContractorReceivableIncludingContractRetainageAfterYearOne' xlink:label='loc_ConstructionContractorReceivableIncludingContractRetainageAfterYearOne' xlink:type='locator' />
    <link:loc xlink:href='../elts/us-gaap-2024.xsd#us-gaap_ConstructionContractorReceivableIncludingContractRetainage' xlink:label='loc_ConstructionContractorReceivableIncludingContractRetainage' xlink:type='locator' />
    <link:loc xlink:href='../elts/us-gaap-2024.xsd#us-gaap_ConstructionContractorReceivableIncludingContractRetainageRemainderOfFiscalYear' xlink:label='loc_ConstructionContractorReceivableIncludingContractRetainageRemainderOfFiscalYear' xlink:type='locator' />
    <link:loc xlink:href='../elts/us-gaap-2024.xsd#us-gaap_ContractReceivableRetainageAbstract' xlink:label='loc_ContractReceivableRetainageAbstract' xlink:type='locator' />
    <link:loc xlink:href='../elts/us-gaap-2024.xsd#us-gaap_ConstructionContractorReceivableRetainageYearOne' xlink:label='loc_ConstructionContractorReceivableRetainageYearOne' xlink:type='locator' />
    <link:loc xlink:href='../elts/us-gaap-2024.xsd#us-gaap_ContractReceivableRetainageDueAfterOneYearAbstract' xlink:label='loc_ContractReceivableRetainageDueAfterOneYearAbstract' xlink:type='locator' />
    <link:loc xlink:href='../elts/us-gaap-2024.xsd#us-gaap_ConstructionContractorReceivableRetainageYearTwo' xlink:label='loc_ConstructionContractorReceivableRetainageYearTwo' xlink:type='locator' />
    <link:loc xlink:href='../elts/us-gaap-2024.xsd#us-gaap_ConstructionContractorReceivableRetainageYearThree' xlink:label='loc_ConstructionContractorReceivableRetainageYearThree' xlink:type='locator' />
    <link:loc xlink:href='../elts/us-gaap-2024.xsd#us-gaap_ConstructionContractorReceivableRetainageYearFour' xlink:label='loc_ConstructionContractorReceivableRetainageYearFour' xlink:type='locator' />
    <link:loc xlink:href='../elts/us-gaap-2024.xsd#us-gaap_ConstructionContractorReceivableRetainageYearFive' xlink:label='loc_ConstructionContractorReceivableRetainageYearFive' xlink:type='locator' />
    <link:loc xlink:href='../elts/us-gaap-2024.xsd#us-gaap_ConstructionContractorReceivableRetainageAfterYearFive' xlink:label='loc_ConstructionContractorReceivableRetainageAfterYearFive' xlink:type='locator' />
    <link:loc xlink:href='../elts/us-gaap-2024.xsd#us-gaap_ConstructionContractorReceivableRetainageAfterYearOne' xlink:label='loc_ConstructionContractorReceivableRetainageAfterYearOne' xlink:type='locator' />
    <link:loc xlink:href='../elts/us-gaap-2024.xsd#us-gaap_ConstructionContractorReceivableRetainage' xlink:label='loc_ConstructionContractorReceivableRetainage' xlink:type='locator' />
    <link:loc xlink:href='../elts/us-gaap-2024.xsd#us-gaap_ConstructionContractorReceivableRetainageRemainderOfFiscalYear' xlink:label='loc_ConstructionContractorReceivableRetainageRemainderOfFiscalYear' xlink:type='locator' />
    <link:loc xlink:href='../elts/us-gaap-2024.xsd#us-gaap_ContractReceivableAbstract' xlink:label='loc_ContractReceivableAbstract' xlink:type='locator' />
    <link:loc xlink:href='../elts/us-gaap-2024.xsd#us-gaap_ContractReceivableDueOneYearOrLess' xlink:label='loc_ContractReceivableDueOneYearOrLess' xlink:type='locator' />
    <link:loc xlink:href='../elts/us-gaap-2024.xsd#us-gaap_ContractReceivableDueAfterOneYearAbstract' xlink:label='loc_ContractReceivableDueAfterOneYearAbstract' xlink:type='locator' />
    <link:loc xlink:href='../elts/us-gaap-2024.xsd#us-gaap_ContractReceivableDueOneToTwoYears' xlink:label='loc_ContractReceivableDueOneToTwoYears' xlink:type='locator' />
    <link:loc xlink:href='../elts/us-gaap-2024.xsd#us-gaap_ContractReceivableDueTwoToThreeYears' xlink:label='loc_ContractReceivableDueTwoToThreeYears' xlink:type='locator' />
    <link:loc xlink:href='../elts/us-gaap-2024.xsd#us-gaap_ContractReceivableDueThreeToFourYears' xlink:label='loc_ContractReceivableDueThreeToFourYears' xlink:type='locator' />
    <link:loc xlink:href='../elts/us-gaap-2024.xsd#us-gaap_ContractReceivableDueFourToFiveYears' xlink:label='loc_ContractReceivableDueFourToFiveYears' xlink:type='locator' />
    <link:loc xlink:href='../elts/us-gaap-2024.xsd#us-gaap_ContractReceivableDueFiveYearsOrMore' xlink:label='loc_ContractReceivableDueFiveYearsOrMore' xlink:type='locator' />
    <link:loc xlink:href='../elts/us-gaap-2024.xsd#us-gaap_ContractReceivableDueAfterOneYear' xlink:label='loc_ContractReceivableDueAfterOneYear' xlink:type='locator' />
    <link:loc xlink:href='../elts/us-gaap-2024.xsd#us-gaap_AccountsReceivableBilledForLongTermContractsOrPrograms' xlink:label='loc_AccountsReceivableBilledForLongTermContractsOrPrograms' xlink:type='locator' />
    <link:loc xlink:href='../elts/us-gaap-2024.xsd#us-gaap_ContractReceivableDueInRemainderOfFiscalYear' xlink:label='loc_ContractReceivableDueInRemainderOfFiscalYear' xlink:type='locator' />
    <link:loc xlink:href='../elts/us-gaap-2024.xsd#us-gaap_ConstructionContractorReceivableToBeCollectedAfterYearOneInterestRateTable' xlink:label='loc_ConstructionContractorReceivableToBeCollectedAfterYearOneInterestRateTable' xlink:type='locator' />
    <link:loc xlink:href='https://xbrl.fasb.org/srt/2024/elts/srt-2024.xsd#srt_RangeAxis' xlink:label='loc_RangeAxis' xlink:type='locator' />
    <link:loc xlink:href='https://xbrl.fasb.org/srt/2024/elts/srt-2024.xsd#srt_RangeMember' xlink:label='loc_RangeMember' xlink:type='locator' />
    <link:loc xlink:href='https://xbrl.fasb.org/srt/2024/elts/srt-2024.xsd#srt_MaximumMember' xlink:label='loc_MaximumMember' xlink:type='locator' />
    <link:loc xlink:href='https://xbrl.fasb.org/srt/2024/elts/srt-2024.xsd#srt_MinimumMember' xlink:label='loc_MinimumMember' xlink:type='locator' />
    <link:loc xlink:href='https://xbrl.fasb.org/srt/2024/elts/srt-2024.xsd#srt_WeightedAverageMember' xlink:label='loc_WeightedAverageMember' xlink:type='locator' />
    <link:loc xlink:href='../elts/us-gaap-2024.xsd#us-gaap_ConstructionContractorReceivableAfterYearOneInterestRateLineItems' xlink:label='loc_ConstructionContractorReceivableAfterYearOneInterestRateLineItems' xlink:type='locator' />
    <link:loc xlink:href='../elts/us-gaap-2024.xsd#us-gaap_ConstructionContractorReceivableToBeCollectedAfterYearOneInterestRate' xlink:label='loc_ConstructionContractorReceivableToBeCollectedAfterYearOneInterestRate' xlink:type='locator' />
    <link:loc xlink:href='../elts/us-gaap-2024.xsd#us-gaap_BilledAndUnbilledContractClaimsSubjectToUncertaintyAbstract' xlink:label='loc_BilledAndUnbilledContractClaimsSubjectToUncertaintyAbstract' xlink:type='locator' />
    <link:loc xlink:href='../elts/us-gaap-2024.xsd#us-gaap_ContractsReceivableClaimsAndUncertainAmountsNatureAndStatus' xlink:label='loc_ContractsReceivableClaimsAndUncertainAmountsNatureAndStatus' xlink:type='locator' />
    <link:loc xlink:href='../elts/us-gaap-2024.xsd#us-gaap_ContractsReceivableClaimsAndUncertainAmountsAbstract' xlink:label='loc_ContractsReceivableClaimsAndUncertainAmountsAbstract' xlink:type='locator' />
    <link:loc xlink:href='../elts/us-gaap-2024.xsd#us-gaap_ContractsReceivableClaimsAndUncertainAmountsExpectedToBeCollectedWithinOneYear' xlink:label='loc_ContractsReceivableClaimsAndUncertainAmountsExpectedToBeCollectedWithinOneYear' xlink:type='locator' />
    <link:loc xlink:href='../elts/us-gaap-2024.xsd#us-gaap_ContractsReceivableClaimsAndUncertainAmountsExpectedToBeCollectedAfterOneYear' xlink:label='loc_ContractsReceivableClaimsAndUncertainAmountsExpectedToBeCollectedAfterOneYear' xlink:type='locator' />
    <link:loc xlink:href='../elts/us-gaap-2024.xsd#us-gaap_ContractsReceivableClaimsAndUncertainAmounts' xlink:label='loc_ContractsReceivableClaimsAndUncertainAmounts' xlink:type='locator' />
    <link:loc xlink:href='../elts/us-gaap-2024.xsd#us-gaap_ContractsReceivableClaimsAndUncertainAmountsExpectedToBeCollectedInRemainderOfFiscalYear' xlink:label='loc_ContractsReceivableClaimsAndUncertainAmountsExpectedToBeCollectedInRemainderOfFiscalYear' xlink:type='locator' />
    <link:loc xlink:href='../elts/us-gaap-2024.xsd#us-gaap_UnapprovedChangeOrdersAmount' xlink:label='loc_UnapprovedChangeOrdersAmount' xlink:type='locator' />
    <link:loc xlink:href='../elts/us-gaap-2024.xsd#us-gaap_ConstructionContractCostProgressPaymentOffset' xlink:label='loc_ConstructionContractCostProgressPaymentOffset' xlink:type='locator' />
    <link:loc xlink:href='../elts/us-gaap-2024.xsd#us-gaap_ContractTerminationClaimsAndLoansAbstract' xlink:label='loc_ContractTerminationClaimsAndLoansAbstract' xlink:type='locator' />
    <link:loc xlink:href='../elts/us-gaap-2024.xsd#us-gaap_ContractTerminationClaimsDescription' xlink:label='loc_ContractTerminationClaimsDescription' xlink:type='locator' />
    <link:loc xlink:href='../elts/us-gaap-2024.xsd#us-gaap_ContractTerminationClaimsUSFederalGovernment' xlink:label='loc_ContractTerminationClaimsUSFederalGovernment' xlink:type='locator' />
    <link:loc xlink:href='../elts/us-gaap-2024.xsd#us-gaap_ContractTerminationClaimsGovernmentsOtherThanUSFederalGovernment' xlink:label='loc_ContractTerminationClaimsGovernmentsOtherThanUSFederalGovernment' xlink:type='locator' />
    <link:loc xlink:href='../elts/us-gaap-2024.xsd#us-gaap_TerminationLoansDescription' xlink:label='loc_TerminationLoansDescription' xlink:type='locator' />
    <link:loc xlink:href='../elts/us-gaap-2024.xsd#us-gaap_TerminationLoans' xlink:label='loc_TerminationLoans' xlink:type='locator' />
    <link:loc xlink:href='../elts/us-gaap-2024.xsd#us-gaap_LossOnContractTermination' xlink:label='loc_LossOnContractTermination' xlink:type='locator' />
    <link:loc xlink:href='../elts/us-gaap-2024.xsd#us-gaap_LossOnContractTerminationForDefault' xlink:label='loc_LossOnContractTerminationForDefault' xlink:type='locator' />
    <link:loc xlink:href='../elts/us-gaap-2024.xsd#us-gaap_ProvisionForLossOnContracts' xlink:label='loc_ProvisionForLossOnContracts' xlink:type='locator' />
    <link:loc xlink:href='../elts/us-gaap-2024.xsd#us-gaap_InventoryForLongTermContractsOrProgramsAbstract' xlink:label='loc_InventoryForLongTermContractsOrProgramsAbstract' xlink:type='locator' />
    <link:loc xlink:href='../elts/us-gaap-2024.xsd#us-gaap_InventoryForLongTermContractsOrProgramsDescription' xlink:label='loc_InventoryForLongTermContractsOrProgramsDescription' xlink:type='locator' />
    <link:loc xlink:href='../elts/us-gaap-2024.xsd#us-gaap_InventoryForLongTermContractsOrPrograms' xlink:label='loc_InventoryForLongTermContractsOrPrograms' xlink:type='locator' />
    <link:loc xlink:href='../elts/us-gaap-2024.xsd#us-gaap_InventoryForLongTermContractsOrProgramsGeneralAndAdministrativeCostsIncludedInInventory' xlink:label='loc_InventoryForLongTermContractsOrProgramsGeneralAndAdministrativeCostsIncludedInInventory' xlink:type='locator' />
    <link:loc xlink:href='../elts/us-gaap-2024.xsd#us-gaap_InventoryForLongTermContractsOrProgramsGeneralAndAdministrativeExpenseIncurred' xlink:label='loc_InventoryForLongTermContractsOrProgramsGeneralAndAdministrativeExpenseIncurred' xlink:type='locator' />
    <link:loc xlink:href='../elts/us-gaap-2024.xsd#us-gaap_InventoryAmountUnpricedChangeOrdersForLongTermContractsOrPrograms' xlink:label='loc_InventoryAmountUnpricedChangeOrdersForLongTermContractsOrPrograms' xlink:type='locator' />
    <link:loc xlink:href='../elts/us-gaap-2024.xsd#us-gaap_InventoryDescriptionUnpricedChangeOrdersForLongTermContractsOrProgram' xlink:label='loc_InventoryDescriptionUnpricedChangeOrdersForLongTermContractsOrProgram' xlink:type='locator' />
    <link:loc xlink:href='../elts/us-gaap-2024.xsd#us-gaap_ProgressPaymentsNettedAgainstInventoryForLongTermContractsOrPrograms' xlink:label='loc_ProgressPaymentsNettedAgainstInventoryForLongTermContractsOrPrograms' xlink:type='locator' />
    <link:loc xlink:href='../elts/us-gaap-2024.xsd#us-gaap_UnrecoveredProductionCostsExcessOfEstimatedAverageUnitCost' xlink:label='loc_UnrecoveredProductionCostsExcessOfEstimatedAverageUnitCost' xlink:type='locator' />
    <link:loc xlink:href='../elts/us-gaap-2024.xsd#us-gaap_UnrecoveredProductionCostsExcessUnrecoverableUnderExistingFirmOrders' xlink:label='loc_UnrecoveredProductionCostsExcessUnrecoverableUnderExistingFirmOrders' xlink:type='locator' />
    <link:loc xlink:href='../elts/us-gaap-2024.xsd#us-gaap_DescriptionOfDeferredCostsRelatedToLongTermContracts' xlink:label='loc_DescriptionOfDeferredCostsRelatedToLongTermContracts' xlink:type='locator' />
    <link:loc xlink:href='../elts/us-gaap-2024.xsd#us-gaap_AmountOfDeferredCostsRelatedToLongTermContracts' xlink:label='loc_AmountOfDeferredCostsRelatedToLongTermContracts' xlink:type='locator' />
    <link:loc xlink:href='../elts/us-gaap-2024.xsd#us-gaap_PreproductionCostsRelatedToLongTermSupplyArrangementsAbstract' xlink:label='loc_PreproductionCostsRelatedToLongTermSupplyArrangementsAbstract' xlink:type='locator' />
    <link:loc xlink:href='../elts/us-gaap-2024.xsd#us-gaap_PreproductionCostsRelatedToLongTermSupplyArrangementsCostsCapitalized' xlink:label='loc_PreproductionCostsRelatedToLongTermSupplyArrangementsCostsCapitalized' xlink:type='locator' />
    <link:loc xlink:href='../elts/us-gaap-2024.xsd#us-gaap_PreproductionCostsRelatedToLongTermSupplyArrangementsAssetForMoldsDiesAndToolsOwned' xlink:label='loc_PreproductionCostsRelatedToLongTermSupplyArrangementsAssetForMoldsDiesAndToolsOwned' xlink:type='locator' />
    <link:loc xlink:href='../elts/us-gaap-2024.xsd#us-gaap_PreproductionCostsRelatedToLongTermSupplyArrangementsAssetForMoldsDiesAndToolsNotOwned' xlink:label='loc_PreproductionCostsRelatedToLongTermSupplyArrangementsAssetForMoldsDiesAndToolsNotOwned' xlink:type='locator' />
    <link:loc xlink:href='../elts/us-gaap-2024.xsd#us-gaap_PrerequisitesForBillingLongTermContracts' xlink:label='loc_PrerequisitesForBillingLongTermContracts' xlink:type='locator' />
    <link:loc xlink:href='../elts/us-gaap-2024.xsd#us-gaap_GovernmentContractReceivable' xlink:label='loc_GovernmentContractReceivable' xlink:type='locator' />
    <link:loc xlink:href='../elts/us-gaap-2024.xsd#us-gaap_GovernmentContractReceivableProgessPaymentsOffset' xlink:label='loc_GovernmentContractReceivableProgessPaymentsOffset' xlink:type='locator' />
    <link:loc xlink:href='../elts/us-gaap-2024.xsd#us-gaap_AdvancePaymentsNettedAgainstClaimReceivable' xlink:label='loc_AdvancePaymentsNettedAgainstClaimReceivable' xlink:type='locator' />
    <link:loc xlink:href='../elts/us-gaap-2024.xsd#us-gaap_ConstructionContractorLiquidityCharacteristic' xlink:label='loc_ConstructionContractorLiquidityCharacteristic' xlink:type='locator' />
    <link:loc xlink:href='../elts/us-gaap-2024.xsd#us-gaap_ReceivablesLongTermContractsOrPrograms' xlink:label='loc_ReceivablesLongTermContractsOrPrograms' xlink:type='locator' />
    <link:loc xlink:href='../elts/us-gaap-2024.xsd#us-gaap_UnbilledReceivablesNotBillableAtBalanceSheetDate' xlink:label='loc_UnbilledReceivablesNotBillableAtBalanceSheetDate' xlink:type='locator' />
    <link:loc xlink:href='../elts/us-gaap-2024.xsd#us-gaap_UnbilledReceivablesNotBillableAtBalanceSheetDateAmountExpectedToBeCollectedAfterOneYear' xlink:label='loc_UnbilledReceivablesNotBillableAtBalanceSheetDateAmountExpectedToBeCollectedAfterOneYear' xlink:type='locator' />
    <link:presentationArc order='10' xlink:arcrole='http://www.xbrl.org/2003/arcrole/parent-child' xlink:from='loc_ContractorsAbstract' xlink:to='loc_LongTermContractsOrProgramsDisclosureTextBlock' xlink:type='arc' />
    <link:presentationArc order='10' xlink:arcrole='http://www.xbrl.org/2003/arcrole/parent-child' xlink:from='loc_LongTermContractsOrProgramsDisclosureTextBlock' xlink:to='loc_CostsInExcessOfBillingsAndBillingsInExcessOfCostsTableTextBlock' xlink:type='arc' />
    <link:presentationArc order='20' xlink:arcrole='http://www.xbrl.org/2003/arcrole/parent-child' xlink:from='loc_LongTermContractsOrProgramsDisclosureTextBlock' xlink:to='loc_ReceivablesLongTermContractsOrProgramsAbstract' xlink:type='arc' />
    <link:presentationArc order='10' xlink:arcrole='http://www.xbrl.org/2003/arcrole/parent-child' xlink:from='loc_ReceivablesLongTermContractsOrProgramsAbstract' xlink:to='loc_ConstructionContractorReceivableIncludingContractRetainageFiscalYearMaturityAbstract' xlink:type='arc' />
    <link:presentationArc order='10' xlink:arcrole='http://www.xbrl.org/2003/arcrole/parent-child' xlink:from='loc_ConstructionContractorReceivableIncludingContractRetainageFiscalYearMaturityAbstract' xlink:to='loc_ConstructionContractorReceivableIncludingContractRetainageYearOne' xlink:type='arc' />
    <link:presentationArc order='20' xlink:arcrole='http://www.xbrl.org/2003/arcrole/parent-child' xlink:from='loc_ConstructionContractorReceivableIncludingContractRetainageFiscalYearMaturityAbstract' xlink:to='loc_ConstructionContractorReceivableIncludingContractRetainageAfterYearOneAbstract' xlink:type='arc' />
    <link:presentationArc order='10' xlink:arcrole='http://www.xbrl.org/2003/arcrole/parent-child' xlink:from='loc_ConstructionContractorReceivableIncludingContractRetainageAfterYearOneAbstract' xlink:to='loc_ConstructionContractorReceivableIncludingContractRetainageYearTwo' xlink:type='arc' />
    <link:presentationArc order='20' xlink:arcrole='http://www.xbrl.org/2003/arcrole/parent-child' xlink:from='loc_ConstructionContractorReceivableIncludingContractRetainageAfterYearOneAbstract' xlink:to='loc_ConstructionContractorReceivableIncludingContractRetainageYearThree' xlink:type='arc' />
    <link:presentationArc order='30' xlink:arcrole='http://www.xbrl.org/2003/arcrole/parent-child' xlink:from='loc_ConstructionContractorReceivableIncludingContractRetainageAfterYearOneAbstract' xlink:to='loc_ConstructionContractorReceivableIncludingContractRetainageYearFour' xlink:type='arc' />
    <link:presentationArc order='40' xlink:arcrole='http://www.xbrl.org/2003/arcrole/parent-child' xlink:from='loc_ConstructionContractorReceivableIncludingContractRetainageAfterYearOneAbstract' xlink:to='loc_ConstructionContractorReceivableIncludingContractRetainageYearFive' xlink:type='arc' />
    <link:presentationArc order='50' xlink:arcrole='http://www.xbrl.org/2003/arcrole/parent-child' xlink:from='loc_ConstructionContractorReceivableIncludingContractRetainageAfterYearOneAbstract' xlink:to='loc_ConstructionContractorReceivableIncludingContractRetainageAfterYearFive' xlink:type='arc' />
    <link:presentationArc order='60' preferredLabel='http://www.xbrl.org/2003/role/totalLabel' xlink:arcrole='http://www.xbrl.org/2003/arcrole/parent-child' xlink:from='loc_ConstructionContractorReceivableIncludingContractRetainageAfterYearOneAbstract' xlink:to='loc_ConstructionContractorReceivableIncludingContractRetainageAfterYearOne' xlink:type='arc' />
    <link:presentationArc order='30' preferredLabel='http://www.xbrl.org/2003/role/totalLabel' xlink:arcrole='http://www.xbrl.org/2003/arcrole/parent-child' xlink:from='loc_ConstructionContractorReceivableIncludingContractRetainageFiscalYearMaturityAbstract' xlink:to='loc_ConstructionContractorReceivableIncludingContractRetainage' xlink:type='arc' />
    <link:presentationArc order='20' xlink:arcrole='http://www.xbrl.org/2003/arcrole/parent-child' xlink:from='loc_ReceivablesLongTermContractsOrProgramsAbstract' xlink:to='loc_ConstructionContractorReceivableIncludingContractRetainageRemainderOfFiscalYear' xlink:type='arc' />
    <link:presentationArc order='30' xlink:arcrole='http://www.xbrl.org/2003/arcrole/parent-child' xlink:from='loc_ReceivablesLongTermContractsOrProgramsAbstract' xlink:to='loc_ContractReceivableRetainageAbstract' xlink:type='arc' />
    <link:presentationArc order='10' xlink:arcrole='http://www.xbrl.org/2003/arcrole/parent-child' xlink:from='loc_ContractReceivableRetainageAbstract' xlink:to='loc_ConstructionContractorReceivableRetainageYearOne' xlink:type='arc' />
    <link:presentationArc order='20' xlink:arcrole='http://www.xbrl.org/2003/arcrole/parent-child' xlink:from='loc_ContractReceivableRetainageAbstract' xlink:to='loc_ContractReceivableRetainageDueAfterOneYearAbstract' xlink:type='arc' />
    <link:presentationArc order='10' xlink:arcrole='http://www.xbrl.org/2003/arcrole/parent-child' xlink:from='loc_ContractReceivableRetainageDueAfterOneYearAbstract' xlink:to='loc_ConstructionContractorReceivableRetainageYearTwo' xlink:type='arc' />
    <link:presentationArc order='20' xlink:arcrole='http://www.xbrl.org/2003/arcrole/parent-child' xlink:from='loc_ContractReceivableRetainageDueAfterOneYearAbstract' xlink:to='loc_ConstructionContractorReceivableRetainageYearThree' xlink:type='arc' />
    <link:presentationArc order='30' xlink:arcrole='http://www.xbrl.org/2003/arcrole/parent-child' xlink:from='loc_ContractReceivableRetainageDueAfterOneYearAbstract' xlink:to='loc_ConstructionContractorReceivableRetainageYearFour' xlink:type='arc' />
    <link:presentationArc order='40' xlink:arcrole='http://www.xbrl.org/2003/arcrole/parent-child' xlink:from='loc_ContractReceivableRetainageDueAfterOneYearAbstract' xlink:to='loc_ConstructionContractorReceivableRetainageYearFive' xlink:type='arc' />
    <link:presentationArc order='50' xlink:arcrole='http://www.xbrl.org/2003/arcrole/parent-child' xlink:from='loc_ContractReceivableRetainageDueAfterOneYearAbstract' xlink:to='loc_ConstructionContractorReceivableRetainageAfterYearFive' xlink:type='arc' />
    <link:presentationArc order='60' preferredLabel='http://www.xbrl.org/2003/role/totalLabel' xlink:arcrole='http://www.xbrl.org/2003/arcrole/parent-child' xlink:from='loc_ContractReceivableRetainageDueAfterOneYearAbstract' xlink:to='loc_ConstructionContractorReceivableRetainageAfterYearOne' xlink:type='arc' />
    <link:presentationArc order='30' preferredLabel='http://www.xbrl.org/2003/role/totalLabel' xlink:arcrole='http://www.xbrl.org/2003/arcrole/parent-child' xlink:from='loc_ContractReceivableRetainageAbstract' xlink:to='loc_ConstructionContractorReceivableRetainage' xlink:type='arc' />
    <link:presentationArc order='40' xlink:arcrole='http://www.xbrl.org/2003/arcrole/parent-child' xlink:from='loc_ReceivablesLongTermContractsOrProgramsAbstract' xlink:to='loc_ConstructionContractorReceivableRetainageRemainderOfFiscalYear' xlink:type='arc' />
    <link:presentationArc order='50' xlink:arcrole='http://www.xbrl.org/2003/arcrole/parent-child' xlink:from='loc_ReceivablesLongTermContractsOrProgramsAbstract' xlink:to='loc_ContractReceivableAbstract' xlink:type='arc' />
    <link:presentationArc order='10' xlink:arcrole='http://www.xbrl.org/2003/arcrole/parent-child' xlink:from='loc_ContractReceivableAbstract' xlink:to='loc_ContractReceivableDueOneYearOrLess' xlink:type='arc' />
    <link:presentationArc order='20' xlink:arcrole='http://www.xbrl.org/2003/arcrole/parent-child' xlink:from='loc_ContractReceivableAbstract' xlink:to='loc_ContractReceivableDueAfterOneYearAbstract' xlink:type='arc' />
    <link:presentationArc order='10' xlink:arcrole='http://www.xbrl.org/2003/arcrole/parent-child' xlink:from='loc_ContractReceivableDueAfterOneYearAbstract' xlink:to='loc_ContractReceivableDueOneToTwoYears' xlink:type='arc' />
    <link:presentationArc order='20' xlink:arcrole='http://www.xbrl.org/2003/arcrole/parent-child' xlink:from='loc_ContractReceivableDueAfterOneYearAbstract' xlink:to='loc_ContractReceivableDueTwoToThreeYears' xlink:type='arc' />
    <link:presentationArc order='30' xlink:arcrole='http://www.xbrl.org/2003/arcrole/parent-child' xlink:from='loc_ContractReceivableDueAfterOneYearAbstract' xlink:to='loc_ContractReceivableDueThreeToFourYears' xlink:type='arc' />
    <link:presentationArc order='40' xlink:arcrole='http://www.xbrl.org/2003/arcrole/parent-child' xlink:from='loc_ContractReceivableDueAfterOneYearAbstract' xlink:to='loc_ContractReceivableDueFourToFiveYears' xlink:type='arc' />
    <link:presentationArc order='50' xlink:arcrole='http://www.xbrl.org/2003/arcrole/parent-child' xlink:from='loc_ContractReceivableDueAfterOneYearAbstract' xlink:to='loc_ContractReceivableDueFiveYearsOrMore' xlink:type='arc' />
    <link:presentationArc order='60' preferredLabel='http://www.xbrl.org/2003/role/totalLabel' xlink:arcrole='http://www.xbrl.org/2003/arcrole/parent-child' xlink:from='loc_ContractReceivableDueAfterOneYearAbstract' xlink:to='loc_ContractReceivableDueAfterOneYear' xlink:type='arc' />
    <link:presentationArc order='30' preferredLabel='http://www.xbrl.org/2003/role/totalLabel' xlink:arcrole='http://www.xbrl.org/2003/arcrole/parent-child' xlink:from='loc_ContractReceivableAbstract' xlink:to='loc_AccountsReceivableBilledForLongTermContractsOrPrograms' xlink:type='arc' />
    <link:presentationArc order='60' xlink:arcrole='http://www.xbrl.org/2003/arcrole/parent-child' xlink:from='loc_ReceivablesLongTermContractsOrProgramsAbstract' xlink:to='loc_ContractReceivableDueInRemainderOfFiscalYear' xlink:type='arc' />
    <link:presentationArc order='70' xlink:arcrole='http://www.xbrl.org/2003/arcrole/parent-child' xlink:from='loc_ReceivablesLongTermContractsOrProgramsAbstract' xlink:to='loc_ConstructionContractorReceivableToBeCollectedAfterYearOneInterestRateTable' xlink:type='arc' />
    <link:presentationArc order='10' xlink:arcrole='http://www.xbrl.org/2003/arcrole/parent-child' xlink:from='loc_ConstructionContractorReceivableToBeCollectedAfterYearOneInterestRateTable' xlink:to='loc_RangeAxis' xlink:type='arc' />
    <link:presentationArc order='10' xlink:arcrole='http://www.xbrl.org/2003/arcrole/parent-child' xlink:from='loc_RangeAxis' xlink:to='loc_RangeMember' xlink:type='arc' />
    <link:presentationArc order='10' xlink:arcrole='http://www.xbrl.org/2003/arcrole/parent-child' xlink:from='loc_RangeMember' xlink:to='loc_MaximumMember' xlink:type='arc' />
    <link:presentationArc order='20' xlink:arcrole='http://www.xbrl.org/2003/arcrole/parent-child' xlink:from='loc_RangeMember' xlink:to='loc_MinimumMember' xlink:type='arc' />
    <link:presentationArc order='30' xlink:arcrole='http://www.xbrl.org/2003/arcrole/parent-child' xlink:from='loc_RangeMember' xlink:to='loc_WeightedAverageMember' xlink:type='arc' />
    <link:presentationArc order='20' xlink:arcrole='http://www.xbrl.org/2003/arcrole/parent-child' xlink:from='loc_ConstructionContractorReceivableToBeCollectedAfterYearOneInterestRateTable' xlink:to='loc_ConstructionContractorReceivableAfterYearOneInterestRateLineItems' xlink:type='arc' />
    <link:presentationArc order='10' xlink:arcrole='http://www.xbrl.org/2003/arcrole/parent-child' xlink:from='loc_ConstructionContractorReceivableAfterYearOneInterestRateLineItems' xlink:to='loc_ConstructionContractorReceivableToBeCollectedAfterYearOneInterestRate' xlink:type='arc' />
    <link:presentationArc order='30' xlink:arcrole='http://www.xbrl.org/2003/arcrole/parent-child' xlink:from='loc_LongTermContractsOrProgramsDisclosureTextBlock' xlink:to='loc_BilledAndUnbilledContractClaimsSubjectToUncertaintyAbstract' xlink:type='arc' />
    <link:presentationArc order='10' xlink:arcrole='http://www.xbrl.org/2003/arcrole/parent-child' xlink:from='loc_BilledAndUnbilledContractClaimsSubjectToUncertaintyAbstract' xlink:to='loc_ContractsReceivableClaimsAndUncertainAmountsNatureAndStatus' xlink:type='arc' />
    <link:presentationArc order='20' xlink:arcrole='http://www.xbrl.org/2003/arcrole/parent-child' xlink:from='loc_BilledAndUnbilledContractClaimsSubjectToUncertaintyAbstract' xlink:to='loc_ContractsReceivableClaimsAndUncertainAmountsAbstract' xlink:type='arc' />
    <link:presentationArc order='10' xlink:arcrole='http://www.xbrl.org/2003/arcrole/parent-child' xlink:from='loc_ContractsReceivableClaimsAndUncertainAmountsAbstract' xlink:to='loc_ContractsReceivableClaimsAndUncertainAmountsExpectedToBeCollectedWithinOneYear' xlink:type='arc' />
    <link:presentationArc order='20' xlink:arcrole='http://www.xbrl.org/2003/arcrole/parent-child' xlink:from='loc_ContractsReceivableClaimsAndUncertainAmountsAbstract' xlink:to='loc_ContractsReceivableClaimsAndUncertainAmountsExpectedToBeCollectedAfterOneYear' xlink:type='arc' />
    <link:presentationArc order='30' preferredLabel='http://www.xbrl.org/2003/role/totalLabel' xlink:arcrole='http://www.xbrl.org/2003/arcrole/parent-child' xlink:from='loc_ContractsReceivableClaimsAndUncertainAmountsAbstract' xlink:to='loc_ContractsReceivableClaimsAndUncertainAmounts' xlink:type='arc' />
    <link:presentationArc order='30' xlink:arcrole='http://www.xbrl.org/2003/arcrole/parent-child' xlink:from='loc_BilledAndUnbilledContractClaimsSubjectToUncertaintyAbstract' xlink:to='loc_ContractsReceivableClaimsAndUncertainAmountsExpectedToBeCollectedInRemainderOfFiscalYear' xlink:type='arc' />
    <link:presentationArc order='40' xlink:arcrole='http://www.xbrl.org/2003/arcrole/parent-child' xlink:from='loc_BilledAndUnbilledContractClaimsSubjectToUncertaintyAbstract' xlink:to='loc_UnapprovedChangeOrdersAmount' xlink:type='arc' />
    <link:presentationArc order='50' xlink:arcrole='http://www.xbrl.org/2003/arcrole/parent-child' xlink:from='loc_BilledAndUnbilledContractClaimsSubjectToUncertaintyAbstract' xlink:to='loc_ConstructionContractCostProgressPaymentOffset' xlink:type='arc' />
    <link:presentationArc order='40' xlink:arcrole='http://www.xbrl.org/2003/arcrole/parent-child' xlink:from='loc_LongTermContractsOrProgramsDisclosureTextBlock' xlink:to='loc_ContractTerminationClaimsAndLoansAbstract' xlink:type='arc' />
    <link:presentationArc order='10' use='optional' xlink:arcrole='http://www.xbrl.org/2003/arcrole/parent-child' xlink:from='loc_ContractTerminationClaimsAndLoansAbstract' xlink:to='loc_ContractTerminationClaimsDescription' xlink:type='arc' />
    <link:presentationArc order='20' use='optional' xlink:arcrole='http://www.xbrl.org/2003/arcrole/parent-child' xlink:from='loc_ContractTerminationClaimsAndLoansAbstract' xlink:to='loc_ContractTerminationClaimsUSFederalGovernment' xlink:type='arc' />
    <link:presentationArc order='30' use='optional' xlink:arcrole='http://www.xbrl.org/2003/arcrole/parent-child' xlink:from='loc_ContractTerminationClaimsAndLoansAbstract' xlink:to='loc_ContractTerminationClaimsGovernmentsOtherThanUSFederalGovernment' xlink:type='arc' />
    <link:presentationArc order='40' use='optional' xlink:arcrole='http://www.xbrl.org/2003/arcrole/parent-child' xlink:from='loc_ContractTerminationClaimsAndLoansAbstract' xlink:to='loc_TerminationLoansDescription' xlink:type='arc' />
    <link:presentationArc order='50' use='optional' xlink:arcrole='http://www.xbrl.org/2003/arcrole/parent-child' xlink:from='loc_ContractTerminationClaimsAndLoansAbstract' xlink:to='loc_TerminationLoans' xlink:type='arc' />
    <link:presentationArc order='50' xlink:arcrole='http://www.xbrl.org/2003/arcrole/parent-child' xlink:from='loc_LongTermContractsOrProgramsDisclosureTextBlock' xlink:to='loc_LossOnContractTermination' xlink:type='arc' />
    <link:presentationArc order='60' xlink:arcrole='http://www.xbrl.org/2003/arcrole/parent-child' xlink:from='loc_LongTermContractsOrProgramsDisclosureTextBlock' xlink:to='loc_LossOnContractTerminationForDefault' xlink:type='arc' />
    <link:presentationArc order='70' xlink:arcrole='http://www.xbrl.org/2003/arcrole/parent-child' xlink:from='loc_LongTermContractsOrProgramsDisclosureTextBlock' xlink:to='loc_ProvisionForLossOnContracts' xlink:type='arc' />
    <link:presentationArc order='80' use='optional' xlink:arcrole='http://www.xbrl.org/2003/arcrole/parent-child' xlink:from='loc_LongTermContractsOrProgramsDisclosureTextBlock' xlink:to='loc_InventoryForLongTermContractsOrProgramsAbstract' xlink:type='arc' />
    <link:presentationArc order='10' use='optional' xlink:arcrole='http://www.xbrl.org/2003/arcrole/parent-child' xlink:from='loc_InventoryForLongTermContractsOrProgramsAbstract' xlink:to='loc_InventoryForLongTermContractsOrProgramsDescription' xlink:type='arc' />
    <link:presentationArc order='20' use='optional' xlink:arcrole='http://www.xbrl.org/2003/arcrole/parent-child' xlink:from='loc_InventoryForLongTermContractsOrProgramsAbstract' xlink:to='loc_InventoryForLongTermContractsOrPrograms' xlink:type='arc' />
    <link:presentationArc order='30' use='optional' xlink:arcrole='http://www.xbrl.org/2003/arcrole/parent-child' xlink:from='loc_InventoryForLongTermContractsOrProgramsAbstract' xlink:to='loc_InventoryForLongTermContractsOrProgramsGeneralAndAdministrativeCostsIncludedInInventory' xlink:type='arc' />
    <link:presentationArc order='40' use='optional' xlink:arcrole='http://www.xbrl.org/2003/arcrole/parent-child' xlink:from='loc_InventoryForLongTermContractsOrProgramsAbstract' xlink:to='loc_InventoryForLongTermContractsOrProgramsGeneralAndAdministrativeExpenseIncurred' xlink:type='arc' />
    <link:presentationArc order='50' use='optional' xlink:arcrole='http://www.xbrl.org/2003/arcrole/parent-child' xlink:from='loc_InventoryForLongTermContractsOrProgramsAbstract' xlink:to='loc_InventoryAmountUnpricedChangeOrdersForLongTermContractsOrPrograms' xlink:type='arc' />
    <link:presentationArc order='60' use='optional' xlink:arcrole='http://www.xbrl.org/2003/arcrole/parent-child' xlink:from='loc_InventoryForLongTermContractsOrProgramsAbstract' xlink:to='loc_InventoryDescriptionUnpricedChangeOrdersForLongTermContractsOrProgram' xlink:type='arc' />
    <link:presentationArc order='70' use='optional' xlink:arcrole='http://www.xbrl.org/2003/arcrole/parent-child' xlink:from='loc_InventoryForLongTermContractsOrProgramsAbstract' xlink:to='loc_ProgressPaymentsNettedAgainstInventoryForLongTermContractsOrPrograms' xlink:type='arc' />
    <link:presentationArc order='80' use='optional' xlink:arcrole='http://www.xbrl.org/2003/arcrole/parent-child' xlink:from='loc_InventoryForLongTermContractsOrProgramsAbstract' xlink:to='loc_UnrecoveredProductionCostsExcessOfEstimatedAverageUnitCost' xlink:type='arc' />
    <link:presentationArc order='90' use='optional' xlink:arcrole='http://www.xbrl.org/2003/arcrole/parent-child' xlink:from='loc_InventoryForLongTermContractsOrProgramsAbstract' xlink:to='loc_UnrecoveredProductionCostsExcessUnrecoverableUnderExistingFirmOrders' xlink:type='arc' />
    <link:presentationArc order='100' use='optional' xlink:arcrole='http://www.xbrl.org/2003/arcrole/parent-child' xlink:from='loc_InventoryForLongTermContractsOrProgramsAbstract' xlink:to='loc_DescriptionOfDeferredCostsRelatedToLongTermContracts' xlink:type='arc' />
    <link:presentationArc order='110' use='optional' xlink:arcrole='http://www.xbrl.org/2003/arcrole/parent-child' xlink:from='loc_InventoryForLongTermContractsOrProgramsAbstract' xlink:to='loc_AmountOfDeferredCostsRelatedToLongTermContracts' xlink:type='arc' />
    <link:presentationArc order='90' use='optional' xlink:arcrole='http://www.xbrl.org/2003/arcrole/parent-child' xlink:from='loc_LongTermContractsOrProgramsDisclosureTextBlock' xlink:to='loc_PreproductionCostsRelatedToLongTermSupplyArrangementsAbstract' xlink:type='arc' />
    <link:presentationArc order='10' use='optional' xlink:arcrole='http://www.xbrl.org/2003/arcrole/parent-child' xlink:from='loc_PreproductionCostsRelatedToLongTermSupplyArrangementsAbstract' xlink:to='loc_PreproductionCostsRelatedToLongTermSupplyArrangementsCostsCapitalized' xlink:type='arc' />
    <link:presentationArc order='20' use='optional' xlink:arcrole='http://www.xbrl.org/2003/arcrole/parent-child' xlink:from='loc_PreproductionCostsRelatedToLongTermSupplyArrangementsAbstract' xlink:to='loc_PreproductionCostsRelatedToLongTermSupplyArrangementsAssetForMoldsDiesAndToolsOwned' xlink:type='arc' />
    <link:presentationArc order='30' use='optional' xlink:arcrole='http://www.xbrl.org/2003/arcrole/parent-child' xlink:from='loc_PreproductionCostsRelatedToLongTermSupplyArrangementsAbstract' xlink:to='loc_PreproductionCostsRelatedToLongTermSupplyArrangementsAssetForMoldsDiesAndToolsNotOwned' xlink:type='arc' />
    <link:presentationArc order='100' xlink:arcrole='http://www.xbrl.org/2003/arcrole/parent-child' xlink:from='loc_LongTermContractsOrProgramsDisclosureTextBlock' xlink:to='loc_PrerequisitesForBillingLongTermContracts' xlink:type='arc' />
    <link:presentationArc order='110' xlink:arcrole='http://www.xbrl.org/2003/arcrole/parent-child' xlink:from='loc_LongTermContractsOrProgramsDisclosureTextBlock' xlink:to='loc_GovernmentContractReceivable' xlink:type='arc' />
    <link:presentationArc order='120' xlink:arcrole='http://www.xbrl.org/2003/arcrole/parent-child' xlink:from='loc_LongTermContractsOrProgramsDisclosureTextBlock' xlink:to='loc_GovernmentContractReceivableProgessPaymentsOffset' xlink:type='arc' />
    <link:presentationArc order='130' xlink:arcrole='http://www.xbrl.org/2003/arcrole/parent-child' xlink:from='loc_LongTermContractsOrProgramsDisclosureTextBlock' xlink:to='loc_AdvancePaymentsNettedAgainstClaimReceivable' xlink:type='arc' />
    <link:presentationArc order='140' xlink:arcrole='http://www.xbrl.org/2003/arcrole/parent-child' xlink:from='loc_LongTermContractsOrProgramsDisclosureTextBlock' xlink:to='loc_ConstructionContractorLiquidityCharacteristic' xlink:type='arc' />
    <link:presentationArc order='150' xlink:arcrole='http://www.xbrl.org/2003/arcrole/parent-child' xlink:from='loc_LongTermContractsOrProgramsDisclosureTextBlock' xlink:to='loc_ReceivablesLongTermContractsOrPrograms' xlink:type='arc' />
    <link:presentationArc order='160' xlink:arcrole='http://www.xbrl.org/2003/arcrole/parent-child' xlink:from='loc_LongTermContractsOrProgramsDisclosureTextBlock' xlink:to='loc_UnbilledReceivablesNotBillableAtBalanceSheetDate' xlink:type='arc' />
    <link:presentationArc order='170' xlink:arcrole='http://www.xbrl.org/2003/arcrole/parent-child' xlink:from='loc_LongTermContractsOrProgramsDisclosureTextBlock' xlink:to='loc_UnbilledReceivablesNotBillableAtBalanceSheetDateAmountExpectedToBeCollectedAfterOneYear' xlink:type='arc' />
  </link:presentationLink>
</link:linkbase>
