<?xml version='1.0' encoding='UTF-8'?>

<!--
(c) 2010-2024 Financial Accounting Foundation; (c) 2007-2010 XBRL US, Inc.  All Rights Reserved.
Notice: Authorized Uses are Set Forth at https://xbrl.fasb.org/terms/TaxonomiesTermsConditions.html
  -->
<link:linkbase xmlns:link='http://www.xbrl.org/2003/linkbase' xmlns:xbrldt='http://xbrl.org/2005/xbrldt' xmlns:xlink='http://www.w3.org/1999/xlink' xmlns:xsi='http://www.w3.org/2001/XMLSchema-instance' xsi:schemaLocation='http://www.xbrl.org/2003/linkbase http://www.xbrl.org/2003/xbrl-linkbase-2003-12-31.xsd'>
  <link:roleRef roleURI='http://fasb.org/us-gaap/role/disclosure/OtherThanSecuritiesInvestmentHoldingsInvestmentHoldingsOtherThanSecuritiesTable' xlink:href='../elts/us-roles-2024.xsd#OtherThanSecuritiesInvestmentHoldingsInvestmentHoldingsOtherThanSecuritiesTable' xlink:type='simple' />
  <link:arcroleRef arcroleURI='http://xbrl.org/int/dim/arcrole/all' xlink:href='http://www.xbrl.org/2005/xbrldt-2005.xsd#all' xlink:type='simple' />
  <link:arcroleRef arcroleURI='http://xbrl.org/int/dim/arcrole/hypercube-dimension' xlink:href='http://www.xbrl.org/2005/xbrldt-2005.xsd#hypercube-dimension' xlink:type='simple' />
  <link:arcroleRef arcroleURI='http://xbrl.org/int/dim/arcrole/dimension-domain' xlink:href='http://www.xbrl.org/2005/xbrldt-2005.xsd#dimension-domain' xlink:type='simple' />
  <link:arcroleRef arcroleURI='http://xbrl.org/int/dim/arcrole/dimension-default' xlink:href='http://www.xbrl.org/2005/xbrldt-2005.xsd#dimension-default' xlink:type='simple' />
  <link:arcroleRef arcroleURI='http://xbrl.org/int/dim/arcrole/domain-member' xlink:href='http://www.xbrl.org/2005/xbrldt-2005.xsd#domain-member' xlink:type='simple' />
  <link:definitionLink xlink:role='http://fasb.org/us-gaap/role/disclosure/OtherThanSecuritiesInvestmentHoldingsInvestmentHoldingsOtherThanSecuritiesTable' xlink:type='extended'>
    <link:loc xlink:href='../elts/us-gaap-2024.xsd#us-gaap_InvestmentHoldingsOtherThanSecuritiesTable' xlink:label='loc_InvestmentHoldingsOtherThanSecuritiesTable' xlink:type='locator' />
    <link:loc xlink:href='../elts/us-gaap-2024.xsd#us-gaap_InvestmentHoldingsOtherThanSecuritiesLineItems' xlink:label='loc_InvestmentHoldingsOtherThanSecuritiesLineItems' xlink:type='locator' />
    <link:definitionArc order='1.0' xbrldt:closed='true' xbrldt:contextElement='segment' xlink:arcrole='http://xbrl.org/int/dim/arcrole/all' xlink:from='loc_InvestmentHoldingsOtherThanSecuritiesLineItems' xlink:to='loc_InvestmentHoldingsOtherThanSecuritiesTable' xlink:type='arc' />
  </link:definitionLink>
  <link:definitionLink xlink:role='http://fasb.org/us-gaap/role/disclosure/OtherThanSecuritiesInvestmentHoldingsInvestmentHoldingsOtherThanSecuritiesTable' xlink:type='extended'>
    <link:loc xlink:href='../elts/us-gaap-2024.xsd#us-gaap_InvestmentHoldingsOtherThanSecuritiesTable' xlink:label='loc_InvestmentHoldingsOtherThanSecuritiesTable' xlink:type='locator' />
    <link:loc xlink:href='../elts/us-gaap-2024.xsd#us-gaap_InvestmentTypeAxis' xlink:label='loc_InvestmentTypeAxis' xlink:type='locator' />
    <link:definitionArc order='1.0' xlink:arcrole='http://xbrl.org/int/dim/arcrole/hypercube-dimension' xlink:from='loc_InvestmentHoldingsOtherThanSecuritiesTable' xlink:to='loc_InvestmentTypeAxis' xlink:type='arc' />
  </link:definitionLink>
  <link:definitionLink xlink:role='http://fasb.org/us-gaap/role/disclosure/OtherThanSecuritiesInvestmentHoldingsInvestmentHoldingsOtherThanSecuritiesTable' xlink:type='extended'>
    <link:loc xlink:href='../elts/us-gaap-2024.xsd#us-gaap_InvestmentTypeAxis' xlink:label='loc_InvestmentTypeAxis' xlink:type='locator' />
    <link:loc xlink:href='../elts/us-gaap-2024.xsd#us-gaap_InvestmentTypeCategorizationMember' xlink:label='loc_InvestmentTypeCategorizationMember' xlink:type='locator' />
    <link:definitionArc order='1.0' xlink:arcrole='http://xbrl.org/int/dim/arcrole/dimension-domain' xlink:from='loc_InvestmentTypeAxis' xlink:to='loc_InvestmentTypeCategorizationMember' xlink:type='arc' />
  </link:definitionLink>
  <link:definitionLink xlink:role='http://fasb.org/us-gaap/role/disclosure/OtherThanSecuritiesInvestmentHoldingsInvestmentHoldingsOtherThanSecuritiesTable' xlink:type='extended'>
    <link:loc xlink:href='../elts/us-gaap-2024.xsd#us-gaap_InvestmentTypeAxis' xlink:label='loc_InvestmentTypeAxis' xlink:type='locator' />
    <link:loc xlink:href='../elts/us-gaap-2024.xsd#us-gaap_InvestmentTypeCategorizationMember' xlink:label='loc_InvestmentTypeCategorizationMember' xlink:type='locator' />
    <link:definitionArc order='1.0' xlink:arcrole='http://xbrl.org/int/dim/arcrole/dimension-default' xlink:from='loc_InvestmentTypeAxis' xlink:to='loc_InvestmentTypeCategorizationMember' xlink:type='arc' />
  </link:definitionLink>
  <link:definitionLink xlink:role='http://fasb.org/us-gaap/role/disclosure/OtherThanSecuritiesInvestmentHoldingsInvestmentHoldingsOtherThanSecuritiesTable' xlink:type='extended'>
    <link:loc xlink:href='../elts/us-gaap-2024.xsd#us-gaap_InvestmentHoldingsOtherThanSecuritiesLineItems' xlink:label='loc_InvestmentHoldingsOtherThanSecuritiesLineItems' xlink:type='locator' />
    <link:loc xlink:href='../elts/us-gaap-2024.xsd#us-gaap_InvestmentInPhysicalCommodities' xlink:label='loc_InvestmentInPhysicalCommodities' xlink:type='locator' />
    <link:loc xlink:href='../elts/us-gaap-2024.xsd#us-gaap_InvestmentOwnedBalanceContracts' xlink:label='loc_InvestmentOwnedBalanceContracts' xlink:type='locator' />
    <link:loc xlink:href='../elts/us-gaap-2024.xsd#us-gaap_InvestmentOwnedBalanceOtherMeasure' xlink:label='loc_InvestmentOwnedBalanceOtherMeasure' xlink:type='locator' />
    <link:definitionArc order='1.0' xlink:arcrole='http://xbrl.org/int/dim/arcrole/domain-member' xlink:from='loc_InvestmentHoldingsOtherThanSecuritiesLineItems' xlink:to='loc_InvestmentInPhysicalCommodities' xlink:type='arc' />
    <link:definitionArc order='2.0' xlink:arcrole='http://xbrl.org/int/dim/arcrole/domain-member' xlink:from='loc_InvestmentHoldingsOtherThanSecuritiesLineItems' xlink:to='loc_InvestmentOwnedBalanceContracts' xlink:type='arc' />
    <link:definitionArc order='3.0' xlink:arcrole='http://xbrl.org/int/dim/arcrole/domain-member' xlink:from='loc_InvestmentHoldingsOtherThanSecuritiesLineItems' xlink:to='loc_InvestmentOwnedBalanceOtherMeasure' xlink:type='arc' />
  </link:definitionLink>
  <link:definitionLink xlink:role='http://fasb.org/us-gaap/role/disclosure/OtherThanSecuritiesInvestmentHoldingsInvestmentHoldingsOtherThanSecuritiesTable' xlink:type='extended'>
    <link:loc xlink:href='../elts/us-gaap-2024.xsd#us-gaap_InvestmentTypeCategorizationMember' xlink:label='loc_InvestmentTypeCategorizationMember' xlink:type='locator' />
    <link:loc xlink:href='../elts/us-gaap-2024.xsd#us-gaap_CommoditiesInvestmentMember' xlink:label='loc_CommoditiesInvestmentMember' xlink:type='locator' />
    <link:definitionArc order='1.0' xlink:arcrole='http://xbrl.org/int/dim/arcrole/domain-member' xlink:from='loc_InvestmentTypeCategorizationMember' xlink:to='loc_CommoditiesInvestmentMember' xlink:type='arc' />
  </link:definitionLink>
</link:linkbase>
