<?xml version='1.0' encoding='UTF-8'?>

<!--
(c) 2010-2024 Financial Accounting Foundation; (c) 2007-2010 XBRL US, Inc.  All Rights Reserved.
Notice: Authorized Uses are Set Forth at https://xbrl.fasb.org/terms/TaxonomiesTermsConditions.html
  -->
<link:linkbase xmlns:link='http://www.xbrl.org/2003/linkbase' xmlns:xbrldt='http://xbrl.org/2005/xbrldt' xmlns:xlink='http://www.w3.org/1999/xlink' xmlns:xsi='http://www.w3.org/2001/XMLSchema-instance' xsi:schemaLocation='http://www.xbrl.org/2003/linkbase http://www.xbrl.org/2003/xbrl-linkbase-2003-12-31.xsd'>
  <link:roleRef roleURI='http://fasb.org/us-gaap/role/disclosure/SummaryOfInvestmentHoldingsSummaryOfInvestmentHoldingsTable' xlink:href='../elts/us-roles-2024.xsd#SummaryOfInvestmentHoldingsSummaryOfInvestmentHoldingsTable' xlink:type='simple' />
  <link:arcroleRef arcroleURI='http://xbrl.org/int/dim/arcrole/all' xlink:href='http://www.xbrl.org/2005/xbrldt-2005.xsd#all' xlink:type='simple' />
  <link:arcroleRef arcroleURI='http://xbrl.org/int/dim/arcrole/hypercube-dimension' xlink:href='http://www.xbrl.org/2005/xbrldt-2005.xsd#hypercube-dimension' xlink:type='simple' />
  <link:arcroleRef arcroleURI='http://xbrl.org/int/dim/arcrole/dimension-domain' xlink:href='http://www.xbrl.org/2005/xbrldt-2005.xsd#dimension-domain' xlink:type='simple' />
  <link:arcroleRef arcroleURI='http://xbrl.org/int/dim/arcrole/dimension-default' xlink:href='http://www.xbrl.org/2005/xbrldt-2005.xsd#dimension-default' xlink:type='simple' />
  <link:arcroleRef arcroleURI='http://xbrl.org/int/dim/arcrole/domain-member' xlink:href='http://www.xbrl.org/2005/xbrldt-2005.xsd#domain-member' xlink:type='simple' />
  <link:definitionLink xlink:role='http://fasb.org/us-gaap/role/disclosure/SummaryOfInvestmentHoldingsSummaryOfInvestmentHoldingsTable' xlink:type='extended'>
    <link:loc xlink:href='../elts/us-gaap-2024.xsd#us-gaap_SummaryOfInvestmentHoldingsTable' xlink:label='loc_SummaryOfInvestmentHoldingsTable' xlink:type='locator' />
    <link:loc xlink:href='../elts/us-gaap-2024.xsd#us-gaap_SummaryOfInvestmentHoldingsLineItems' xlink:label='loc_SummaryOfInvestmentHoldingsLineItems' xlink:type='locator' />
    <link:definitionArc order='1.0' xbrldt:closed='true' xbrldt:contextElement='segment' xlink:arcrole='http://xbrl.org/int/dim/arcrole/all' xlink:from='loc_SummaryOfInvestmentHoldingsLineItems' xlink:to='loc_SummaryOfInvestmentHoldingsTable' xlink:type='arc' />
  </link:definitionLink>
  <link:definitionLink xlink:role='http://fasb.org/us-gaap/role/disclosure/SummaryOfInvestmentHoldingsSummaryOfInvestmentHoldingsTable' xlink:type='extended'>
    <link:loc xlink:href='../elts/us-gaap-2024.xsd#us-gaap_SummaryOfInvestmentHoldingsTable' xlink:label='loc_SummaryOfInvestmentHoldingsTable' xlink:type='locator' />
    <link:loc xlink:href='../elts/us-gaap-2024.xsd#us-gaap_InvestmentIdentifierAxis' xlink:label='loc_InvestmentIdentifierAxis' xlink:type='locator' />
    <link:loc xlink:href='../elts/us-gaap-2024.xsd#us-gaap_SecuritySoldShortIdentifierAxis' xlink:label='loc_SecuritySoldShortIdentifierAxis' xlink:type='locator' />
    <link:loc xlink:href='../elts/us-gaap-2024.xsd#us-gaap_OpenOptionContractIdentifierAxis' xlink:label='loc_OpenOptionContractIdentifierAxis' xlink:type='locator' />
    <link:loc xlink:href='../elts/us-gaap-2024.xsd#us-gaap_OpenFuturesContractIdentifierAxis' xlink:label='loc_OpenFuturesContractIdentifierAxis' xlink:type='locator' />
    <link:loc xlink:href='../elts/us-gaap-2024.xsd#us-gaap_OpenForwardForeignCurrencyContractIdentifierAxis' xlink:label='loc_OpenForwardForeignCurrencyContractIdentifierAxis' xlink:type='locator' />
    <link:loc xlink:href='../elts/us-gaap-2024.xsd#us-gaap_OpenSwapContractIdentifierAxis' xlink:label='loc_OpenSwapContractIdentifierAxis' xlink:type='locator' />
    <link:loc xlink:href='../elts/us-gaap-2024.xsd#us-gaap_InvestmentIssuerAffiliationAxis' xlink:label='loc_InvestmentIssuerAffiliationAxis' xlink:type='locator' />
    <link:loc xlink:href='../elts/us-gaap-2024.xsd#us-gaap_InvestmentTypeAxis' xlink:label='loc_InvestmentTypeAxis' xlink:type='locator' />
    <link:loc xlink:href='../elts/us-gaap-2024.xsd#us-gaap_DerivativeInstrumentRiskAxis' xlink:label='loc_DerivativeInstrumentRiskAxis' xlink:type='locator' />
    <link:loc xlink:href='../elts/us-gaap-2024.xsd#us-gaap_EquitySecuritiesByIndustryAxis' xlink:label='loc_EquitySecuritiesByIndustryAxis' xlink:type='locator' />
    <link:loc xlink:href='https://xbrl.fasb.org/srt/2024/elts/srt-2024.xsd#srt_StatementGeographicalAxis' xlink:label='loc_StatementGeographicalAxis' xlink:type='locator' />
    <link:loc xlink:href='../elts/us-gaap-2024.xsd#us-gaap_InvestmentIssuerNameAxis' xlink:label='loc_InvestmentIssuerNameAxis' xlink:type='locator' />
    <link:definitionArc order='1.0' xlink:arcrole='http://xbrl.org/int/dim/arcrole/hypercube-dimension' xlink:from='loc_SummaryOfInvestmentHoldingsTable' xlink:to='loc_InvestmentIdentifierAxis' xlink:type='arc' />
    <link:definitionArc order='2.0' xlink:arcrole='http://xbrl.org/int/dim/arcrole/hypercube-dimension' xlink:from='loc_SummaryOfInvestmentHoldingsTable' xlink:to='loc_SecuritySoldShortIdentifierAxis' xlink:type='arc' />
    <link:definitionArc order='3.0' xlink:arcrole='http://xbrl.org/int/dim/arcrole/hypercube-dimension' xlink:from='loc_SummaryOfInvestmentHoldingsTable' xlink:to='loc_OpenOptionContractIdentifierAxis' xlink:type='arc' />
    <link:definitionArc order='4.0' xlink:arcrole='http://xbrl.org/int/dim/arcrole/hypercube-dimension' xlink:from='loc_SummaryOfInvestmentHoldingsTable' xlink:to='loc_OpenFuturesContractIdentifierAxis' xlink:type='arc' />
    <link:definitionArc order='5.0' xlink:arcrole='http://xbrl.org/int/dim/arcrole/hypercube-dimension' xlink:from='loc_SummaryOfInvestmentHoldingsTable' xlink:to='loc_OpenForwardForeignCurrencyContractIdentifierAxis' xlink:type='arc' />
    <link:definitionArc order='6.0' xlink:arcrole='http://xbrl.org/int/dim/arcrole/hypercube-dimension' xlink:from='loc_SummaryOfInvestmentHoldingsTable' xlink:to='loc_OpenSwapContractIdentifierAxis' xlink:type='arc' />
    <link:definitionArc order='7.0' xlink:arcrole='http://xbrl.org/int/dim/arcrole/hypercube-dimension' xlink:from='loc_SummaryOfInvestmentHoldingsTable' xlink:to='loc_InvestmentIssuerAffiliationAxis' xlink:type='arc' />
    <link:definitionArc order='8.0' xlink:arcrole='http://xbrl.org/int/dim/arcrole/hypercube-dimension' xlink:from='loc_SummaryOfInvestmentHoldingsTable' xlink:to='loc_InvestmentTypeAxis' xlink:type='arc' />
    <link:definitionArc order='9.0' xlink:arcrole='http://xbrl.org/int/dim/arcrole/hypercube-dimension' xlink:from='loc_SummaryOfInvestmentHoldingsTable' xlink:to='loc_DerivativeInstrumentRiskAxis' xlink:type='arc' />
    <link:definitionArc order='10.0' xlink:arcrole='http://xbrl.org/int/dim/arcrole/hypercube-dimension' xlink:from='loc_SummaryOfInvestmentHoldingsTable' xlink:to='loc_EquitySecuritiesByIndustryAxis' xlink:type='arc' />
    <link:definitionArc order='11.0' xlink:arcrole='http://xbrl.org/int/dim/arcrole/hypercube-dimension' xlink:from='loc_SummaryOfInvestmentHoldingsTable' xlink:to='loc_StatementGeographicalAxis' xlink:type='arc' />
    <link:definitionArc order='12.0' xlink:arcrole='http://xbrl.org/int/dim/arcrole/hypercube-dimension' xlink:from='loc_SummaryOfInvestmentHoldingsTable' xlink:to='loc_InvestmentIssuerNameAxis' xlink:type='arc' />
  </link:definitionLink>
  <link:definitionLink xlink:role='http://fasb.org/us-gaap/role/disclosure/SummaryOfInvestmentHoldingsSummaryOfInvestmentHoldingsTable' xlink:type='extended'>
    <link:loc xlink:href='../elts/us-gaap-2024.xsd#us-gaap_InvestmentIssuerAffiliationAxis' xlink:label='loc_InvestmentIssuerAffiliationAxis' xlink:type='locator' />
    <link:loc xlink:href='../elts/us-gaap-2024.xsd#us-gaap_InvestmentIssuerAffiliationDomain' xlink:label='loc_InvestmentIssuerAffiliationDomain' xlink:type='locator' />
    <link:loc xlink:href='../elts/us-gaap-2024.xsd#us-gaap_InvestmentTypeAxis' xlink:label='loc_InvestmentTypeAxis' xlink:type='locator' />
    <link:loc xlink:href='../elts/us-gaap-2024.xsd#us-gaap_InvestmentTypeCategorizationMember' xlink:label='loc_InvestmentTypeCategorizationMember' xlink:type='locator' />
    <link:loc xlink:href='../elts/us-gaap-2024.xsd#us-gaap_DerivativeInstrumentRiskAxis' xlink:label='loc_DerivativeInstrumentRiskAxis' xlink:type='locator' />
    <link:loc xlink:href='../elts/us-gaap-2024.xsd#us-gaap_DerivativeContractTypeDomain' xlink:label='loc_DerivativeContractTypeDomain' xlink:type='locator' />
    <link:loc xlink:href='../elts/us-gaap-2024.xsd#us-gaap_EquitySecuritiesByIndustryAxis' xlink:label='loc_EquitySecuritiesByIndustryAxis' xlink:type='locator' />
    <link:loc xlink:href='../elts/us-gaap-2024.xsd#us-gaap_EquitySecuritiesIndustryMember' xlink:label='loc_EquitySecuritiesIndustryMember' xlink:type='locator' />
    <link:loc xlink:href='https://xbrl.fasb.org/srt/2024/elts/srt-2024.xsd#srt_StatementGeographicalAxis' xlink:label='loc_StatementGeographicalAxis' xlink:type='locator' />
    <link:loc xlink:href='https://xbrl.fasb.org/srt/2024/elts/srt-2024.xsd#srt_SegmentGeographicalDomain' xlink:label='loc_SegmentGeographicalDomain' xlink:type='locator' />
    <link:loc xlink:href='../elts/us-gaap-2024.xsd#us-gaap_InvestmentIssuerNameAxis' xlink:label='loc_InvestmentIssuerNameAxis' xlink:type='locator' />
    <link:loc xlink:href='../elts/us-gaap-2024.xsd#us-gaap_InvestmentIssuerNameDomain' xlink:label='loc_InvestmentIssuerNameDomain' xlink:type='locator' />
    <link:definitionArc order='1.0' xlink:arcrole='http://xbrl.org/int/dim/arcrole/dimension-domain' xlink:from='loc_InvestmentIssuerAffiliationAxis' xlink:to='loc_InvestmentIssuerAffiliationDomain' xlink:type='arc' />
    <link:definitionArc order='2.0' xlink:arcrole='http://xbrl.org/int/dim/arcrole/dimension-domain' xlink:from='loc_InvestmentTypeAxis' xlink:to='loc_InvestmentTypeCategorizationMember' xlink:type='arc' />
    <link:definitionArc order='3.0' xlink:arcrole='http://xbrl.org/int/dim/arcrole/dimension-domain' xlink:from='loc_DerivativeInstrumentRiskAxis' xlink:to='loc_DerivativeContractTypeDomain' xlink:type='arc' />
    <link:definitionArc order='4.0' xlink:arcrole='http://xbrl.org/int/dim/arcrole/dimension-domain' xlink:from='loc_EquitySecuritiesByIndustryAxis' xlink:to='loc_EquitySecuritiesIndustryMember' xlink:type='arc' />
    <link:definitionArc order='5.0' xlink:arcrole='http://xbrl.org/int/dim/arcrole/dimension-domain' xlink:from='loc_StatementGeographicalAxis' xlink:to='loc_SegmentGeographicalDomain' xlink:type='arc' />
    <link:definitionArc order='6.0' xlink:arcrole='http://xbrl.org/int/dim/arcrole/dimension-domain' xlink:from='loc_InvestmentIssuerNameAxis' xlink:to='loc_InvestmentIssuerNameDomain' xlink:type='arc' />
  </link:definitionLink>
  <link:definitionLink xlink:role='http://fasb.org/us-gaap/role/disclosure/SummaryOfInvestmentHoldingsSummaryOfInvestmentHoldingsTable' xlink:type='extended'>
    <link:loc xlink:href='../elts/us-gaap-2024.xsd#us-gaap_InvestmentIssuerAffiliationAxis' xlink:label='loc_InvestmentIssuerAffiliationAxis' xlink:type='locator' />
    <link:loc xlink:href='../elts/us-gaap-2024.xsd#us-gaap_InvestmentIssuerAffiliationDomain' xlink:label='loc_InvestmentIssuerAffiliationDomain' xlink:type='locator' />
    <link:loc xlink:href='../elts/us-gaap-2024.xsd#us-gaap_InvestmentTypeAxis' xlink:label='loc_InvestmentTypeAxis' xlink:type='locator' />
    <link:loc xlink:href='../elts/us-gaap-2024.xsd#us-gaap_InvestmentTypeCategorizationMember' xlink:label='loc_InvestmentTypeCategorizationMember' xlink:type='locator' />
    <link:loc xlink:href='../elts/us-gaap-2024.xsd#us-gaap_DerivativeInstrumentRiskAxis' xlink:label='loc_DerivativeInstrumentRiskAxis' xlink:type='locator' />
    <link:loc xlink:href='../elts/us-gaap-2024.xsd#us-gaap_DerivativeContractTypeDomain' xlink:label='loc_DerivativeContractTypeDomain' xlink:type='locator' />
    <link:loc xlink:href='../elts/us-gaap-2024.xsd#us-gaap_EquitySecuritiesByIndustryAxis' xlink:label='loc_EquitySecuritiesByIndustryAxis' xlink:type='locator' />
    <link:loc xlink:href='../elts/us-gaap-2024.xsd#us-gaap_EquitySecuritiesIndustryMember' xlink:label='loc_EquitySecuritiesIndustryMember' xlink:type='locator' />
    <link:loc xlink:href='https://xbrl.fasb.org/srt/2024/elts/srt-2024.xsd#srt_StatementGeographicalAxis' xlink:label='loc_StatementGeographicalAxis' xlink:type='locator' />
    <link:loc xlink:href='https://xbrl.fasb.org/srt/2024/elts/srt-2024.xsd#srt_SegmentGeographicalDomain' xlink:label='loc_SegmentGeographicalDomain' xlink:type='locator' />
    <link:loc xlink:href='../elts/us-gaap-2024.xsd#us-gaap_InvestmentIssuerNameAxis' xlink:label='loc_InvestmentIssuerNameAxis' xlink:type='locator' />
    <link:loc xlink:href='../elts/us-gaap-2024.xsd#us-gaap_InvestmentIssuerNameDomain' xlink:label='loc_InvestmentIssuerNameDomain' xlink:type='locator' />
    <link:definitionArc order='1.0' xlink:arcrole='http://xbrl.org/int/dim/arcrole/dimension-default' xlink:from='loc_InvestmentIssuerAffiliationAxis' xlink:to='loc_InvestmentIssuerAffiliationDomain' xlink:type='arc' />
    <link:definitionArc order='2.0' xlink:arcrole='http://xbrl.org/int/dim/arcrole/dimension-default' xlink:from='loc_InvestmentTypeAxis' xlink:to='loc_InvestmentTypeCategorizationMember' xlink:type='arc' />
    <link:definitionArc order='3.0' xlink:arcrole='http://xbrl.org/int/dim/arcrole/dimension-default' xlink:from='loc_DerivativeInstrumentRiskAxis' xlink:to='loc_DerivativeContractTypeDomain' xlink:type='arc' />
    <link:definitionArc order='4.0' xlink:arcrole='http://xbrl.org/int/dim/arcrole/dimension-default' xlink:from='loc_EquitySecuritiesByIndustryAxis' xlink:to='loc_EquitySecuritiesIndustryMember' xlink:type='arc' />
    <link:definitionArc order='5.0' xlink:arcrole='http://xbrl.org/int/dim/arcrole/dimension-default' xlink:from='loc_StatementGeographicalAxis' xlink:to='loc_SegmentGeographicalDomain' xlink:type='arc' />
    <link:definitionArc order='6.0' xlink:arcrole='http://xbrl.org/int/dim/arcrole/dimension-default' xlink:from='loc_InvestmentIssuerNameAxis' xlink:to='loc_InvestmentIssuerNameDomain' xlink:type='arc' />
  </link:definitionLink>
  <link:definitionLink xlink:role='http://fasb.org/us-gaap/role/disclosure/SummaryOfInvestmentHoldingsSummaryOfInvestmentHoldingsTable' xlink:type='extended'>
    <link:loc xlink:href='../elts/us-gaap-2024.xsd#us-gaap_SummaryOfInvestmentHoldingsLineItems' xlink:label='loc_SummaryOfInvestmentHoldingsLineItems' xlink:type='locator' />
    <link:loc xlink:href='../elts/us-gaap-2024.xsd#us-gaap_InvestmentOwnedBalanceAbstract' xlink:label='loc_InvestmentOwnedBalanceAbstract' xlink:type='locator' />
    <link:loc xlink:href='../elts/us-gaap-2024.xsd#us-gaap_InvestmentOwnedBalanceShares' xlink:label='loc_InvestmentOwnedBalanceShares' xlink:type='locator' />
    <link:loc xlink:href='../elts/us-gaap-2024.xsd#us-gaap_InvestmentOwnedBalancePrincipalAmount' xlink:label='loc_InvestmentOwnedBalancePrincipalAmount' xlink:type='locator' />
    <link:loc xlink:href='../elts/us-gaap-2024.xsd#us-gaap_InvestmentOwnedBalanceContracts' xlink:label='loc_InvestmentOwnedBalanceContracts' xlink:type='locator' />
    <link:loc xlink:href='../elts/us-gaap-2024.xsd#us-gaap_InvestmentOwnedBalanceOtherMeasure' xlink:label='loc_InvestmentOwnedBalanceOtherMeasure' xlink:type='locator' />
    <link:loc xlink:href='../elts/us-gaap-2024.xsd#us-gaap_InvestmentOwnedAtFairValue' xlink:label='loc_InvestmentOwnedAtFairValue' xlink:type='locator' />
    <link:loc xlink:href='../elts/us-gaap-2024.xsd#us-gaap_InvestmentOwnedUnderlyingFaceAmountAtMarketValue' xlink:label='loc_InvestmentOwnedUnderlyingFaceAmountAtMarketValue' xlink:type='locator' />
    <link:loc xlink:href='../elts/us-gaap-2024.xsd#us-gaap_InvestmentOwnedAtCost' xlink:label='loc_InvestmentOwnedAtCost' xlink:type='locator' />
    <link:loc xlink:href='../elts/us-gaap-2024.xsd#us-gaap_InvestmentOwnedPercentOfNetAssets' xlink:label='loc_InvestmentOwnedPercentOfNetAssets' xlink:type='locator' />
    <link:loc xlink:href='../elts/us-gaap-2024.xsd#us-gaap_InvestmentInPhysicalCommodities' xlink:label='loc_InvestmentInPhysicalCommodities' xlink:type='locator' />
    <link:loc xlink:href='../elts/us-gaap-2024.xsd#us-gaap_InvestmentOwnedForeignCurrencyContractReportingCurrencyAmountCurrentValue' xlink:label='loc_InvestmentOwnedForeignCurrencyContractReportingCurrencyAmountCurrentValue' xlink:type='locator' />
    <link:loc xlink:href='../elts/us-gaap-2024.xsd#us-gaap_InvestmentCompanyInvesteePortfolioNotAvailable' xlink:label='loc_InvestmentCompanyInvesteePortfolioNotAvailable' xlink:type='locator' />
    <link:loc xlink:href='../elts/us-gaap-2024.xsd#us-gaap_InvestmentCompanyInvestmentOwnedInvestmentObjective' xlink:label='loc_InvestmentCompanyInvestmentOwnedInvestmentObjective' xlink:type='locator' />
    <link:loc xlink:href='../elts/us-gaap-2024.xsd#us-gaap_InvestmentCompanyInvestmentOwnedCreditEnhancement' xlink:label='loc_InvestmentCompanyInvestmentOwnedCreditEnhancement' xlink:type='locator' />
    <link:loc xlink:href='../elts/us-gaap-2024.xsd#us-gaap_LetterOfCreditIssuerNameExtensibleEnumeration' xlink:label='loc_LetterOfCreditIssuerNameExtensibleEnumeration' xlink:type='locator' />
    <link:loc xlink:href='../elts/us-gaap-2024.xsd#us-gaap_RestrictedInvestmentsNoteAbstract' xlink:label='loc_RestrictedInvestmentsNoteAbstract' xlink:type='locator' />
    <link:loc xlink:href='../elts/us-gaap-2024.xsd#us-gaap_RestrictedInvestmentsAtFairValue' xlink:label='loc_RestrictedInvestmentsAtFairValue' xlink:type='locator' />
    <link:loc xlink:href='../elts/us-gaap-2024.xsd#us-gaap_InvestmentOwnedRestrictedCost' xlink:label='loc_InvestmentOwnedRestrictedCost' xlink:type='locator' />
    <link:loc xlink:href='../elts/us-gaap-2024.xsd#us-gaap_RestrictedInvestmentsPercentOfNetAssets' xlink:label='loc_RestrictedInvestmentsPercentOfNetAssets' xlink:type='locator' />
    <link:loc xlink:href='../elts/us-gaap-2024.xsd#us-gaap_InvestmentHoldingsSupplementalFlagsAbstract' xlink:label='loc_InvestmentHoldingsSupplementalFlagsAbstract' xlink:type='locator' />
    <link:loc xlink:href='../elts/us-gaap-2024.xsd#us-gaap_InvestmentOwnedFromCashCollateralReceivedFromInvestmentsOnLoanFlag' xlink:label='loc_InvestmentOwnedFromCashCollateralReceivedFromInvestmentsOnLoanFlag' xlink:type='locator' />
    <link:loc xlink:href='../elts/us-gaap-2024.xsd#us-gaap_InvestmentOwnedPaymentInKindFlag' xlink:label='loc_InvestmentOwnedPaymentInKindFlag' xlink:type='locator' />
    <link:loc xlink:href='../elts/us-gaap-2024.xsd#us-gaap_InvestmentOwnedValuedByTrusteesFlag1' xlink:label='loc_InvestmentOwnedValuedByTrusteesFlag1' xlink:type='locator' />
    <link:loc xlink:href='../elts/us-gaap-2024.xsd#us-gaap_InvestmentOwnedZeroBalanceMayReflectAmountRoundedToZeroFlag1' xlink:label='loc_InvestmentOwnedZeroBalanceMayReflectAmountRoundedToZeroFlag1' xlink:type='locator' />
    <link:loc xlink:href='../elts/us-gaap-2024.xsd#us-gaap_InvestmentOwnedPledgedFlag' xlink:label='loc_InvestmentOwnedPledgedFlag' xlink:type='locator' />
    <link:loc xlink:href='../elts/us-gaap-2024.xsd#us-gaap_SecuritySoldShortAbstract' xlink:label='loc_SecuritySoldShortAbstract' xlink:type='locator' />
    <link:loc xlink:href='../elts/us-gaap-2024.xsd#us-gaap_InvestmentSoldNotYetPurchasedBalanceAbstract' xlink:label='loc_InvestmentSoldNotYetPurchasedBalanceAbstract' xlink:type='locator' />
    <link:loc xlink:href='../elts/us-gaap-2024.xsd#us-gaap_InvestmentSoldNotYetPurchasedBalanceShares' xlink:label='loc_InvestmentSoldNotYetPurchasedBalanceShares' xlink:type='locator' />
    <link:loc xlink:href='../elts/us-gaap-2024.xsd#us-gaap_InvestmentSoldNotYetPurchasedBalancePrincipalAmount' xlink:label='loc_InvestmentSoldNotYetPurchasedBalancePrincipalAmount' xlink:type='locator' />
    <link:loc xlink:href='../elts/us-gaap-2024.xsd#us-gaap_InvestmentSoldNotYetPurchasedAtFairValue' xlink:label='loc_InvestmentSoldNotYetPurchasedAtFairValue' xlink:type='locator' />
    <link:loc xlink:href='../elts/us-gaap-2024.xsd#us-gaap_InvestmentSoldNotYetPurchasedSaleProceeds' xlink:label='loc_InvestmentSoldNotYetPurchasedSaleProceeds' xlink:type='locator' />
    <link:loc xlink:href='../elts/us-gaap-2024.xsd#us-gaap_InvestmentSoldNotYetPurchasedPercentOfNetAssets' xlink:label='loc_InvestmentSoldNotYetPurchasedPercentOfNetAssets' xlink:type='locator' />
    <link:loc xlink:href='../elts/us-gaap-2024.xsd#us-gaap_DerivativeAbstract' xlink:label='loc_DerivativeAbstract' xlink:type='locator' />
    <link:loc xlink:href='../elts/us-gaap-2024.xsd#us-gaap_DerivativeAssets' xlink:label='loc_DerivativeAssets' xlink:type='locator' />
    <link:loc xlink:href='../elts/us-gaap-2024.xsd#us-gaap_DerivativeAssetTypeExtensibleList' xlink:label='loc_DerivativeAssetTypeExtensibleList' xlink:type='locator' />
    <link:loc xlink:href='../elts/us-gaap-2024.xsd#us-gaap_DerivativeLiabilities' xlink:label='loc_DerivativeLiabilities' xlink:type='locator' />
    <link:loc xlink:href='../elts/us-gaap-2024.xsd#us-gaap_DerivativeLiabilityTypeExtensibleList' xlink:label='loc_DerivativeLiabilityTypeExtensibleList' xlink:type='locator' />
    <link:loc xlink:href='../elts/us-gaap-2024.xsd#us-gaap_DerivativeNetAssetsPercentage' xlink:label='loc_DerivativeNetAssetsPercentage' xlink:type='locator' />
    <link:loc xlink:href='../elts/us-gaap-2024.xsd#us-gaap_InvestmentExtensibleEnumerationAbstract' xlink:label='loc_InvestmentExtensibleEnumerationAbstract' xlink:type='locator' />
    <link:loc xlink:href='../elts/us-gaap-2024.xsd#us-gaap_InvestmentTypeExtensibleEnumeration' xlink:label='loc_InvestmentTypeExtensibleEnumeration' xlink:type='locator' />
    <link:loc xlink:href='../elts/us-gaap-2024.xsd#us-gaap_InvestmentIssuerAffiliationExtensibleEnumeration' xlink:label='loc_InvestmentIssuerAffiliationExtensibleEnumeration' xlink:type='locator' />
    <link:loc xlink:href='../elts/us-gaap-2024.xsd#us-gaap_InvestmentIssuerNameExtensibleEnumeration' xlink:label='loc_InvestmentIssuerNameExtensibleEnumeration' xlink:type='locator' />
    <link:loc xlink:href='../elts/us-gaap-2024.xsd#us-gaap_InvestmentIndustrySectorExtensibleEnumeration' xlink:label='loc_InvestmentIndustrySectorExtensibleEnumeration' xlink:type='locator' />
    <link:loc xlink:href='../elts/us-gaap-2024.xsd#us-gaap_InvestmentIssuerGeographicRegionExtensibleEnumeration' xlink:label='loc_InvestmentIssuerGeographicRegionExtensibleEnumeration' xlink:type='locator' />
    <link:loc xlink:href='../elts/us-gaap-2024.xsd#us-gaap_InvestmentIssuerGeographicRegionBasisExtensibleEnumeration' xlink:label='loc_InvestmentIssuerGeographicRegionBasisExtensibleEnumeration' xlink:type='locator' />
    <link:loc xlink:href='../elts/us-gaap-2024.xsd#us-gaap_InvestmentVariableInterestRateTypeExtensibleEnumeration' xlink:label='loc_InvestmentVariableInterestRateTypeExtensibleEnumeration' xlink:type='locator' />
    <link:loc xlink:href='../elts/us-gaap-2024.xsd#us-gaap_SecuritiesBorrowedCounterpartyNameExtensibleList' xlink:label='loc_SecuritiesBorrowedCounterpartyNameExtensibleList' xlink:type='locator' />
    <link:definitionArc order='1.0' xlink:arcrole='http://xbrl.org/int/dim/arcrole/domain-member' xlink:from='loc_SummaryOfInvestmentHoldingsLineItems' xlink:to='loc_InvestmentOwnedBalanceAbstract' xlink:type='arc' />
    <link:definitionArc order='2.0' xlink:arcrole='http://xbrl.org/int/dim/arcrole/domain-member' xlink:from='loc_InvestmentOwnedBalanceAbstract' xlink:to='loc_InvestmentOwnedBalanceShares' xlink:type='arc' />
    <link:definitionArc order='3.0' xlink:arcrole='http://xbrl.org/int/dim/arcrole/domain-member' xlink:from='loc_InvestmentOwnedBalanceAbstract' xlink:to='loc_InvestmentOwnedBalancePrincipalAmount' xlink:type='arc' />
    <link:definitionArc order='4.0' xlink:arcrole='http://xbrl.org/int/dim/arcrole/domain-member' xlink:from='loc_InvestmentOwnedBalanceAbstract' xlink:to='loc_InvestmentOwnedBalanceContracts' xlink:type='arc' />
    <link:definitionArc order='5.0' xlink:arcrole='http://xbrl.org/int/dim/arcrole/domain-member' xlink:from='loc_InvestmentOwnedBalanceAbstract' xlink:to='loc_InvestmentOwnedBalanceOtherMeasure' xlink:type='arc' />
    <link:definitionArc order='6.0' xlink:arcrole='http://xbrl.org/int/dim/arcrole/domain-member' xlink:from='loc_SummaryOfInvestmentHoldingsLineItems' xlink:to='loc_InvestmentOwnedAtFairValue' xlink:type='arc' />
    <link:definitionArc order='7.0' xlink:arcrole='http://xbrl.org/int/dim/arcrole/domain-member' xlink:from='loc_SummaryOfInvestmentHoldingsLineItems' xlink:to='loc_InvestmentOwnedUnderlyingFaceAmountAtMarketValue' xlink:type='arc' />
    <link:definitionArc order='8.0' xlink:arcrole='http://xbrl.org/int/dim/arcrole/domain-member' xlink:from='loc_SummaryOfInvestmentHoldingsLineItems' xlink:to='loc_InvestmentOwnedAtCost' xlink:type='arc' />
    <link:definitionArc order='9.0' xlink:arcrole='http://xbrl.org/int/dim/arcrole/domain-member' xlink:from='loc_SummaryOfInvestmentHoldingsLineItems' xlink:to='loc_InvestmentOwnedPercentOfNetAssets' xlink:type='arc' />
    <link:definitionArc order='10.0' xlink:arcrole='http://xbrl.org/int/dim/arcrole/domain-member' xlink:from='loc_SummaryOfInvestmentHoldingsLineItems' xlink:to='loc_InvestmentInPhysicalCommodities' xlink:type='arc' />
    <link:definitionArc order='11.0' xlink:arcrole='http://xbrl.org/int/dim/arcrole/domain-member' xlink:from='loc_SummaryOfInvestmentHoldingsLineItems' xlink:to='loc_InvestmentOwnedForeignCurrencyContractReportingCurrencyAmountCurrentValue' xlink:type='arc' />
    <link:definitionArc order='12.0' xlink:arcrole='http://xbrl.org/int/dim/arcrole/domain-member' xlink:from='loc_SummaryOfInvestmentHoldingsLineItems' xlink:to='loc_InvestmentCompanyInvesteePortfolioNotAvailable' xlink:type='arc' />
    <link:definitionArc order='13.0' xlink:arcrole='http://xbrl.org/int/dim/arcrole/domain-member' xlink:from='loc_SummaryOfInvestmentHoldingsLineItems' xlink:to='loc_InvestmentCompanyInvestmentOwnedInvestmentObjective' xlink:type='arc' />
    <link:definitionArc order='14.0' xlink:arcrole='http://xbrl.org/int/dim/arcrole/domain-member' xlink:from='loc_SummaryOfInvestmentHoldingsLineItems' xlink:to='loc_InvestmentCompanyInvestmentOwnedCreditEnhancement' xlink:type='arc' />
    <link:definitionArc order='15.0' xlink:arcrole='http://xbrl.org/int/dim/arcrole/domain-member' xlink:from='loc_SummaryOfInvestmentHoldingsLineItems' xlink:to='loc_LetterOfCreditIssuerNameExtensibleEnumeration' xlink:type='arc' />
    <link:definitionArc order='16.0' xlink:arcrole='http://xbrl.org/int/dim/arcrole/domain-member' xlink:from='loc_SummaryOfInvestmentHoldingsLineItems' xlink:to='loc_RestrictedInvestmentsNoteAbstract' xlink:type='arc' />
    <link:definitionArc order='17.0' xlink:arcrole='http://xbrl.org/int/dim/arcrole/domain-member' xlink:from='loc_RestrictedInvestmentsNoteAbstract' xlink:to='loc_RestrictedInvestmentsAtFairValue' xlink:type='arc' />
    <link:definitionArc order='18.0' xlink:arcrole='http://xbrl.org/int/dim/arcrole/domain-member' xlink:from='loc_RestrictedInvestmentsNoteAbstract' xlink:to='loc_InvestmentOwnedRestrictedCost' xlink:type='arc' />
    <link:definitionArc order='19.0' xlink:arcrole='http://xbrl.org/int/dim/arcrole/domain-member' xlink:from='loc_RestrictedInvestmentsNoteAbstract' xlink:to='loc_RestrictedInvestmentsPercentOfNetAssets' xlink:type='arc' />
    <link:definitionArc order='20.0' xlink:arcrole='http://xbrl.org/int/dim/arcrole/domain-member' xlink:from='loc_SummaryOfInvestmentHoldingsLineItems' xlink:to='loc_InvestmentHoldingsSupplementalFlagsAbstract' xlink:type='arc' />
    <link:definitionArc order='21.0' xlink:arcrole='http://xbrl.org/int/dim/arcrole/domain-member' xlink:from='loc_InvestmentHoldingsSupplementalFlagsAbstract' xlink:to='loc_InvestmentOwnedFromCashCollateralReceivedFromInvestmentsOnLoanFlag' xlink:type='arc' />
    <link:definitionArc order='22.0' xlink:arcrole='http://xbrl.org/int/dim/arcrole/domain-member' xlink:from='loc_InvestmentHoldingsSupplementalFlagsAbstract' xlink:to='loc_InvestmentOwnedPaymentInKindFlag' xlink:type='arc' />
    <link:definitionArc order='23.0' xlink:arcrole='http://xbrl.org/int/dim/arcrole/domain-member' xlink:from='loc_InvestmentHoldingsSupplementalFlagsAbstract' xlink:to='loc_InvestmentOwnedValuedByTrusteesFlag1' xlink:type='arc' />
    <link:definitionArc order='24.0' xlink:arcrole='http://xbrl.org/int/dim/arcrole/domain-member' xlink:from='loc_InvestmentHoldingsSupplementalFlagsAbstract' xlink:to='loc_InvestmentOwnedZeroBalanceMayReflectAmountRoundedToZeroFlag1' xlink:type='arc' />
    <link:definitionArc order='25.0' xlink:arcrole='http://xbrl.org/int/dim/arcrole/domain-member' xlink:from='loc_InvestmentHoldingsSupplementalFlagsAbstract' xlink:to='loc_InvestmentOwnedPledgedFlag' xlink:type='arc' />
    <link:definitionArc order='26.0' xlink:arcrole='http://xbrl.org/int/dim/arcrole/domain-member' xlink:from='loc_SummaryOfInvestmentHoldingsLineItems' xlink:to='loc_SecuritySoldShortAbstract' xlink:type='arc' />
    <link:definitionArc order='27.0' xlink:arcrole='http://xbrl.org/int/dim/arcrole/domain-member' xlink:from='loc_SecuritySoldShortAbstract' xlink:to='loc_InvestmentSoldNotYetPurchasedBalanceAbstract' xlink:type='arc' />
    <link:definitionArc order='28.0' xlink:arcrole='http://xbrl.org/int/dim/arcrole/domain-member' xlink:from='loc_InvestmentSoldNotYetPurchasedBalanceAbstract' xlink:to='loc_InvestmentSoldNotYetPurchasedBalanceShares' xlink:type='arc' />
    <link:definitionArc order='29.0' xlink:arcrole='http://xbrl.org/int/dim/arcrole/domain-member' xlink:from='loc_InvestmentSoldNotYetPurchasedBalanceAbstract' xlink:to='loc_InvestmentSoldNotYetPurchasedBalancePrincipalAmount' xlink:type='arc' />
    <link:definitionArc order='30.0' xlink:arcrole='http://xbrl.org/int/dim/arcrole/domain-member' xlink:from='loc_SecuritySoldShortAbstract' xlink:to='loc_InvestmentSoldNotYetPurchasedAtFairValue' xlink:type='arc' />
    <link:definitionArc order='31.0' xlink:arcrole='http://xbrl.org/int/dim/arcrole/domain-member' xlink:from='loc_SecuritySoldShortAbstract' xlink:to='loc_InvestmentSoldNotYetPurchasedSaleProceeds' xlink:type='arc' />
    <link:definitionArc order='32.0' xlink:arcrole='http://xbrl.org/int/dim/arcrole/domain-member' xlink:from='loc_SecuritySoldShortAbstract' xlink:to='loc_InvestmentSoldNotYetPurchasedPercentOfNetAssets' xlink:type='arc' />
    <link:definitionArc order='33.0' xlink:arcrole='http://xbrl.org/int/dim/arcrole/domain-member' xlink:from='loc_SummaryOfInvestmentHoldingsLineItems' xlink:to='loc_DerivativeAbstract' xlink:type='arc' />
    <link:definitionArc order='34.0' xlink:arcrole='http://xbrl.org/int/dim/arcrole/domain-member' xlink:from='loc_DerivativeAbstract' xlink:to='loc_DerivativeAssets' xlink:type='arc' />
    <link:definitionArc order='35.0' xlink:arcrole='http://xbrl.org/int/dim/arcrole/domain-member' xlink:from='loc_DerivativeAssets' xlink:to='loc_DerivativeAssetTypeExtensibleList' xlink:type='arc' />
    <link:definitionArc order='36.0' xlink:arcrole='http://xbrl.org/int/dim/arcrole/domain-member' xlink:from='loc_DerivativeAbstract' xlink:to='loc_DerivativeLiabilities' xlink:type='arc' />
    <link:definitionArc order='37.0' xlink:arcrole='http://xbrl.org/int/dim/arcrole/domain-member' xlink:from='loc_DerivativeLiabilities' xlink:to='loc_DerivativeLiabilityTypeExtensibleList' xlink:type='arc' />
    <link:definitionArc order='38.0' xlink:arcrole='http://xbrl.org/int/dim/arcrole/domain-member' xlink:from='loc_DerivativeAbstract' xlink:to='loc_DerivativeNetAssetsPercentage' xlink:type='arc' />
    <link:definitionArc order='39.0' xlink:arcrole='http://xbrl.org/int/dim/arcrole/domain-member' xlink:from='loc_SummaryOfInvestmentHoldingsLineItems' xlink:to='loc_InvestmentExtensibleEnumerationAbstract' xlink:type='arc' />
    <link:definitionArc order='40.0' xlink:arcrole='http://xbrl.org/int/dim/arcrole/domain-member' xlink:from='loc_InvestmentExtensibleEnumerationAbstract' xlink:to='loc_InvestmentTypeExtensibleEnumeration' xlink:type='arc' />
    <link:definitionArc order='41.0' xlink:arcrole='http://xbrl.org/int/dim/arcrole/domain-member' xlink:from='loc_InvestmentExtensibleEnumerationAbstract' xlink:to='loc_InvestmentIssuerAffiliationExtensibleEnumeration' xlink:type='arc' />
    <link:definitionArc order='42.0' xlink:arcrole='http://xbrl.org/int/dim/arcrole/domain-member' xlink:from='loc_InvestmentExtensibleEnumerationAbstract' xlink:to='loc_InvestmentIssuerNameExtensibleEnumeration' xlink:type='arc' />
    <link:definitionArc order='43.0' xlink:arcrole='http://xbrl.org/int/dim/arcrole/domain-member' xlink:from='loc_InvestmentExtensibleEnumerationAbstract' xlink:to='loc_InvestmentIndustrySectorExtensibleEnumeration' xlink:type='arc' />
    <link:definitionArc order='44.0' xlink:arcrole='http://xbrl.org/int/dim/arcrole/domain-member' xlink:from='loc_InvestmentExtensibleEnumerationAbstract' xlink:to='loc_InvestmentIssuerGeographicRegionExtensibleEnumeration' xlink:type='arc' />
    <link:definitionArc order='45.0' xlink:arcrole='http://xbrl.org/int/dim/arcrole/domain-member' xlink:from='loc_InvestmentExtensibleEnumerationAbstract' xlink:to='loc_InvestmentIssuerGeographicRegionBasisExtensibleEnumeration' xlink:type='arc' />
    <link:definitionArc order='46.0' xlink:arcrole='http://xbrl.org/int/dim/arcrole/domain-member' xlink:from='loc_InvestmentExtensibleEnumerationAbstract' xlink:to='loc_InvestmentVariableInterestRateTypeExtensibleEnumeration' xlink:type='arc' />
    <link:definitionArc order='47.0' xlink:arcrole='http://xbrl.org/int/dim/arcrole/domain-member' xlink:from='loc_InvestmentExtensibleEnumerationAbstract' xlink:to='loc_SecuritiesBorrowedCounterpartyNameExtensibleList' xlink:type='arc' />
  </link:definitionLink>
  <link:definitionLink xlink:role='http://fasb.org/us-gaap/role/disclosure/SummaryOfInvestmentHoldingsSummaryOfInvestmentHoldingsTable' xlink:type='extended'>
    <link:loc xlink:href='../elts/us-gaap-2024.xsd#us-gaap_InvestmentIssuerAffiliationDomain' xlink:label='loc_InvestmentIssuerAffiliationDomain' xlink:type='locator' />
    <link:loc xlink:href='../elts/us-gaap-2024.xsd#us-gaap_InvestmentUnaffiliatedIssuerMember' xlink:label='loc_InvestmentUnaffiliatedIssuerMember' xlink:type='locator' />
    <link:loc xlink:href='../elts/us-gaap-2024.xsd#us-gaap_InvestmentAffiliatedIssuerMember' xlink:label='loc_InvestmentAffiliatedIssuerMember' xlink:type='locator' />
    <link:loc xlink:href='../elts/us-gaap-2024.xsd#us-gaap_InvestmentAffiliatedIssuerControlledMember' xlink:label='loc_InvestmentAffiliatedIssuerControlledMember' xlink:type='locator' />
    <link:loc xlink:href='../elts/us-gaap-2024.xsd#us-gaap_InvestmentsInMajorityOwnedSubsidiariesMember' xlink:label='loc_InvestmentsInMajorityOwnedSubsidiariesMember' xlink:type='locator' />
    <link:loc xlink:href='../elts/us-gaap-2024.xsd#us-gaap_OtherControlledCompaniesMember' xlink:label='loc_OtherControlledCompaniesMember' xlink:type='locator' />
    <link:loc xlink:href='../elts/us-gaap-2024.xsd#us-gaap_InvestmentAffiliatedIssuerNoncontrolledMember' xlink:label='loc_InvestmentAffiliatedIssuerNoncontrolledMember' xlink:type='locator' />
    <link:loc xlink:href='../elts/us-gaap-2024.xsd#us-gaap_InvestmentTypeCategorizationMember' xlink:label='loc_InvestmentTypeCategorizationMember' xlink:type='locator' />
    <link:loc xlink:href='../elts/us-gaap-2024.xsd#us-gaap_SecuritiesInvestmentMember' xlink:label='loc_SecuritiesInvestmentMember' xlink:type='locator' />
    <link:loc xlink:href='../elts/us-gaap-2024.xsd#us-gaap_EquitySecuritiesMember' xlink:label='loc_EquitySecuritiesMember' xlink:type='locator' />
    <link:loc xlink:href='../elts/us-gaap-2024.xsd#us-gaap_CommonStockMember' xlink:label='loc_CommonStockMember' xlink:type='locator' />
    <link:loc xlink:href='../elts/us-gaap-2024.xsd#us-gaap_PreferredStockMember' xlink:label='loc_PreferredStockMember' xlink:type='locator' />
    <link:loc xlink:href='../elts/us-gaap-2024.xsd#us-gaap_PreferredNonConvertibleStockMember' xlink:label='loc_PreferredNonConvertibleStockMember' xlink:type='locator' />
    <link:loc xlink:href='../elts/us-gaap-2024.xsd#us-gaap_ConvertiblePreferredStockMember' xlink:label='loc_ConvertiblePreferredStockMember' xlink:type='locator' />
    <link:loc xlink:href='../elts/us-gaap-2024.xsd#us-gaap_ContingentConvertiblePreferredStockMember' xlink:label='loc_ContingentConvertiblePreferredStockMember' xlink:type='locator' />
    <link:loc xlink:href='../elts/us-gaap-2024.xsd#us-gaap_NonredeemablePreferredStockMember' xlink:label='loc_NonredeemablePreferredStockMember' xlink:type='locator' />
    <link:loc xlink:href='../elts/us-gaap-2024.xsd#us-gaap_RedeemablePreferredStockMember' xlink:label='loc_RedeemablePreferredStockMember' xlink:type='locator' />
    <link:loc xlink:href='../elts/us-gaap-2024.xsd#us-gaap_RightsMember' xlink:label='loc_RightsMember' xlink:type='locator' />
    <link:loc xlink:href='../elts/us-gaap-2024.xsd#us-gaap_WarrantMember' xlink:label='loc_WarrantMember' xlink:type='locator' />
    <link:loc xlink:href='../elts/us-gaap-2024.xsd#us-gaap_FixedIncomeInvestmentsMember' xlink:label='loc_FixedIncomeInvestmentsMember' xlink:type='locator' />
    <link:loc xlink:href='../elts/us-gaap-2024.xsd#us-gaap_AssetBackedSecuritiesMember' xlink:label='loc_AssetBackedSecuritiesMember' xlink:type='locator' />
    <link:loc xlink:href='../elts/us-gaap-2024.xsd#us-gaap_CollateralizedMortgageObligationsMember' xlink:label='loc_CollateralizedMortgageObligationsMember' xlink:type='locator' />
    <link:loc xlink:href='../elts/us-gaap-2024.xsd#us-gaap_CorporateDebtSecuritiesMember' xlink:label='loc_CorporateDebtSecuritiesMember' xlink:type='locator' />
    <link:loc xlink:href='../elts/us-gaap-2024.xsd#us-gaap_CorporateBondSecuritiesMember' xlink:label='loc_CorporateBondSecuritiesMember' xlink:type='locator' />
    <link:loc xlink:href='../elts/us-gaap-2024.xsd#us-gaap_CorporateNoteSecuritiesMember' xlink:label='loc_CorporateNoteSecuritiesMember' xlink:type='locator' />
    <link:loc xlink:href='../elts/us-gaap-2024.xsd#us-gaap_ConvertibleDebtSecuritiesMember' xlink:label='loc_ConvertibleDebtSecuritiesMember' xlink:type='locator' />
    <link:loc xlink:href='../elts/us-gaap-2024.xsd#us-gaap_CommodityIndexLinkedNotesMember' xlink:label='loc_CommodityIndexLinkedNotesMember' xlink:type='locator' />
    <link:loc xlink:href='../elts/us-gaap-2024.xsd#us-gaap_CommercialPaperMember' xlink:label='loc_CommercialPaperMember' xlink:type='locator' />
    <link:loc xlink:href='../elts/us-gaap-2024.xsd#us-gaap_ForeignGovernmentDebtSecuritiesMember' xlink:label='loc_ForeignGovernmentDebtSecuritiesMember' xlink:type='locator' />
    <link:loc xlink:href='../elts/us-gaap-2024.xsd#us-gaap_ForeignGovernmentShorttermDebtSecuritiesMember' xlink:label='loc_ForeignGovernmentShorttermDebtSecuritiesMember' xlink:type='locator' />
    <link:loc xlink:href='../elts/us-gaap-2024.xsd#us-gaap_MunicipalBondsMember' xlink:label='loc_MunicipalBondsMember' xlink:type='locator' />
    <link:loc xlink:href='../elts/us-gaap-2024.xsd#us-gaap_TaxableMunicipalBondsMember' xlink:label='loc_TaxableMunicipalBondsMember' xlink:type='locator' />
    <link:loc xlink:href='../elts/us-gaap-2024.xsd#us-gaap_NontaxableMunicipalBondsMember' xlink:label='loc_NontaxableMunicipalBondsMember' xlink:type='locator' />
    <link:loc xlink:href='../elts/us-gaap-2024.xsd#us-gaap_MunicipalNotesMember' xlink:label='loc_MunicipalNotesMember' xlink:type='locator' />
    <link:loc xlink:href='../elts/us-gaap-2024.xsd#us-gaap_TaxableMunicipalNotesMember' xlink:label='loc_TaxableMunicipalNotesMember' xlink:type='locator' />
    <link:loc xlink:href='../elts/us-gaap-2024.xsd#us-gaap_NontaxableMunicipalNotesMember' xlink:label='loc_NontaxableMunicipalNotesMember' xlink:type='locator' />
    <link:loc xlink:href='../elts/us-gaap-2024.xsd#us-gaap_ShortTermDebtMember' xlink:label='loc_ShortTermDebtMember' xlink:type='locator' />
    <link:loc xlink:href='../elts/us-gaap-2024.xsd#us-gaap_SovereignDebtSecuritiesMember' xlink:label='loc_SovereignDebtSecuritiesMember' xlink:type='locator' />
    <link:loc xlink:href='../elts/us-gaap-2024.xsd#us-gaap_SeniorNotesMember' xlink:label='loc_SeniorNotesMember' xlink:type='locator' />
    <link:loc xlink:href='../elts/us-gaap-2024.xsd#us-gaap_SeniorLoansMember' xlink:label='loc_SeniorLoansMember' xlink:type='locator' />
    <link:loc xlink:href='../elts/us-gaap-2024.xsd#us-gaap_SubordinatedDebtMember' xlink:label='loc_SubordinatedDebtMember' xlink:type='locator' />
    <link:loc xlink:href='../elts/us-gaap-2024.xsd#us-gaap_SeniorSubordinatedNotesMember' xlink:label='loc_SeniorSubordinatedNotesMember' xlink:type='locator' />
    <link:loc xlink:href='../elts/us-gaap-2024.xsd#us-gaap_SeniorSubordinatedLoansMember' xlink:label='loc_SeniorSubordinatedLoansMember' xlink:type='locator' />
    <link:loc xlink:href='../elts/us-gaap-2024.xsd#us-gaap_JuniorLoansMember' xlink:label='loc_JuniorLoansMember' xlink:type='locator' />
    <link:loc xlink:href='../elts/us-gaap-2024.xsd#us-gaap_JuniorNotesMember' xlink:label='loc_JuniorNotesMember' xlink:type='locator' />
    <link:loc xlink:href='../elts/us-gaap-2024.xsd#us-gaap_JuniorSubordinatedDebtMember' xlink:label='loc_JuniorSubordinatedDebtMember' xlink:type='locator' />
    <link:loc xlink:href='../elts/us-gaap-2024.xsd#us-gaap_UnitrancheDebtMember' xlink:label='loc_UnitrancheDebtMember' xlink:type='locator' />
    <link:loc xlink:href='../elts/us-gaap-2024.xsd#us-gaap_USTreasuryAndGovernmentMember' xlink:label='loc_USTreasuryAndGovernmentMember' xlink:type='locator' />
    <link:loc xlink:href='../elts/us-gaap-2024.xsd#us-gaap_USTreasurySecuritiesMember' xlink:label='loc_USTreasurySecuritiesMember' xlink:type='locator' />
    <link:loc xlink:href='../elts/us-gaap-2024.xsd#us-gaap_USTreasuryNotesSecuritiesMember' xlink:label='loc_USTreasuryNotesSecuritiesMember' xlink:type='locator' />
    <link:loc xlink:href='../elts/us-gaap-2024.xsd#us-gaap_USTreasuryBondSecuritiesMember' xlink:label='loc_USTreasuryBondSecuritiesMember' xlink:type='locator' />
    <link:loc xlink:href='../elts/us-gaap-2024.xsd#us-gaap_USTreasuryBillSecuritiesMember' xlink:label='loc_USTreasuryBillSecuritiesMember' xlink:type='locator' />
    <link:loc xlink:href='../elts/us-gaap-2024.xsd#us-gaap_USTreasuryAndGovernmentShorttermDebtSecuritiesMember' xlink:label='loc_USTreasuryAndGovernmentShorttermDebtSecuritiesMember' xlink:type='locator' />
    <link:loc xlink:href='../elts/us-gaap-2024.xsd#us-gaap_USGovernmentAgenciesShorttermDebtSecuritiesMember' xlink:label='loc_USGovernmentAgenciesShorttermDebtSecuritiesMember' xlink:type='locator' />
    <link:loc xlink:href='../elts/us-gaap-2024.xsd#us-gaap_FederalHomeLoanBankCertificatesAndObligationsFHLBMember' xlink:label='loc_FederalHomeLoanBankCertificatesAndObligationsFHLBMember' xlink:type='locator' />
    <link:loc xlink:href='../elts/us-gaap-2024.xsd#us-gaap_FederalHomeLoanMortgageCorporationCertificatesAndObligationsFHLMCMember' xlink:label='loc_FederalHomeLoanMortgageCorporationCertificatesAndObligationsFHLMCMember' xlink:type='locator' />
    <link:loc xlink:href='../elts/us-gaap-2024.xsd#us-gaap_FederalHousingAdministrationCertificatesAndObligationsFHAMember' xlink:label='loc_FederalHousingAdministrationCertificatesAndObligationsFHAMember' xlink:type='locator' />
    <link:loc xlink:href='../elts/us-gaap-2024.xsd#us-gaap_FederalNationalMortgageAssociationCertificatesAndObligationsFNMAMember' xlink:label='loc_FederalNationalMortgageAssociationCertificatesAndObligationsFNMAMember' xlink:type='locator' />
    <link:loc xlink:href='../elts/us-gaap-2024.xsd#us-gaap_GovernmentNationalMortgageAssociationCertificatesAndObligationsGNMAMember' xlink:label='loc_GovernmentNationalMortgageAssociationCertificatesAndObligationsGNMAMember' xlink:type='locator' />
    <link:loc xlink:href='../elts/us-gaap-2024.xsd#us-gaap_AuctionRatePreferredSecuritiesMember' xlink:label='loc_AuctionRatePreferredSecuritiesMember' xlink:type='locator' />
    <link:loc xlink:href='../elts/us-gaap-2024.xsd#us-gaap_AdjustableRateLoansMember' xlink:label='loc_AdjustableRateLoansMember' xlink:type='locator' />
    <link:loc xlink:href='../elts/us-gaap-2024.xsd#us-gaap_BankersAcceptanceMember' xlink:label='loc_BankersAcceptanceMember' xlink:type='locator' />
    <link:loc xlink:href='../elts/us-gaap-2024.xsd#us-gaap_BankLoanObligationsMember' xlink:label='loc_BankLoanObligationsMember' xlink:type='locator' />
    <link:loc xlink:href='../elts/us-gaap-2024.xsd#us-gaap_DeferrableNotesMember' xlink:label='loc_DeferrableNotesMember' xlink:type='locator' />
    <link:loc xlink:href='../elts/us-gaap-2024.xsd#us-gaap_LoanParticipationsAndAssignmentsMember' xlink:label='loc_LoanParticipationsAndAssignmentsMember' xlink:type='locator' />
    <link:loc xlink:href='../elts/us-gaap-2024.xsd#us-gaap_PaymentInKindPIKNoteMember' xlink:label='loc_PaymentInKindPIKNoteMember' xlink:type='locator' />
    <link:loc xlink:href='../elts/us-gaap-2024.xsd#us-gaap_IncomeNotesMember' xlink:label='loc_IncomeNotesMember' xlink:type='locator' />
    <link:loc xlink:href='../elts/us-gaap-2024.xsd#us-gaap_RepurchaseAgreementsMember' xlink:label='loc_RepurchaseAgreementsMember' xlink:type='locator' />
    <link:loc xlink:href='../elts/us-gaap-2024.xsd#us-gaap_VariableRateDemandObligationMember' xlink:label='loc_VariableRateDemandObligationMember' xlink:type='locator' />
    <link:loc xlink:href='../elts/us-gaap-2024.xsd#us-gaap_CashAndCashEquivalentsMember' xlink:label='loc_CashAndCashEquivalentsMember' xlink:type='locator' />
    <link:loc xlink:href='../elts/us-gaap-2024.xsd#us-gaap_CertificatesOfDepositMember' xlink:label='loc_CertificatesOfDepositMember' xlink:type='locator' />
    <link:loc xlink:href='../elts/us-gaap-2024.xsd#us-gaap_EuroDollarCertificatesOfDepositMember' xlink:label='loc_EuroDollarCertificatesOfDepositMember' xlink:type='locator' />
    <link:loc xlink:href='../elts/us-gaap-2024.xsd#us-gaap_MoneyMarketFundsMember' xlink:label='loc_MoneyMarketFundsMember' xlink:type='locator' />
    <link:loc xlink:href='../elts/us-gaap-2024.xsd#us-gaap_TaxableMoneyMarketFundsMember' xlink:label='loc_TaxableMoneyMarketFundsMember' xlink:type='locator' />
    <link:loc xlink:href='../elts/us-gaap-2024.xsd#us-gaap_TaxexemptMoneyMarketFundsMember' xlink:label='loc_TaxexemptMoneyMarketFundsMember' xlink:type='locator' />
    <link:loc xlink:href='../elts/us-gaap-2024.xsd#us-gaap_OtherAggregatedInvestmentsMember' xlink:label='loc_OtherAggregatedInvestmentsMember' xlink:type='locator' />
    <link:loc xlink:href='../elts/us-gaap-2024.xsd#us-gaap_OtherInvestmentCompaniesMember' xlink:label='loc_OtherInvestmentCompaniesMember' xlink:type='locator' />
    <link:loc xlink:href='../elts/us-gaap-2024.xsd#us-gaap_OtherThanSecuritiesInvestmentMember' xlink:label='loc_OtherThanSecuritiesInvestmentMember' xlink:type='locator' />
    <link:loc xlink:href='../elts/us-gaap-2024.xsd#us-gaap_CommoditiesInvestmentMember' xlink:label='loc_CommoditiesInvestmentMember' xlink:type='locator' />
    <link:loc xlink:href='../elts/us-gaap-2024.xsd#us-gaap_EquityFundsMember' xlink:label='loc_EquityFundsMember' xlink:type='locator' />
    <link:loc xlink:href='../elts/us-gaap-2024.xsd#us-gaap_ExchangeTradedFundsMember' xlink:label='loc_ExchangeTradedFundsMember' xlink:type='locator' />
    <link:loc xlink:href='../elts/us-gaap-2024.xsd#us-gaap_FixedIncomeFundsMember' xlink:label='loc_FixedIncomeFundsMember' xlink:type='locator' />
    <link:loc xlink:href='../elts/us-gaap-2024.xsd#us-gaap_PrivateEquityFundsMember' xlink:label='loc_PrivateEquityFundsMember' xlink:type='locator' />
    <link:loc xlink:href='../elts/us-gaap-2024.xsd#us-gaap_PrivateEquityFundsDomesticMember' xlink:label='loc_PrivateEquityFundsDomesticMember' xlink:type='locator' />
    <link:loc xlink:href='../elts/us-gaap-2024.xsd#us-gaap_PrivateEquityFundsForeignMember' xlink:label='loc_PrivateEquityFundsForeignMember' xlink:type='locator' />
    <link:loc xlink:href='../elts/us-gaap-2024.xsd#us-gaap_HedgeFundsMember' xlink:label='loc_HedgeFundsMember' xlink:type='locator' />
    <link:loc xlink:href='../elts/us-gaap-2024.xsd#us-gaap_HedgeFundsEquityMember' xlink:label='loc_HedgeFundsEquityMember' xlink:type='locator' />
    <link:loc xlink:href='../elts/us-gaap-2024.xsd#us-gaap_HedgeFundsEventDrivenMember' xlink:label='loc_HedgeFundsEventDrivenMember' xlink:type='locator' />
    <link:loc xlink:href='../elts/us-gaap-2024.xsd#us-gaap_HedgeFundsGlobalOpportunityMember' xlink:label='loc_HedgeFundsGlobalOpportunityMember' xlink:type='locator' />
    <link:loc xlink:href='../elts/us-gaap-2024.xsd#us-gaap_HedgeFundsMultistrategyMember' xlink:label='loc_HedgeFundsMultistrategyMember' xlink:type='locator' />
    <link:loc xlink:href='../elts/us-gaap-2024.xsd#us-gaap_RealEstateFundsMember' xlink:label='loc_RealEstateFundsMember' xlink:type='locator' />
    <link:loc xlink:href='../elts/us-gaap-2024.xsd#us-gaap_VentureCapitalFundsMember' xlink:label='loc_VentureCapitalFundsMember' xlink:type='locator' />
    <link:loc xlink:href='../elts/us-gaap-2024.xsd#us-gaap_DerivativeContractTypeDomain' xlink:label='loc_DerivativeContractTypeDomain' xlink:type='locator' />
    <link:loc xlink:href='../elts/us-gaap-2024.xsd#us-gaap_ForeignExchangeForwardMember' xlink:label='loc_ForeignExchangeForwardMember' xlink:type='locator' />
    <link:loc xlink:href='../elts/us-gaap-2024.xsd#us-gaap_FutureMember' xlink:label='loc_FutureMember' xlink:type='locator' />
    <link:loc xlink:href='../elts/us-gaap-2024.xsd#us-gaap_OptionMember' xlink:label='loc_OptionMember' xlink:type='locator' />
    <link:loc xlink:href='../elts/us-gaap-2024.xsd#us-gaap_CommodityOptionMember' xlink:label='loc_CommodityOptionMember' xlink:type='locator' />
    <link:loc xlink:href='../elts/us-gaap-2024.xsd#us-gaap_ExchangeTradedOptionsMember' xlink:label='loc_ExchangeTradedOptionsMember' xlink:type='locator' />
    <link:loc xlink:href='../elts/us-gaap-2024.xsd#us-gaap_ForeignExchangeOptionMember' xlink:label='loc_ForeignExchangeOptionMember' xlink:type='locator' />
    <link:loc xlink:href='../elts/us-gaap-2024.xsd#us-gaap_OptionOnSecuritiesMember' xlink:label='loc_OptionOnSecuritiesMember' xlink:type='locator' />
    <link:loc xlink:href='../elts/us-gaap-2024.xsd#us-gaap_SwapMember' xlink:label='loc_SwapMember' xlink:type='locator' />
    <link:loc xlink:href='../elts/us-gaap-2024.xsd#us-gaap_CreditDefaultSwapMember' xlink:label='loc_CreditDefaultSwapMember' xlink:type='locator' />
    <link:loc xlink:href='../elts/us-gaap-2024.xsd#us-gaap_CurrencySwapMember' xlink:label='loc_CurrencySwapMember' xlink:type='locator' />
    <link:loc xlink:href='../elts/us-gaap-2024.xsd#us-gaap_InterestRateSwapMember' xlink:label='loc_InterestRateSwapMember' xlink:type='locator' />
    <link:loc xlink:href='../elts/us-gaap-2024.xsd#us-gaap_TotalReturnSwapMember' xlink:label='loc_TotalReturnSwapMember' xlink:type='locator' />
    <link:loc xlink:href='../elts/us-gaap-2024.xsd#us-gaap_VarianceSwapMember' xlink:label='loc_VarianceSwapMember' xlink:type='locator' />
    <link:loc xlink:href='../elts/us-gaap-2024.xsd#us-gaap_SwaptionMember' xlink:label='loc_SwaptionMember' xlink:type='locator' />
    <link:loc xlink:href='../elts/us-gaap-2024.xsd#us-gaap_CreditDefaultSwaptionMember' xlink:label='loc_CreditDefaultSwaptionMember' xlink:type='locator' />
    <link:loc xlink:href='../elts/us-gaap-2024.xsd#us-gaap_InterestRateSwaptionMember' xlink:label='loc_InterestRateSwaptionMember' xlink:type='locator' />
    <link:loc xlink:href='../elts/us-gaap-2024.xsd#us-gaap_EquitySecuritiesIndustryMember' xlink:label='loc_EquitySecuritiesIndustryMember' xlink:type='locator' />
    <link:loc xlink:href='../elts/us-gaap-2024.xsd#us-gaap_AerospaceSectorMember' xlink:label='loc_AerospaceSectorMember' xlink:type='locator' />
    <link:loc xlink:href='../elts/us-gaap-2024.xsd#us-gaap_AgriculturalSectorMember' xlink:label='loc_AgriculturalSectorMember' xlink:type='locator' />
    <link:loc xlink:href='../elts/us-gaap-2024.xsd#us-gaap_AutomotiveSectorMember' xlink:label='loc_AutomotiveSectorMember' xlink:type='locator' />
    <link:loc xlink:href='../elts/us-gaap-2024.xsd#us-gaap_ChemicalsSectorMember' xlink:label='loc_ChemicalsSectorMember' xlink:type='locator' />
    <link:loc xlink:href='../elts/us-gaap-2024.xsd#us-gaap_CommercialAndIndustrialSectorMember' xlink:label='loc_CommercialAndIndustrialSectorMember' xlink:type='locator' />
    <link:loc xlink:href='../elts/us-gaap-2024.xsd#us-gaap_ConstructionSectorMember' xlink:label='loc_ConstructionSectorMember' xlink:type='locator' />
    <link:loc xlink:href='../elts/us-gaap-2024.xsd#us-gaap_ConsumerSectorMember' xlink:label='loc_ConsumerSectorMember' xlink:type='locator' />
    <link:loc xlink:href='../elts/us-gaap-2024.xsd#us-gaap_ContainerAndPackagingSectorMember' xlink:label='loc_ContainerAndPackagingSectorMember' xlink:type='locator' />
    <link:loc xlink:href='../elts/us-gaap-2024.xsd#us-gaap_EnergySectorMember' xlink:label='loc_EnergySectorMember' xlink:type='locator' />
    <link:loc xlink:href='../elts/us-gaap-2024.xsd#us-gaap_EntertainmentSectorMember' xlink:label='loc_EntertainmentSectorMember' xlink:type='locator' />
    <link:loc xlink:href='../elts/us-gaap-2024.xsd#us-gaap_FinancialServicesSectorMember' xlink:label='loc_FinancialServicesSectorMember' xlink:type='locator' />
    <link:loc xlink:href='../elts/us-gaap-2024.xsd#us-gaap_FoodAndBeverageSectorMember' xlink:label='loc_FoodAndBeverageSectorMember' xlink:type='locator' />
    <link:loc xlink:href='../elts/us-gaap-2024.xsd#us-gaap_GovernmentSectorMember' xlink:label='loc_GovernmentSectorMember' xlink:type='locator' />
    <link:loc xlink:href='../elts/us-gaap-2024.xsd#us-gaap_HealthcareSectorMember' xlink:label='loc_HealthcareSectorMember' xlink:type='locator' />
    <link:loc xlink:href='../elts/us-gaap-2024.xsd#us-gaap_InsuranceSectorMember' xlink:label='loc_InsuranceSectorMember' xlink:type='locator' />
    <link:loc xlink:href='../elts/us-gaap-2024.xsd#us-gaap_RealEstateSectorMember' xlink:label='loc_RealEstateSectorMember' xlink:type='locator' />
    <link:loc xlink:href='../elts/us-gaap-2024.xsd#us-gaap_RetailSectorMember' xlink:label='loc_RetailSectorMember' xlink:type='locator' />
    <link:loc xlink:href='../elts/us-gaap-2024.xsd#us-gaap_TechnologySectorMember' xlink:label='loc_TechnologySectorMember' xlink:type='locator' />
    <link:loc xlink:href='../elts/us-gaap-2024.xsd#us-gaap_TransportationSectorMember' xlink:label='loc_TransportationSectorMember' xlink:type='locator' />
    <link:loc xlink:href='https://xbrl.fasb.org/srt/2024/elts/srt-2024.xsd#srt_SegmentGeographicalDomain' xlink:label='loc_SegmentGeographicalDomain' xlink:type='locator' />
    <link:loc xlink:href='https://xbrl.fasb.org/srt/2024/elts/srt-2024.xsd#srt_AmericasMember' xlink:label='loc_AmericasMember' xlink:type='locator' />
    <link:loc xlink:href='https://xbrl.fasb.org/srt/2024/elts/srt-2024.xsd#srt_CentralAmericaMember' xlink:label='loc_CentralAmericaMember' xlink:type='locator' />
    <link:loc xlink:href='https://xbrl.fasb.org/srt/2024/elts/srt-2024.xsd#srt_NorthAmericaMember' xlink:label='loc_NorthAmericaMember' xlink:type='locator' />
    <link:loc xlink:href='../elts/us-gaap-2024.xsd#us-gaap_EastRegionMember' xlink:label='loc_EastRegionMember' xlink:type='locator' />
    <link:loc xlink:href='../elts/us-gaap-2024.xsd#us-gaap_MidwestRegionMember' xlink:label='loc_MidwestRegionMember' xlink:type='locator' />
    <link:loc xlink:href='../elts/us-gaap-2024.xsd#us-gaap_NorthRegionMember' xlink:label='loc_NorthRegionMember' xlink:type='locator' />
    <link:loc xlink:href='../elts/us-gaap-2024.xsd#us-gaap_NortheastRegionMember' xlink:label='loc_NortheastRegionMember' xlink:type='locator' />
    <link:loc xlink:href='../elts/us-gaap-2024.xsd#us-gaap_NorthwestRegionMember' xlink:label='loc_NorthwestRegionMember' xlink:type='locator' />
    <link:loc xlink:href='../elts/us-gaap-2024.xsd#us-gaap_SouthRegionMember' xlink:label='loc_SouthRegionMember' xlink:type='locator' />
    <link:loc xlink:href='../elts/us-gaap-2024.xsd#us-gaap_SoutheastRegionMember' xlink:label='loc_SoutheastRegionMember' xlink:type='locator' />
    <link:loc xlink:href='../elts/us-gaap-2024.xsd#us-gaap_SouthwestRegionMember' xlink:label='loc_SouthwestRegionMember' xlink:type='locator' />
    <link:loc xlink:href='../elts/us-gaap-2024.xsd#us-gaap_WestRegionMember' xlink:label='loc_WestRegionMember' xlink:type='locator' />
    <link:loc xlink:href='https://xbrl.fasb.org/srt/2024/elts/srt-2024.xsd#srt_SouthAmericaMember' xlink:label='loc_SouthAmericaMember' xlink:type='locator' />
    <link:loc xlink:href='https://xbrl.fasb.org/srt/2024/elts/srt-2024.xsd#srt_AsiaMember' xlink:label='loc_AsiaMember' xlink:type='locator' />
    <link:loc xlink:href='https://xbrl.fasb.org/srt/2024/elts/srt-2024.xsd#srt_AsiaPacificMember' xlink:label='loc_AsiaPacificMember' xlink:type='locator' />
    <link:loc xlink:href='../elts/us-gaap-2024.xsd#us-gaap_EMEAMember' xlink:label='loc_EMEAMember' xlink:type='locator' />
    <link:loc xlink:href='https://xbrl.fasb.org/srt/2024/elts/srt-2024.xsd#srt_AfricaMember' xlink:label='loc_AfricaMember' xlink:type='locator' />
    <link:loc xlink:href='https://xbrl.fasb.org/srt/2024/elts/srt-2024.xsd#srt_EuropeMember' xlink:label='loc_EuropeMember' xlink:type='locator' />
    <link:loc xlink:href='../elts/us-gaap-2024.xsd#us-gaap_MiddleEastMember' xlink:label='loc_MiddleEastMember' xlink:type='locator' />
    <link:loc xlink:href='../elts/us-gaap-2024.xsd#us-gaap_EuropeanUnionMember' xlink:label='loc_EuropeanUnionMember' xlink:type='locator' />
    <link:loc xlink:href='https://xbrl.fasb.org/srt/2024/elts/srt-2024.xsd#srt_LatinAmericaMember' xlink:label='loc_LatinAmericaMember' xlink:type='locator' />
    <link:loc xlink:href='../elts/us-gaap-2024.xsd#us-gaap_NonUsMember' xlink:label='loc_NonUsMember' xlink:type='locator' />
    <link:definitionArc order='1.0' xlink:arcrole='http://xbrl.org/int/dim/arcrole/domain-member' xlink:from='loc_InvestmentIssuerAffiliationDomain' xlink:to='loc_InvestmentUnaffiliatedIssuerMember' xlink:type='arc' />
    <link:definitionArc order='2.0' xlink:arcrole='http://xbrl.org/int/dim/arcrole/domain-member' xlink:from='loc_InvestmentIssuerAffiliationDomain' xlink:to='loc_InvestmentAffiliatedIssuerMember' xlink:type='arc' />
    <link:definitionArc order='3.0' xlink:arcrole='http://xbrl.org/int/dim/arcrole/domain-member' xlink:from='loc_InvestmentAffiliatedIssuerMember' xlink:to='loc_InvestmentAffiliatedIssuerControlledMember' xlink:type='arc' />
    <link:definitionArc order='4.0' xlink:arcrole='http://xbrl.org/int/dim/arcrole/domain-member' xlink:from='loc_InvestmentAffiliatedIssuerControlledMember' xlink:to='loc_InvestmentsInMajorityOwnedSubsidiariesMember' xlink:type='arc' />
    <link:definitionArc order='5.0' xlink:arcrole='http://xbrl.org/int/dim/arcrole/domain-member' xlink:from='loc_InvestmentAffiliatedIssuerControlledMember' xlink:to='loc_OtherControlledCompaniesMember' xlink:type='arc' />
    <link:definitionArc order='6.0' xlink:arcrole='http://xbrl.org/int/dim/arcrole/domain-member' xlink:from='loc_InvestmentAffiliatedIssuerMember' xlink:to='loc_InvestmentAffiliatedIssuerNoncontrolledMember' xlink:type='arc' />
    <link:definitionArc order='7.0' xlink:arcrole='http://xbrl.org/int/dim/arcrole/domain-member' xlink:from='loc_InvestmentTypeCategorizationMember' xlink:to='loc_SecuritiesInvestmentMember' xlink:type='arc' />
    <link:definitionArc order='8.0' xlink:arcrole='http://xbrl.org/int/dim/arcrole/domain-member' xlink:from='loc_SecuritiesInvestmentMember' xlink:to='loc_EquitySecuritiesMember' xlink:type='arc' />
    <link:definitionArc order='9.0' xlink:arcrole='http://xbrl.org/int/dim/arcrole/domain-member' xlink:from='loc_EquitySecuritiesMember' xlink:to='loc_CommonStockMember' xlink:type='arc' />
    <link:definitionArc order='10.0' xlink:arcrole='http://xbrl.org/int/dim/arcrole/domain-member' xlink:from='loc_EquitySecuritiesMember' xlink:to='loc_PreferredStockMember' xlink:type='arc' />
    <link:definitionArc order='11.0' xlink:arcrole='http://xbrl.org/int/dim/arcrole/domain-member' xlink:from='loc_EquitySecuritiesMember' xlink:to='loc_PreferredNonConvertibleStockMember' xlink:type='arc' />
    <link:definitionArc order='12.0' xlink:arcrole='http://xbrl.org/int/dim/arcrole/domain-member' xlink:from='loc_EquitySecuritiesMember' xlink:to='loc_ConvertiblePreferredStockMember' xlink:type='arc' />
    <link:definitionArc order='13.0' xlink:arcrole='http://xbrl.org/int/dim/arcrole/domain-member' xlink:from='loc_EquitySecuritiesMember' xlink:to='loc_ContingentConvertiblePreferredStockMember' xlink:type='arc' />
    <link:definitionArc order='14.0' xlink:arcrole='http://xbrl.org/int/dim/arcrole/domain-member' xlink:from='loc_EquitySecuritiesMember' xlink:to='loc_NonredeemablePreferredStockMember' xlink:type='arc' />
    <link:definitionArc order='15.0' xlink:arcrole='http://xbrl.org/int/dim/arcrole/domain-member' xlink:from='loc_EquitySecuritiesMember' xlink:to='loc_RedeemablePreferredStockMember' xlink:type='arc' />
    <link:definitionArc order='16.0' xlink:arcrole='http://xbrl.org/int/dim/arcrole/domain-member' xlink:from='loc_EquitySecuritiesMember' xlink:to='loc_RightsMember' xlink:type='arc' />
    <link:definitionArc order='17.0' xlink:arcrole='http://xbrl.org/int/dim/arcrole/domain-member' xlink:from='loc_EquitySecuritiesMember' xlink:to='loc_WarrantMember' xlink:type='arc' />
    <link:definitionArc order='18.0' xlink:arcrole='http://xbrl.org/int/dim/arcrole/domain-member' xlink:from='loc_SecuritiesInvestmentMember' xlink:to='loc_FixedIncomeInvestmentsMember' xlink:type='arc' />
    <link:definitionArc order='19.0' xlink:arcrole='http://xbrl.org/int/dim/arcrole/domain-member' xlink:from='loc_FixedIncomeInvestmentsMember' xlink:to='loc_AssetBackedSecuritiesMember' xlink:type='arc' />
    <link:definitionArc order='20.0' xlink:arcrole='http://xbrl.org/int/dim/arcrole/domain-member' xlink:from='loc_FixedIncomeInvestmentsMember' xlink:to='loc_CollateralizedMortgageObligationsMember' xlink:type='arc' />
    <link:definitionArc order='21.0' xlink:arcrole='http://xbrl.org/int/dim/arcrole/domain-member' xlink:from='loc_FixedIncomeInvestmentsMember' xlink:to='loc_CorporateDebtSecuritiesMember' xlink:type='arc' />
    <link:definitionArc order='22.0' xlink:arcrole='http://xbrl.org/int/dim/arcrole/domain-member' xlink:from='loc_FixedIncomeInvestmentsMember' xlink:to='loc_CorporateBondSecuritiesMember' xlink:type='arc' />
    <link:definitionArc order='23.0' xlink:arcrole='http://xbrl.org/int/dim/arcrole/domain-member' xlink:from='loc_FixedIncomeInvestmentsMember' xlink:to='loc_CorporateNoteSecuritiesMember' xlink:type='arc' />
    <link:definitionArc order='24.0' xlink:arcrole='http://xbrl.org/int/dim/arcrole/domain-member' xlink:from='loc_FixedIncomeInvestmentsMember' xlink:to='loc_ConvertibleDebtSecuritiesMember' xlink:type='arc' />
    <link:definitionArc order='25.0' xlink:arcrole='http://xbrl.org/int/dim/arcrole/domain-member' xlink:from='loc_FixedIncomeInvestmentsMember' xlink:to='loc_CommodityIndexLinkedNotesMember' xlink:type='arc' />
    <link:definitionArc order='26.0' xlink:arcrole='http://xbrl.org/int/dim/arcrole/domain-member' xlink:from='loc_FixedIncomeInvestmentsMember' xlink:to='loc_CommercialPaperMember' xlink:type='arc' />
    <link:definitionArc order='27.0' xlink:arcrole='http://xbrl.org/int/dim/arcrole/domain-member' xlink:from='loc_FixedIncomeInvestmentsMember' xlink:to='loc_ForeignGovernmentDebtSecuritiesMember' xlink:type='arc' />
    <link:definitionArc order='28.0' xlink:arcrole='http://xbrl.org/int/dim/arcrole/domain-member' xlink:from='loc_FixedIncomeInvestmentsMember' xlink:to='loc_ForeignGovernmentShorttermDebtSecuritiesMember' xlink:type='arc' />
    <link:definitionArc order='29.0' xlink:arcrole='http://xbrl.org/int/dim/arcrole/domain-member' xlink:from='loc_FixedIncomeInvestmentsMember' xlink:to='loc_MunicipalBondsMember' xlink:type='arc' />
    <link:definitionArc order='30.0' xlink:arcrole='http://xbrl.org/int/dim/arcrole/domain-member' xlink:from='loc_MunicipalBondsMember' xlink:to='loc_TaxableMunicipalBondsMember' xlink:type='arc' />
    <link:definitionArc order='31.0' xlink:arcrole='http://xbrl.org/int/dim/arcrole/domain-member' xlink:from='loc_MunicipalBondsMember' xlink:to='loc_NontaxableMunicipalBondsMember' xlink:type='arc' />
    <link:definitionArc order='32.0' xlink:arcrole='http://xbrl.org/int/dim/arcrole/domain-member' xlink:from='loc_FixedIncomeInvestmentsMember' xlink:to='loc_MunicipalNotesMember' xlink:type='arc' />
    <link:definitionArc order='33.0' xlink:arcrole='http://xbrl.org/int/dim/arcrole/domain-member' xlink:from='loc_MunicipalNotesMember' xlink:to='loc_TaxableMunicipalNotesMember' xlink:type='arc' />
    <link:definitionArc order='34.0' xlink:arcrole='http://xbrl.org/int/dim/arcrole/domain-member' xlink:from='loc_MunicipalNotesMember' xlink:to='loc_NontaxableMunicipalNotesMember' xlink:type='arc' />
    <link:definitionArc order='35.0' xlink:arcrole='http://xbrl.org/int/dim/arcrole/domain-member' xlink:from='loc_FixedIncomeInvestmentsMember' xlink:to='loc_ShortTermDebtMember' xlink:type='arc' />
    <link:definitionArc order='36.0' xlink:arcrole='http://xbrl.org/int/dim/arcrole/domain-member' xlink:from='loc_FixedIncomeInvestmentsMember' xlink:to='loc_SovereignDebtSecuritiesMember' xlink:type='arc' />
    <link:definitionArc order='37.0' xlink:arcrole='http://xbrl.org/int/dim/arcrole/domain-member' xlink:from='loc_FixedIncomeInvestmentsMember' xlink:to='loc_SeniorNotesMember' xlink:type='arc' />
    <link:definitionArc order='38.0' xlink:arcrole='http://xbrl.org/int/dim/arcrole/domain-member' xlink:from='loc_FixedIncomeInvestmentsMember' xlink:to='loc_SeniorLoansMember' xlink:type='arc' />
    <link:definitionArc order='39.0' xlink:arcrole='http://xbrl.org/int/dim/arcrole/domain-member' xlink:from='loc_FixedIncomeInvestmentsMember' xlink:to='loc_SubordinatedDebtMember' xlink:type='arc' />
    <link:definitionArc order='40.0' xlink:arcrole='http://xbrl.org/int/dim/arcrole/domain-member' xlink:from='loc_FixedIncomeInvestmentsMember' xlink:to='loc_SeniorSubordinatedNotesMember' xlink:type='arc' />
    <link:definitionArc order='41.0' xlink:arcrole='http://xbrl.org/int/dim/arcrole/domain-member' xlink:from='loc_FixedIncomeInvestmentsMember' xlink:to='loc_SeniorSubordinatedLoansMember' xlink:type='arc' />
    <link:definitionArc order='42.0' xlink:arcrole='http://xbrl.org/int/dim/arcrole/domain-member' xlink:from='loc_FixedIncomeInvestmentsMember' xlink:to='loc_JuniorLoansMember' xlink:type='arc' />
    <link:definitionArc order='43.0' xlink:arcrole='http://xbrl.org/int/dim/arcrole/domain-member' xlink:from='loc_FixedIncomeInvestmentsMember' xlink:to='loc_JuniorNotesMember' xlink:type='arc' />
    <link:definitionArc order='44.0' xlink:arcrole='http://xbrl.org/int/dim/arcrole/domain-member' xlink:from='loc_FixedIncomeInvestmentsMember' xlink:to='loc_JuniorSubordinatedDebtMember' xlink:type='arc' />
    <link:definitionArc order='45.0' xlink:arcrole='http://xbrl.org/int/dim/arcrole/domain-member' xlink:from='loc_FixedIncomeInvestmentsMember' xlink:to='loc_UnitrancheDebtMember' xlink:type='arc' />
    <link:definitionArc order='46.0' xlink:arcrole='http://xbrl.org/int/dim/arcrole/domain-member' xlink:from='loc_FixedIncomeInvestmentsMember' xlink:to='loc_USTreasuryAndGovernmentMember' xlink:type='arc' />
    <link:definitionArc order='47.0' xlink:arcrole='http://xbrl.org/int/dim/arcrole/domain-member' xlink:from='loc_USTreasuryAndGovernmentMember' xlink:to='loc_USTreasurySecuritiesMember' xlink:type='arc' />
    <link:definitionArc order='48.0' xlink:arcrole='http://xbrl.org/int/dim/arcrole/domain-member' xlink:from='loc_USTreasuryAndGovernmentMember' xlink:to='loc_USTreasuryNotesSecuritiesMember' xlink:type='arc' />
    <link:definitionArc order='49.0' xlink:arcrole='http://xbrl.org/int/dim/arcrole/domain-member' xlink:from='loc_USTreasuryAndGovernmentMember' xlink:to='loc_USTreasuryBondSecuritiesMember' xlink:type='arc' />
    <link:definitionArc order='50.0' xlink:arcrole='http://xbrl.org/int/dim/arcrole/domain-member' xlink:from='loc_USTreasuryAndGovernmentMember' xlink:to='loc_USTreasuryBillSecuritiesMember' xlink:type='arc' />
    <link:definitionArc order='51.0' xlink:arcrole='http://xbrl.org/int/dim/arcrole/domain-member' xlink:from='loc_USTreasuryAndGovernmentMember' xlink:to='loc_USTreasuryAndGovernmentShorttermDebtSecuritiesMember' xlink:type='arc' />
    <link:definitionArc order='52.0' xlink:arcrole='http://xbrl.org/int/dim/arcrole/domain-member' xlink:from='loc_USTreasuryAndGovernmentMember' xlink:to='loc_USGovernmentAgenciesShorttermDebtSecuritiesMember' xlink:type='arc' />
    <link:definitionArc order='53.0' xlink:arcrole='http://xbrl.org/int/dim/arcrole/domain-member' xlink:from='loc_FixedIncomeInvestmentsMember' xlink:to='loc_FederalHomeLoanBankCertificatesAndObligationsFHLBMember' xlink:type='arc' />
    <link:definitionArc order='54.0' xlink:arcrole='http://xbrl.org/int/dim/arcrole/domain-member' xlink:from='loc_FixedIncomeInvestmentsMember' xlink:to='loc_FederalHomeLoanMortgageCorporationCertificatesAndObligationsFHLMCMember' xlink:type='arc' />
    <link:definitionArc order='55.0' xlink:arcrole='http://xbrl.org/int/dim/arcrole/domain-member' xlink:from='loc_FixedIncomeInvestmentsMember' xlink:to='loc_FederalHousingAdministrationCertificatesAndObligationsFHAMember' xlink:type='arc' />
    <link:definitionArc order='56.0' xlink:arcrole='http://xbrl.org/int/dim/arcrole/domain-member' xlink:from='loc_FixedIncomeInvestmentsMember' xlink:to='loc_FederalNationalMortgageAssociationCertificatesAndObligationsFNMAMember' xlink:type='arc' />
    <link:definitionArc order='57.0' xlink:arcrole='http://xbrl.org/int/dim/arcrole/domain-member' xlink:from='loc_FixedIncomeInvestmentsMember' xlink:to='loc_GovernmentNationalMortgageAssociationCertificatesAndObligationsGNMAMember' xlink:type='arc' />
    <link:definitionArc order='58.0' xlink:arcrole='http://xbrl.org/int/dim/arcrole/domain-member' xlink:from='loc_FixedIncomeInvestmentsMember' xlink:to='loc_AuctionRatePreferredSecuritiesMember' xlink:type='arc' />
    <link:definitionArc order='59.0' xlink:arcrole='http://xbrl.org/int/dim/arcrole/domain-member' xlink:from='loc_FixedIncomeInvestmentsMember' xlink:to='loc_AdjustableRateLoansMember' xlink:type='arc' />
    <link:definitionArc order='60.0' xlink:arcrole='http://xbrl.org/int/dim/arcrole/domain-member' xlink:from='loc_FixedIncomeInvestmentsMember' xlink:to='loc_BankersAcceptanceMember' xlink:type='arc' />
    <link:definitionArc order='61.0' xlink:arcrole='http://xbrl.org/int/dim/arcrole/domain-member' xlink:from='loc_FixedIncomeInvestmentsMember' xlink:to='loc_BankLoanObligationsMember' xlink:type='arc' />
    <link:definitionArc order='62.0' xlink:arcrole='http://xbrl.org/int/dim/arcrole/domain-member' xlink:from='loc_FixedIncomeInvestmentsMember' xlink:to='loc_DeferrableNotesMember' xlink:type='arc' />
    <link:definitionArc order='63.0' xlink:arcrole='http://xbrl.org/int/dim/arcrole/domain-member' xlink:from='loc_FixedIncomeInvestmentsMember' xlink:to='loc_LoanParticipationsAndAssignmentsMember' xlink:type='arc' />
    <link:definitionArc order='64.0' xlink:arcrole='http://xbrl.org/int/dim/arcrole/domain-member' xlink:from='loc_FixedIncomeInvestmentsMember' xlink:to='loc_PaymentInKindPIKNoteMember' xlink:type='arc' />
    <link:definitionArc order='65.0' xlink:arcrole='http://xbrl.org/int/dim/arcrole/domain-member' xlink:from='loc_FixedIncomeInvestmentsMember' xlink:to='loc_IncomeNotesMember' xlink:type='arc' />
    <link:definitionArc order='66.0' xlink:arcrole='http://xbrl.org/int/dim/arcrole/domain-member' xlink:from='loc_FixedIncomeInvestmentsMember' xlink:to='loc_RepurchaseAgreementsMember' xlink:type='arc' />
    <link:definitionArc order='67.0' xlink:arcrole='http://xbrl.org/int/dim/arcrole/domain-member' xlink:from='loc_FixedIncomeInvestmentsMember' xlink:to='loc_VariableRateDemandObligationMember' xlink:type='arc' />
    <link:definitionArc order='68.0' xlink:arcrole='http://xbrl.org/int/dim/arcrole/domain-member' xlink:from='loc_SecuritiesInvestmentMember' xlink:to='loc_CashAndCashEquivalentsMember' xlink:type='arc' />
    <link:definitionArc order='69.0' xlink:arcrole='http://xbrl.org/int/dim/arcrole/domain-member' xlink:from='loc_SecuritiesInvestmentMember' xlink:to='loc_CertificatesOfDepositMember' xlink:type='arc' />
    <link:definitionArc order='70.0' xlink:arcrole='http://xbrl.org/int/dim/arcrole/domain-member' xlink:from='loc_SecuritiesInvestmentMember' xlink:to='loc_EuroDollarCertificatesOfDepositMember' xlink:type='arc' />
    <link:definitionArc order='71.0' xlink:arcrole='http://xbrl.org/int/dim/arcrole/domain-member' xlink:from='loc_SecuritiesInvestmentMember' xlink:to='loc_MoneyMarketFundsMember' xlink:type='arc' />
    <link:definitionArc order='72.0' xlink:arcrole='http://xbrl.org/int/dim/arcrole/domain-member' xlink:from='loc_MoneyMarketFundsMember' xlink:to='loc_TaxableMoneyMarketFundsMember' xlink:type='arc' />
    <link:definitionArc order='73.0' xlink:arcrole='http://xbrl.org/int/dim/arcrole/domain-member' xlink:from='loc_MoneyMarketFundsMember' xlink:to='loc_TaxexemptMoneyMarketFundsMember' xlink:type='arc' />
    <link:definitionArc order='74.0' xlink:arcrole='http://xbrl.org/int/dim/arcrole/domain-member' xlink:from='loc_SecuritiesInvestmentMember' xlink:to='loc_OtherAggregatedInvestmentsMember' xlink:type='arc' />
    <link:definitionArc order='75.0' xlink:arcrole='http://xbrl.org/int/dim/arcrole/domain-member' xlink:from='loc_SecuritiesInvestmentMember' xlink:to='loc_OtherInvestmentCompaniesMember' xlink:type='arc' />
    <link:definitionArc order='76.0' xlink:arcrole='http://xbrl.org/int/dim/arcrole/domain-member' xlink:from='loc_InvestmentTypeCategorizationMember' xlink:to='loc_OtherThanSecuritiesInvestmentMember' xlink:type='arc' />
    <link:definitionArc order='77.0' xlink:arcrole='http://xbrl.org/int/dim/arcrole/domain-member' xlink:from='loc_OtherThanSecuritiesInvestmentMember' xlink:to='loc_CommoditiesInvestmentMember' xlink:type='arc' />
    <link:definitionArc order='78.0' xlink:arcrole='http://xbrl.org/int/dim/arcrole/domain-member' xlink:from='loc_OtherThanSecuritiesInvestmentMember' xlink:to='loc_EquityFundsMember' xlink:type='arc' />
    <link:definitionArc order='79.0' xlink:arcrole='http://xbrl.org/int/dim/arcrole/domain-member' xlink:from='loc_OtherThanSecuritiesInvestmentMember' xlink:to='loc_ExchangeTradedFundsMember' xlink:type='arc' />
    <link:definitionArc order='80.0' xlink:arcrole='http://xbrl.org/int/dim/arcrole/domain-member' xlink:from='loc_OtherThanSecuritiesInvestmentMember' xlink:to='loc_FixedIncomeFundsMember' xlink:type='arc' />
    <link:definitionArc order='81.0' xlink:arcrole='http://xbrl.org/int/dim/arcrole/domain-member' xlink:from='loc_OtherThanSecuritiesInvestmentMember' xlink:to='loc_PrivateEquityFundsMember' xlink:type='arc' />
    <link:definitionArc order='82.0' xlink:arcrole='http://xbrl.org/int/dim/arcrole/domain-member' xlink:from='loc_PrivateEquityFundsMember' xlink:to='loc_PrivateEquityFundsDomesticMember' xlink:type='arc' />
    <link:definitionArc order='83.0' xlink:arcrole='http://xbrl.org/int/dim/arcrole/domain-member' xlink:from='loc_PrivateEquityFundsMember' xlink:to='loc_PrivateEquityFundsForeignMember' xlink:type='arc' />
    <link:definitionArc order='84.0' xlink:arcrole='http://xbrl.org/int/dim/arcrole/domain-member' xlink:from='loc_OtherThanSecuritiesInvestmentMember' xlink:to='loc_HedgeFundsMember' xlink:type='arc' />
    <link:definitionArc order='85.0' xlink:arcrole='http://xbrl.org/int/dim/arcrole/domain-member' xlink:from='loc_HedgeFundsMember' xlink:to='loc_HedgeFundsEquityMember' xlink:type='arc' />
    <link:definitionArc order='86.0' xlink:arcrole='http://xbrl.org/int/dim/arcrole/domain-member' xlink:from='loc_HedgeFundsMember' xlink:to='loc_HedgeFundsEventDrivenMember' xlink:type='arc' />
    <link:definitionArc order='87.0' xlink:arcrole='http://xbrl.org/int/dim/arcrole/domain-member' xlink:from='loc_HedgeFundsMember' xlink:to='loc_HedgeFundsGlobalOpportunityMember' xlink:type='arc' />
    <link:definitionArc order='88.0' xlink:arcrole='http://xbrl.org/int/dim/arcrole/domain-member' xlink:from='loc_HedgeFundsMember' xlink:to='loc_HedgeFundsMultistrategyMember' xlink:type='arc' />
    <link:definitionArc order='89.0' xlink:arcrole='http://xbrl.org/int/dim/arcrole/domain-member' xlink:from='loc_OtherThanSecuritiesInvestmentMember' xlink:to='loc_RealEstateFundsMember' xlink:type='arc' />
    <link:definitionArc order='90.0' xlink:arcrole='http://xbrl.org/int/dim/arcrole/domain-member' xlink:from='loc_OtherThanSecuritiesInvestmentMember' xlink:to='loc_VentureCapitalFundsMember' xlink:type='arc' />
    <link:definitionArc order='91.0' xlink:arcrole='http://xbrl.org/int/dim/arcrole/domain-member' xlink:from='loc_DerivativeContractTypeDomain' xlink:to='loc_ForeignExchangeForwardMember' xlink:type='arc' />
    <link:definitionArc order='92.0' xlink:arcrole='http://xbrl.org/int/dim/arcrole/domain-member' xlink:from='loc_DerivativeContractTypeDomain' xlink:to='loc_FutureMember' xlink:type='arc' />
    <link:definitionArc order='93.0' xlink:arcrole='http://xbrl.org/int/dim/arcrole/domain-member' xlink:from='loc_DerivativeContractTypeDomain' xlink:to='loc_OptionMember' xlink:type='arc' />
    <link:definitionArc order='94.0' xlink:arcrole='http://xbrl.org/int/dim/arcrole/domain-member' xlink:from='loc_OptionMember' xlink:to='loc_CommodityOptionMember' xlink:type='arc' />
    <link:definitionArc order='95.0' xlink:arcrole='http://xbrl.org/int/dim/arcrole/domain-member' xlink:from='loc_OptionMember' xlink:to='loc_ExchangeTradedOptionsMember' xlink:type='arc' />
    <link:definitionArc order='96.0' xlink:arcrole='http://xbrl.org/int/dim/arcrole/domain-member' xlink:from='loc_OptionMember' xlink:to='loc_ForeignExchangeOptionMember' xlink:type='arc' />
    <link:definitionArc order='97.0' xlink:arcrole='http://xbrl.org/int/dim/arcrole/domain-member' xlink:from='loc_OptionMember' xlink:to='loc_OptionOnSecuritiesMember' xlink:type='arc' />
    <link:definitionArc order='98.0' xlink:arcrole='http://xbrl.org/int/dim/arcrole/domain-member' xlink:from='loc_DerivativeContractTypeDomain' xlink:to='loc_SwapMember' xlink:type='arc' />
    <link:definitionArc order='99.0' xlink:arcrole='http://xbrl.org/int/dim/arcrole/domain-member' xlink:from='loc_SwapMember' xlink:to='loc_CreditDefaultSwapMember' xlink:type='arc' />
    <link:definitionArc order='100.0' xlink:arcrole='http://xbrl.org/int/dim/arcrole/domain-member' xlink:from='loc_SwapMember' xlink:to='loc_CurrencySwapMember' xlink:type='arc' />
    <link:definitionArc order='101.0' xlink:arcrole='http://xbrl.org/int/dim/arcrole/domain-member' xlink:from='loc_SwapMember' xlink:to='loc_InterestRateSwapMember' xlink:type='arc' />
    <link:definitionArc order='102.0' xlink:arcrole='http://xbrl.org/int/dim/arcrole/domain-member' xlink:from='loc_SwapMember' xlink:to='loc_TotalReturnSwapMember' xlink:type='arc' />
    <link:definitionArc order='103.0' xlink:arcrole='http://xbrl.org/int/dim/arcrole/domain-member' xlink:from='loc_SwapMember' xlink:to='loc_VarianceSwapMember' xlink:type='arc' />
    <link:definitionArc order='104.0' xlink:arcrole='http://xbrl.org/int/dim/arcrole/domain-member' xlink:from='loc_DerivativeContractTypeDomain' xlink:to='loc_SwaptionMember' xlink:type='arc' />
    <link:definitionArc order='105.0' xlink:arcrole='http://xbrl.org/int/dim/arcrole/domain-member' xlink:from='loc_SwaptionMember' xlink:to='loc_CreditDefaultSwaptionMember' xlink:type='arc' />
    <link:definitionArc order='106.0' xlink:arcrole='http://xbrl.org/int/dim/arcrole/domain-member' xlink:from='loc_SwaptionMember' xlink:to='loc_InterestRateSwaptionMember' xlink:type='arc' />
    <link:definitionArc order='107.0' xlink:arcrole='http://xbrl.org/int/dim/arcrole/domain-member' xlink:from='loc_EquitySecuritiesIndustryMember' xlink:to='loc_AerospaceSectorMember' xlink:type='arc' />
    <link:definitionArc order='108.0' xlink:arcrole='http://xbrl.org/int/dim/arcrole/domain-member' xlink:from='loc_EquitySecuritiesIndustryMember' xlink:to='loc_AgriculturalSectorMember' xlink:type='arc' />
    <link:definitionArc order='109.0' xlink:arcrole='http://xbrl.org/int/dim/arcrole/domain-member' xlink:from='loc_EquitySecuritiesIndustryMember' xlink:to='loc_AutomotiveSectorMember' xlink:type='arc' />
    <link:definitionArc order='110.0' xlink:arcrole='http://xbrl.org/int/dim/arcrole/domain-member' xlink:from='loc_EquitySecuritiesIndustryMember' xlink:to='loc_ChemicalsSectorMember' xlink:type='arc' />
    <link:definitionArc order='111.0' xlink:arcrole='http://xbrl.org/int/dim/arcrole/domain-member' xlink:from='loc_EquitySecuritiesIndustryMember' xlink:to='loc_CommercialAndIndustrialSectorMember' xlink:type='arc' />
    <link:definitionArc order='112.0' xlink:arcrole='http://xbrl.org/int/dim/arcrole/domain-member' xlink:from='loc_EquitySecuritiesIndustryMember' xlink:to='loc_ConstructionSectorMember' xlink:type='arc' />
    <link:definitionArc order='113.0' xlink:arcrole='http://xbrl.org/int/dim/arcrole/domain-member' xlink:from='loc_EquitySecuritiesIndustryMember' xlink:to='loc_ConsumerSectorMember' xlink:type='arc' />
    <link:definitionArc order='114.0' xlink:arcrole='http://xbrl.org/int/dim/arcrole/domain-member' xlink:from='loc_EquitySecuritiesIndustryMember' xlink:to='loc_ContainerAndPackagingSectorMember' xlink:type='arc' />
    <link:definitionArc order='115.0' xlink:arcrole='http://xbrl.org/int/dim/arcrole/domain-member' xlink:from='loc_EquitySecuritiesIndustryMember' xlink:to='loc_EnergySectorMember' xlink:type='arc' />
    <link:definitionArc order='116.0' xlink:arcrole='http://xbrl.org/int/dim/arcrole/domain-member' xlink:from='loc_EquitySecuritiesIndustryMember' xlink:to='loc_EntertainmentSectorMember' xlink:type='arc' />
    <link:definitionArc order='117.0' xlink:arcrole='http://xbrl.org/int/dim/arcrole/domain-member' xlink:from='loc_EquitySecuritiesIndustryMember' xlink:to='loc_FinancialServicesSectorMember' xlink:type='arc' />
    <link:definitionArc order='118.0' xlink:arcrole='http://xbrl.org/int/dim/arcrole/domain-member' xlink:from='loc_EquitySecuritiesIndustryMember' xlink:to='loc_FoodAndBeverageSectorMember' xlink:type='arc' />
    <link:definitionArc order='119.0' xlink:arcrole='http://xbrl.org/int/dim/arcrole/domain-member' xlink:from='loc_EquitySecuritiesIndustryMember' xlink:to='loc_GovernmentSectorMember' xlink:type='arc' />
    <link:definitionArc order='120.0' xlink:arcrole='http://xbrl.org/int/dim/arcrole/domain-member' xlink:from='loc_EquitySecuritiesIndustryMember' xlink:to='loc_HealthcareSectorMember' xlink:type='arc' />
    <link:definitionArc order='121.0' xlink:arcrole='http://xbrl.org/int/dim/arcrole/domain-member' xlink:from='loc_EquitySecuritiesIndustryMember' xlink:to='loc_InsuranceSectorMember' xlink:type='arc' />
    <link:definitionArc order='122.0' xlink:arcrole='http://xbrl.org/int/dim/arcrole/domain-member' xlink:from='loc_EquitySecuritiesIndustryMember' xlink:to='loc_RealEstateSectorMember' xlink:type='arc' />
    <link:definitionArc order='123.0' xlink:arcrole='http://xbrl.org/int/dim/arcrole/domain-member' xlink:from='loc_EquitySecuritiesIndustryMember' xlink:to='loc_RetailSectorMember' xlink:type='arc' />
    <link:definitionArc order='124.0' xlink:arcrole='http://xbrl.org/int/dim/arcrole/domain-member' xlink:from='loc_EquitySecuritiesIndustryMember' xlink:to='loc_TechnologySectorMember' xlink:type='arc' />
    <link:definitionArc order='125.0' xlink:arcrole='http://xbrl.org/int/dim/arcrole/domain-member' xlink:from='loc_EquitySecuritiesIndustryMember' xlink:to='loc_TransportationSectorMember' xlink:type='arc' />
    <link:definitionArc order='126.0' xlink:arcrole='http://xbrl.org/int/dim/arcrole/domain-member' xlink:from='loc_SegmentGeographicalDomain' xlink:to='loc_AmericasMember' xlink:type='arc' />
    <link:definitionArc order='127.0' xlink:arcrole='http://xbrl.org/int/dim/arcrole/domain-member' xlink:from='loc_AmericasMember' xlink:to='loc_CentralAmericaMember' xlink:type='arc' />
    <link:definitionArc order='128.0' xlink:arcrole='http://xbrl.org/int/dim/arcrole/domain-member' xlink:from='loc_AmericasMember' xlink:to='loc_NorthAmericaMember' xlink:type='arc' />
    <link:definitionArc order='129.0' xlink:arcrole='http://xbrl.org/int/dim/arcrole/domain-member' xlink:from='loc_NorthAmericaMember' xlink:to='loc_EastRegionMember' xlink:type='arc' />
    <link:definitionArc order='130.0' xlink:arcrole='http://xbrl.org/int/dim/arcrole/domain-member' xlink:from='loc_NorthAmericaMember' xlink:to='loc_MidwestRegionMember' xlink:type='arc' />
    <link:definitionArc order='131.0' xlink:arcrole='http://xbrl.org/int/dim/arcrole/domain-member' xlink:from='loc_NorthAmericaMember' xlink:to='loc_NorthRegionMember' xlink:type='arc' />
    <link:definitionArc order='132.0' xlink:arcrole='http://xbrl.org/int/dim/arcrole/domain-member' xlink:from='loc_NorthAmericaMember' xlink:to='loc_NortheastRegionMember' xlink:type='arc' />
    <link:definitionArc order='133.0' xlink:arcrole='http://xbrl.org/int/dim/arcrole/domain-member' xlink:from='loc_NorthAmericaMember' xlink:to='loc_NorthwestRegionMember' xlink:type='arc' />
    <link:definitionArc order='134.0' xlink:arcrole='http://xbrl.org/int/dim/arcrole/domain-member' xlink:from='loc_NorthAmericaMember' xlink:to='loc_SouthRegionMember' xlink:type='arc' />
    <link:definitionArc order='135.0' xlink:arcrole='http://xbrl.org/int/dim/arcrole/domain-member' xlink:from='loc_NorthAmericaMember' xlink:to='loc_SoutheastRegionMember' xlink:type='arc' />
    <link:definitionArc order='136.0' xlink:arcrole='http://xbrl.org/int/dim/arcrole/domain-member' xlink:from='loc_NorthAmericaMember' xlink:to='loc_SouthwestRegionMember' xlink:type='arc' />
    <link:definitionArc order='137.0' xlink:arcrole='http://xbrl.org/int/dim/arcrole/domain-member' xlink:from='loc_NorthAmericaMember' xlink:to='loc_WestRegionMember' xlink:type='arc' />
    <link:definitionArc order='138.0' xlink:arcrole='http://xbrl.org/int/dim/arcrole/domain-member' xlink:from='loc_AmericasMember' xlink:to='loc_SouthAmericaMember' xlink:type='arc' />
    <link:definitionArc order='139.0' xlink:arcrole='http://xbrl.org/int/dim/arcrole/domain-member' xlink:from='loc_SegmentGeographicalDomain' xlink:to='loc_AsiaMember' xlink:type='arc' />
    <link:definitionArc order='140.0' xlink:arcrole='http://xbrl.org/int/dim/arcrole/domain-member' xlink:from='loc_SegmentGeographicalDomain' xlink:to='loc_AsiaPacificMember' xlink:type='arc' />
    <link:definitionArc order='141.0' xlink:arcrole='http://xbrl.org/int/dim/arcrole/domain-member' xlink:from='loc_SegmentGeographicalDomain' xlink:to='loc_EMEAMember' xlink:type='arc' />
    <link:definitionArc order='142.0' xlink:arcrole='http://xbrl.org/int/dim/arcrole/domain-member' xlink:from='loc_EMEAMember' xlink:to='loc_AfricaMember' xlink:type='arc' />
    <link:definitionArc order='143.0' xlink:arcrole='http://xbrl.org/int/dim/arcrole/domain-member' xlink:from='loc_EMEAMember' xlink:to='loc_EuropeMember' xlink:type='arc' />
    <link:definitionArc order='144.0' xlink:arcrole='http://xbrl.org/int/dim/arcrole/domain-member' xlink:from='loc_EMEAMember' xlink:to='loc_MiddleEastMember' xlink:type='arc' />
    <link:definitionArc order='145.0' xlink:arcrole='http://xbrl.org/int/dim/arcrole/domain-member' xlink:from='loc_SegmentGeographicalDomain' xlink:to='loc_EuropeanUnionMember' xlink:type='arc' />
    <link:definitionArc order='146.0' xlink:arcrole='http://xbrl.org/int/dim/arcrole/domain-member' xlink:from='loc_SegmentGeographicalDomain' xlink:to='loc_LatinAmericaMember' xlink:type='arc' />
    <link:definitionArc order='147.0' xlink:arcrole='http://xbrl.org/int/dim/arcrole/domain-member' xlink:from='loc_SegmentGeographicalDomain' xlink:to='loc_NonUsMember' xlink:type='arc' />
  </link:definitionLink>
</link:linkbase>
