<?xml version='1.0' encoding='UTF-8'?>

<!--
(c) 2010-2024 Financial Accounting Foundation; (c) 2007-2010 XBRL US, Inc.  All Rights Reserved.
Notice: Authorized Uses are Set Forth at https://xbrl.fasb.org/terms/TaxonomiesTermsConditions.html
  -->
<link:linkbase xmlns:link='http://www.xbrl.org/2003/linkbase' xmlns:xlink='http://www.w3.org/1999/xlink' xmlns:xsi='http://www.w3.org/2001/XMLSchema-instance' xsi:schemaLocation='http://www.xbrl.org/2003/linkbase http://www.xbrl.org/2003/xbrl-linkbase-2003-12-31.xsd'>
  <link:roleRef roleURI='http://fasb.org/us-gaap/role/disclosure/RisksAndUncertainties' xlink:href='../elts/us-roles-2024.xsd#ru' xlink:type='simple' />
  <link:presentationLink xlink:role='http://fasb.org/us-gaap/role/disclosure/RisksAndUncertainties' xlink:type='extended'>
    <link:loc xlink:href='../elts/us-gaap-2024.xsd#us-gaap_RisksAndUncertaintiesAbstract' xlink:label='loc_RisksAndUncertaintiesAbstract' xlink:type='locator' />
    <link:loc xlink:href='../elts/us-gaap-2024.xsd#us-gaap_ConcentrationRiskDisclosureTextBlock' xlink:label='loc_ConcentrationRiskDisclosureTextBlock' xlink:type='locator' />
    <link:loc xlink:href='../elts/us-gaap-2024.xsd#us-gaap_SchedulesOfConcentrationOfRiskByRiskFactorTextBlock' xlink:label='loc_SchedulesOfConcentrationOfRiskByRiskFactorTextBlock' xlink:type='locator' />
    <link:loc xlink:href='../elts/us-gaap-2024.xsd#us-gaap_ConcentrationRiskTable' xlink:label='loc_ConcentrationRiskTable' xlink:type='locator' />
    <link:loc xlink:href='../elts/us-gaap-2024.xsd#us-gaap_ConcentrationRiskByBenchmarkAxis' xlink:label='loc_ConcentrationRiskByBenchmarkAxis' xlink:type='locator' />
    <link:loc xlink:href='../elts/us-gaap-2024.xsd#us-gaap_ConcentrationRiskBenchmarkDomain' xlink:label='loc_ConcentrationRiskBenchmarkDomain' xlink:type='locator' />
    <link:loc xlink:href='../elts/us-gaap-2024.xsd#us-gaap_AssetsTotalMember' xlink:label='loc_AssetsTotalMember' xlink:type='locator' />
    <link:loc xlink:href='../elts/us-gaap-2024.xsd#us-gaap_AccountsReceivableMember' xlink:label='loc_AccountsReceivableMember' xlink:type='locator' />
    <link:loc xlink:href='../elts/us-gaap-2024.xsd#us-gaap_LiabilitiesTotalMember' xlink:label='loc_LiabilitiesTotalMember' xlink:type='locator' />
    <link:loc xlink:href='../elts/us-gaap-2024.xsd#us-gaap_StockholdersEquityTotalMember' xlink:label='loc_StockholdersEquityTotalMember' xlink:type='locator' />
    <link:loc xlink:href='../elts/us-gaap-2024.xsd#us-gaap_NetAssetsGeographicAreaMember' xlink:label='loc_NetAssetsGeographicAreaMember' xlink:type='locator' />
    <link:loc xlink:href='../elts/us-gaap-2024.xsd#us-gaap_NetAssetsSegmentMember' xlink:label='loc_NetAssetsSegmentMember' xlink:type='locator' />
    <link:loc xlink:href='../elts/us-gaap-2024.xsd#us-gaap_SalesRevenueNetMember' xlink:label='loc_SalesRevenueNetMember' xlink:type='locator' />
    <link:loc xlink:href='../elts/us-gaap-2024.xsd#us-gaap_SalesRevenueProductLineMember' xlink:label='loc_SalesRevenueProductLineMember' xlink:type='locator' />
    <link:loc xlink:href='../elts/us-gaap-2024.xsd#us-gaap_SalesRevenueSegmentMember' xlink:label='loc_SalesRevenueSegmentMember' xlink:type='locator' />
    <link:loc xlink:href='../elts/us-gaap-2024.xsd#us-gaap_RevenueFromContractWithCustomerMember' xlink:label='loc_RevenueFromContractWithCustomerMember' xlink:type='locator' />
    <link:loc xlink:href='../elts/us-gaap-2024.xsd#us-gaap_RevenueFromContractWithCustomerProductAndServiceBenchmarkMember' xlink:label='loc_RevenueFromContractWithCustomerProductAndServiceBenchmarkMember' xlink:type='locator' />
    <link:loc xlink:href='../elts/us-gaap-2024.xsd#us-gaap_RevenueFromContractWithCustomerSegmentBenchmarkMember' xlink:label='loc_RevenueFromContractWithCustomerSegmentBenchmarkMember' xlink:type='locator' />
    <link:loc xlink:href='../elts/us-gaap-2024.xsd#us-gaap_RevenueRightsGrantedMember' xlink:label='loc_RevenueRightsGrantedMember' xlink:type='locator' />
    <link:loc xlink:href='../elts/us-gaap-2024.xsd#us-gaap_CostOfGoodsTotalMember' xlink:label='loc_CostOfGoodsTotalMember' xlink:type='locator' />
    <link:loc xlink:href='../elts/us-gaap-2024.xsd#us-gaap_CostOfGoodsProductLineMember' xlink:label='loc_CostOfGoodsProductLineMember' xlink:type='locator' />
    <link:loc xlink:href='../elts/us-gaap-2024.xsd#us-gaap_CostOfGoodsSegmentMember' xlink:label='loc_CostOfGoodsSegmentMember' xlink:type='locator' />
    <link:loc xlink:href='../elts/us-gaap-2024.xsd#us-gaap_NumberOfEmployeesTotalMember' xlink:label='loc_NumberOfEmployeesTotalMember' xlink:type='locator' />
    <link:loc xlink:href='../elts/us-gaap-2024.xsd#us-gaap_NumberOfEmployeesGeographicAreaMember' xlink:label='loc_NumberOfEmployeesGeographicAreaMember' xlink:type='locator' />
    <link:loc xlink:href='../elts/us-gaap-2024.xsd#us-gaap_WorkforceSubjectToCollectiveBargainingArrangementsMember' xlink:label='loc_WorkforceSubjectToCollectiveBargainingArrangementsMember' xlink:type='locator' />
    <link:loc xlink:href='../elts/us-gaap-2024.xsd#us-gaap_WorkforceSubjectToCollectiveBargainingArrangementsExpiringWithinOneYearMember' xlink:label='loc_WorkforceSubjectToCollectiveBargainingArrangementsExpiringWithinOneYearMember' xlink:type='locator' />
    <link:loc xlink:href='../elts/us-gaap-2024.xsd#us-gaap_ConcentrationRiskByTypeAxis' xlink:label='loc_ConcentrationRiskByTypeAxis' xlink:type='locator' />
    <link:loc xlink:href='../elts/us-gaap-2024.xsd#us-gaap_ConcentrationRiskTypeDomain' xlink:label='loc_ConcentrationRiskTypeDomain' xlink:type='locator' />
    <link:loc xlink:href='../elts/us-gaap-2024.xsd#us-gaap_UnionizedEmployeesConcentrationRiskMember' xlink:label='loc_UnionizedEmployeesConcentrationRiskMember' xlink:type='locator' />
    <link:loc xlink:href='../elts/us-gaap-2024.xsd#us-gaap_GeographicConcentrationRiskMember' xlink:label='loc_GeographicConcentrationRiskMember' xlink:type='locator' />
    <link:loc xlink:href='../elts/us-gaap-2024.xsd#us-gaap_LaborForceConcentrationRiskMember' xlink:label='loc_LaborForceConcentrationRiskMember' xlink:type='locator' />
    <link:loc xlink:href='../elts/us-gaap-2024.xsd#us-gaap_CustomerConcentrationRiskMember' xlink:label='loc_CustomerConcentrationRiskMember' xlink:type='locator' />
    <link:loc xlink:href='../elts/us-gaap-2024.xsd#us-gaap_CreditAvailabilityConcentrationRiskMember' xlink:label='loc_CreditAvailabilityConcentrationRiskMember' xlink:type='locator' />
    <link:loc xlink:href='../elts/us-gaap-2024.xsd#us-gaap_GovernmentContractsConcentrationRiskMember' xlink:label='loc_GovernmentContractsConcentrationRiskMember' xlink:type='locator' />
    <link:loc xlink:href='../elts/us-gaap-2024.xsd#us-gaap_SupplierConcentrationRiskMember' xlink:label='loc_SupplierConcentrationRiskMember' xlink:type='locator' />
    <link:loc xlink:href='../elts/us-gaap-2024.xsd#us-gaap_LenderConcentrationRiskMember' xlink:label='loc_LenderConcentrationRiskMember' xlink:type='locator' />
    <link:loc xlink:href='../elts/us-gaap-2024.xsd#us-gaap_CreditConcentrationRiskMember' xlink:label='loc_CreditConcentrationRiskMember' xlink:type='locator' />
    <link:loc xlink:href='../elts/us-gaap-2024.xsd#us-gaap_ProductConcentrationRiskMember' xlink:label='loc_ProductConcentrationRiskMember' xlink:type='locator' />
    <link:loc xlink:href='../elts/us-gaap-2024.xsd#us-gaap_RevenueFromRightsConcentrationRiskMember' xlink:label='loc_RevenueFromRightsConcentrationRiskMember' xlink:type='locator' />
    <link:loc xlink:href='../elts/us-gaap-2024.xsd#us-gaap_ConcentrationRiskLineItems' xlink:label='loc_ConcentrationRiskLineItems' xlink:type='locator' />
    <link:loc xlink:href='../elts/us-gaap-2024.xsd#us-gaap_ConcentrationRiskAdditionalCharacteristic' xlink:label='loc_ConcentrationRiskAdditionalCharacteristic' xlink:type='locator' />
    <link:loc xlink:href='../elts/us-gaap-2024.xsd#us-gaap_ConcentrationRiskPercentage1' xlink:label='loc_ConcentrationRiskPercentage1' xlink:type='locator' />
    <link:loc xlink:href='../elts/us-gaap-2024.xsd#us-gaap_ConcentrationRiskBenchmarkDescription' xlink:label='loc_ConcentrationRiskBenchmarkDescription' xlink:type='locator' />
    <link:loc xlink:href='../elts/us-gaap-2024.xsd#us-gaap_ConcentrationRisksTypesNoConcentrationPercentageAbstract' xlink:label='loc_ConcentrationRisksTypesNoConcentrationPercentageAbstract' xlink:type='locator' />
    <link:loc xlink:href='../elts/us-gaap-2024.xsd#us-gaap_ConcentrationRiskLaborSubjectToCollectiveBargainingArrangements' xlink:label='loc_ConcentrationRiskLaborSubjectToCollectiveBargainingArrangements' xlink:type='locator' />
    <link:loc xlink:href='../elts/us-gaap-2024.xsd#us-gaap_ConcentrationRiskSourceOfSupplyOfLabor' xlink:label='loc_ConcentrationRiskSourceOfSupplyOfLabor' xlink:type='locator' />
    <link:loc xlink:href='../elts/us-gaap-2024.xsd#us-gaap_ConcentrationRiskGeographic' xlink:label='loc_ConcentrationRiskGeographic' xlink:type='locator' />
    <link:loc xlink:href='../elts/us-gaap-2024.xsd#us-gaap_ConcentrationRiskNetAssetsAmountGeographicArea' xlink:label='loc_ConcentrationRiskNetAssetsAmountGeographicArea' xlink:type='locator' />
    <link:loc xlink:href='../elts/us-gaap-2024.xsd#us-gaap_ConcentrationRiskCustomer' xlink:label='loc_ConcentrationRiskCustomer' xlink:type='locator' />
    <link:loc xlink:href='../elts/us-gaap-2024.xsd#us-gaap_ConcentrationRiskGovernmentContracts' xlink:label='loc_ConcentrationRiskGovernmentContracts' xlink:type='locator' />
    <link:loc xlink:href='../elts/us-gaap-2024.xsd#us-gaap_ConcentrationRiskSupplier' xlink:label='loc_ConcentrationRiskSupplier' xlink:type='locator' />
    <link:loc xlink:href='../elts/us-gaap-2024.xsd#us-gaap_ConcentrationRiskLender' xlink:label='loc_ConcentrationRiskLender' xlink:type='locator' />
    <link:loc xlink:href='../elts/us-gaap-2024.xsd#us-gaap_ConcentrationRiskCreditRiskFinancialInstruments' xlink:label='loc_ConcentrationRiskCreditRiskFinancialInstruments' xlink:type='locator' />
    <link:loc xlink:href='../elts/us-gaap-2024.xsd#us-gaap_ConcentrationRiskCreditRiskFinancialInstrumentsOffBalanceSheetRisk' xlink:label='loc_ConcentrationRiskCreditRiskFinancialInstrumentsOffBalanceSheetRisk' xlink:type='locator' />
    <link:loc xlink:href='../elts/us-gaap-2024.xsd#us-gaap_ConcentrationRiskCreditRiskFinancialInstrumentMaximumExposure' xlink:label='loc_ConcentrationRiskCreditRiskFinancialInstrumentMaximumExposure' xlink:type='locator' />
    <link:loc xlink:href='../elts/us-gaap-2024.xsd#us-gaap_ConcentrationRiskCreditRiskLoanProducts' xlink:label='loc_ConcentrationRiskCreditRiskLoanProducts' xlink:type='locator' />
    <link:loc xlink:href='../elts/us-gaap-2024.xsd#us-gaap_ConcentrationRiskCreditRiskUninsuredDeposits' xlink:label='loc_ConcentrationRiskCreditRiskUninsuredDeposits' xlink:type='locator' />
    <link:loc xlink:href='../elts/us-gaap-2024.xsd#us-gaap_ConcentrationRiskCreditRiskReinsurance' xlink:label='loc_ConcentrationRiskCreditRiskReinsurance' xlink:type='locator' />
    <link:loc xlink:href='../elts/us-gaap-2024.xsd#us-gaap_ConcentrationRiskProduct' xlink:label='loc_ConcentrationRiskProduct' xlink:type='locator' />
    <link:loc xlink:href='../elts/us-gaap-2024.xsd#us-gaap_ConcentrationRiskMaterial' xlink:label='loc_ConcentrationRiskMaterial' xlink:type='locator' />
    <link:loc xlink:href='../elts/us-gaap-2024.xsd#us-gaap_ConcentrationRiskServiceProvided' xlink:label='loc_ConcentrationRiskServiceProvided' xlink:type='locator' />
    <link:loc xlink:href='../elts/us-gaap-2024.xsd#us-gaap_ConcentrationRiskAvailabilityOfServices' xlink:label='loc_ConcentrationRiskAvailabilityOfServices' xlink:type='locator' />
    <link:loc xlink:href='../elts/us-gaap-2024.xsd#us-gaap_ConcentrationRiskLicense' xlink:label='loc_ConcentrationRiskLicense' xlink:type='locator' />
    <link:loc xlink:href='../elts/us-gaap-2024.xsd#us-gaap_ConcentrationRiskPatentAndOtherRights' xlink:label='loc_ConcentrationRiskPatentAndOtherRights' xlink:type='locator' />
    <link:loc xlink:href='../elts/us-gaap-2024.xsd#us-gaap_ConcentrationRiskOtherRisk' xlink:label='loc_ConcentrationRiskOtherRisk' xlink:type='locator' />
    <link:loc xlink:href='../elts/us-gaap-2024.xsd#us-gaap_ConcentrationRiskMarketRisk' xlink:label='loc_ConcentrationRiskMarketRisk' xlink:type='locator' />
    <link:loc xlink:href='../elts/us-gaap-2024.xsd#us-gaap_ConcentrationRiskGrantor' xlink:label='loc_ConcentrationRiskGrantor' xlink:type='locator' />
    <link:loc xlink:href='../elts/us-gaap-2024.xsd#us-gaap_ConcentrationRiskContributor' xlink:label='loc_ConcentrationRiskContributor' xlink:type='locator' />
    <link:loc xlink:href='../elts/us-gaap-2024.xsd#us-gaap_RisksAndUncertaintiesInEntitysBusiness' xlink:label='loc_RisksAndUncertaintiesInEntitysBusiness' xlink:type='locator' />
    <link:loc xlink:href='../elts/us-gaap-2024.xsd#us-gaap_UncertaintyContinuedMarketabilityOfGoodsAndServices' xlink:label='loc_UncertaintyContinuedMarketabilityOfGoodsAndServices' xlink:type='locator' />
    <link:loc xlink:href='../elts/us-gaap-2024.xsd#us-gaap_UnusualRisksAndUncertaintiesTextBlock' xlink:label='loc_UnusualRisksAndUncertaintiesTextBlock' xlink:type='locator' />
    <link:loc xlink:href='../elts/us-gaap-2024.xsd#us-gaap_UnusualRiskOrUncertaintyTable' xlink:label='loc_UnusualRiskOrUncertaintyTable' xlink:type='locator' />
    <link:loc xlink:href='../elts/us-gaap-2024.xsd#us-gaap_UnusualRiskOrUncertaintyByNatureAxis' xlink:label='loc_UnusualRiskOrUncertaintyByNatureAxis' xlink:type='locator' />
    <link:loc xlink:href='../elts/us-gaap-2024.xsd#us-gaap_UnusualRiskOrUncertaintyNatureDomain' xlink:label='loc_UnusualRiskOrUncertaintyNatureDomain' xlink:type='locator' />
    <link:loc xlink:href='../elts/us-gaap-2024.xsd#us-gaap_UnusualRiskOrUncertaintyLineItems' xlink:label='loc_UnusualRiskOrUncertaintyLineItems' xlink:type='locator' />
    <link:loc xlink:href='../elts/us-gaap-2024.xsd#us-gaap_UnusualRiskOrUncertaintyImpact' xlink:label='loc_UnusualRiskOrUncertaintyImpact' xlink:type='locator' />
    <link:presentationArc order='10' xlink:arcrole='http://www.xbrl.org/2003/arcrole/parent-child' xlink:from='loc_RisksAndUncertaintiesAbstract' xlink:to='loc_ConcentrationRiskDisclosureTextBlock' xlink:type='arc' />
    <link:presentationArc order='10' xlink:arcrole='http://www.xbrl.org/2003/arcrole/parent-child' xlink:from='loc_ConcentrationRiskDisclosureTextBlock' xlink:to='loc_SchedulesOfConcentrationOfRiskByRiskFactorTextBlock' xlink:type='arc' />
    <link:presentationArc order='10' xlink:arcrole='http://www.xbrl.org/2003/arcrole/parent-child' xlink:from='loc_SchedulesOfConcentrationOfRiskByRiskFactorTextBlock' xlink:to='loc_ConcentrationRiskTable' xlink:type='arc' />
    <link:presentationArc order='10' xlink:arcrole='http://www.xbrl.org/2003/arcrole/parent-child' xlink:from='loc_ConcentrationRiskTable' xlink:to='loc_ConcentrationRiskByBenchmarkAxis' xlink:type='arc' />
    <link:presentationArc order='10' xlink:arcrole='http://www.xbrl.org/2003/arcrole/parent-child' xlink:from='loc_ConcentrationRiskByBenchmarkAxis' xlink:to='loc_ConcentrationRiskBenchmarkDomain' xlink:type='arc' />
    <link:presentationArc order='10' xlink:arcrole='http://www.xbrl.org/2003/arcrole/parent-child' xlink:from='loc_ConcentrationRiskBenchmarkDomain' xlink:to='loc_AssetsTotalMember' xlink:type='arc' />
    <link:presentationArc order='20' xlink:arcrole='http://www.xbrl.org/2003/arcrole/parent-child' xlink:from='loc_ConcentrationRiskBenchmarkDomain' xlink:to='loc_AccountsReceivableMember' xlink:type='arc' />
    <link:presentationArc order='30' xlink:arcrole='http://www.xbrl.org/2003/arcrole/parent-child' xlink:from='loc_ConcentrationRiskBenchmarkDomain' xlink:to='loc_LiabilitiesTotalMember' xlink:type='arc' />
    <link:presentationArc order='40' xlink:arcrole='http://www.xbrl.org/2003/arcrole/parent-child' xlink:from='loc_ConcentrationRiskBenchmarkDomain' xlink:to='loc_StockholdersEquityTotalMember' xlink:type='arc' />
    <link:presentationArc order='50' xlink:arcrole='http://www.xbrl.org/2003/arcrole/parent-child' xlink:from='loc_ConcentrationRiskBenchmarkDomain' xlink:to='loc_NetAssetsGeographicAreaMember' xlink:type='arc' />
    <link:presentationArc order='60' xlink:arcrole='http://www.xbrl.org/2003/arcrole/parent-child' xlink:from='loc_ConcentrationRiskBenchmarkDomain' xlink:to='loc_NetAssetsSegmentMember' xlink:type='arc' />
    <link:presentationArc order='70' xlink:arcrole='http://www.xbrl.org/2003/arcrole/parent-child' xlink:from='loc_ConcentrationRiskBenchmarkDomain' xlink:to='loc_SalesRevenueNetMember' xlink:type='arc' />
    <link:presentationArc order='10' xlink:arcrole='http://www.xbrl.org/2003/arcrole/parent-child' xlink:from='loc_SalesRevenueNetMember' xlink:to='loc_SalesRevenueProductLineMember' xlink:type='arc' />
    <link:presentationArc order='20' xlink:arcrole='http://www.xbrl.org/2003/arcrole/parent-child' xlink:from='loc_SalesRevenueNetMember' xlink:to='loc_SalesRevenueSegmentMember' xlink:type='arc' />
    <link:presentationArc order='30' xlink:arcrole='http://www.xbrl.org/2003/arcrole/parent-child' xlink:from='loc_SalesRevenueNetMember' xlink:to='loc_RevenueFromContractWithCustomerMember' xlink:type='arc' />
    <link:presentationArc order='10' xlink:arcrole='http://www.xbrl.org/2003/arcrole/parent-child' xlink:from='loc_RevenueFromContractWithCustomerMember' xlink:to='loc_RevenueFromContractWithCustomerProductAndServiceBenchmarkMember' xlink:type='arc' />
    <link:presentationArc order='20' xlink:arcrole='http://www.xbrl.org/2003/arcrole/parent-child' xlink:from='loc_RevenueFromContractWithCustomerMember' xlink:to='loc_RevenueFromContractWithCustomerSegmentBenchmarkMember' xlink:type='arc' />
    <link:presentationArc order='80' xlink:arcrole='http://www.xbrl.org/2003/arcrole/parent-child' xlink:from='loc_ConcentrationRiskBenchmarkDomain' xlink:to='loc_RevenueRightsGrantedMember' xlink:type='arc' />
    <link:presentationArc order='90' xlink:arcrole='http://www.xbrl.org/2003/arcrole/parent-child' xlink:from='loc_ConcentrationRiskBenchmarkDomain' xlink:to='loc_CostOfGoodsTotalMember' xlink:type='arc' />
    <link:presentationArc order='10' xlink:arcrole='http://www.xbrl.org/2003/arcrole/parent-child' xlink:from='loc_CostOfGoodsTotalMember' xlink:to='loc_CostOfGoodsProductLineMember' xlink:type='arc' />
    <link:presentationArc order='20' xlink:arcrole='http://www.xbrl.org/2003/arcrole/parent-child' xlink:from='loc_CostOfGoodsTotalMember' xlink:to='loc_CostOfGoodsSegmentMember' xlink:type='arc' />
    <link:presentationArc order='100' xlink:arcrole='http://www.xbrl.org/2003/arcrole/parent-child' xlink:from='loc_ConcentrationRiskBenchmarkDomain' xlink:to='loc_NumberOfEmployeesTotalMember' xlink:type='arc' />
    <link:presentationArc order='110' xlink:arcrole='http://www.xbrl.org/2003/arcrole/parent-child' xlink:from='loc_ConcentrationRiskBenchmarkDomain' xlink:to='loc_NumberOfEmployeesGeographicAreaMember' xlink:type='arc' />
    <link:presentationArc order='120' xlink:arcrole='http://www.xbrl.org/2003/arcrole/parent-child' xlink:from='loc_ConcentrationRiskBenchmarkDomain' xlink:to='loc_WorkforceSubjectToCollectiveBargainingArrangementsMember' xlink:type='arc' />
    <link:presentationArc order='130' xlink:arcrole='http://www.xbrl.org/2003/arcrole/parent-child' xlink:from='loc_ConcentrationRiskBenchmarkDomain' xlink:to='loc_WorkforceSubjectToCollectiveBargainingArrangementsExpiringWithinOneYearMember' xlink:type='arc' />
    <link:presentationArc order='20' xlink:arcrole='http://www.xbrl.org/2003/arcrole/parent-child' xlink:from='loc_ConcentrationRiskTable' xlink:to='loc_ConcentrationRiskByTypeAxis' xlink:type='arc' />
    <link:presentationArc order='10' use='optional' xlink:arcrole='http://www.xbrl.org/2003/arcrole/parent-child' xlink:from='loc_ConcentrationRiskByTypeAxis' xlink:to='loc_ConcentrationRiskTypeDomain' xlink:type='arc' />
    <link:presentationArc order='10' xlink:arcrole='http://www.xbrl.org/2003/arcrole/parent-child' xlink:from='loc_ConcentrationRiskTypeDomain' xlink:to='loc_UnionizedEmployeesConcentrationRiskMember' xlink:type='arc' />
    <link:presentationArc order='20' xlink:arcrole='http://www.xbrl.org/2003/arcrole/parent-child' xlink:from='loc_ConcentrationRiskTypeDomain' xlink:to='loc_GeographicConcentrationRiskMember' xlink:type='arc' />
    <link:presentationArc order='30' xlink:arcrole='http://www.xbrl.org/2003/arcrole/parent-child' xlink:from='loc_ConcentrationRiskTypeDomain' xlink:to='loc_LaborForceConcentrationRiskMember' xlink:type='arc' />
    <link:presentationArc order='40' xlink:arcrole='http://www.xbrl.org/2003/arcrole/parent-child' xlink:from='loc_ConcentrationRiskTypeDomain' xlink:to='loc_CustomerConcentrationRiskMember' xlink:type='arc' />
    <link:presentationArc order='50' xlink:arcrole='http://www.xbrl.org/2003/arcrole/parent-child' xlink:from='loc_ConcentrationRiskTypeDomain' xlink:to='loc_CreditAvailabilityConcentrationRiskMember' xlink:type='arc' />
    <link:presentationArc order='60' xlink:arcrole='http://www.xbrl.org/2003/arcrole/parent-child' xlink:from='loc_ConcentrationRiskTypeDomain' xlink:to='loc_GovernmentContractsConcentrationRiskMember' xlink:type='arc' />
    <link:presentationArc order='70' xlink:arcrole='http://www.xbrl.org/2003/arcrole/parent-child' xlink:from='loc_ConcentrationRiskTypeDomain' xlink:to='loc_SupplierConcentrationRiskMember' xlink:type='arc' />
    <link:presentationArc order='80' xlink:arcrole='http://www.xbrl.org/2003/arcrole/parent-child' xlink:from='loc_ConcentrationRiskTypeDomain' xlink:to='loc_LenderConcentrationRiskMember' xlink:type='arc' />
    <link:presentationArc order='90' xlink:arcrole='http://www.xbrl.org/2003/arcrole/parent-child' xlink:from='loc_ConcentrationRiskTypeDomain' xlink:to='loc_CreditConcentrationRiskMember' xlink:type='arc' />
    <link:presentationArc order='100' use='optional' xlink:arcrole='http://www.xbrl.org/2003/arcrole/parent-child' xlink:from='loc_ConcentrationRiskTypeDomain' xlink:to='loc_ProductConcentrationRiskMember' xlink:type='arc' />
    <link:presentationArc order='110' xlink:arcrole='http://www.xbrl.org/2003/arcrole/parent-child' xlink:from='loc_ConcentrationRiskTypeDomain' xlink:to='loc_RevenueFromRightsConcentrationRiskMember' xlink:type='arc' />
    <link:presentationArc order='30' xlink:arcrole='http://www.xbrl.org/2003/arcrole/parent-child' xlink:from='loc_ConcentrationRiskTable' xlink:to='loc_ConcentrationRiskLineItems' xlink:type='arc' />
    <link:presentationArc order='10' xlink:arcrole='http://www.xbrl.org/2003/arcrole/parent-child' xlink:from='loc_ConcentrationRiskLineItems' xlink:to='loc_ConcentrationRiskAdditionalCharacteristic' xlink:type='arc' />
    <link:presentationArc order='20' xlink:arcrole='http://www.xbrl.org/2003/arcrole/parent-child' xlink:from='loc_ConcentrationRiskLineItems' xlink:to='loc_ConcentrationRiskPercentage1' xlink:type='arc' />
    <link:presentationArc order='30' xlink:arcrole='http://www.xbrl.org/2003/arcrole/parent-child' xlink:from='loc_ConcentrationRiskLineItems' xlink:to='loc_ConcentrationRiskBenchmarkDescription' xlink:type='arc' />
    <link:presentationArc order='20' xlink:arcrole='http://www.xbrl.org/2003/arcrole/parent-child' xlink:from='loc_SchedulesOfConcentrationOfRiskByRiskFactorTextBlock' xlink:to='loc_ConcentrationRisksTypesNoConcentrationPercentageAbstract' xlink:type='arc' />
    <link:presentationArc order='10' xlink:arcrole='http://www.xbrl.org/2003/arcrole/parent-child' xlink:from='loc_ConcentrationRisksTypesNoConcentrationPercentageAbstract' xlink:to='loc_ConcentrationRiskLaborSubjectToCollectiveBargainingArrangements' xlink:type='arc' />
    <link:presentationArc order='20' xlink:arcrole='http://www.xbrl.org/2003/arcrole/parent-child' xlink:from='loc_ConcentrationRisksTypesNoConcentrationPercentageAbstract' xlink:to='loc_ConcentrationRiskSourceOfSupplyOfLabor' xlink:type='arc' />
    <link:presentationArc order='30' xlink:arcrole='http://www.xbrl.org/2003/arcrole/parent-child' xlink:from='loc_ConcentrationRisksTypesNoConcentrationPercentageAbstract' xlink:to='loc_ConcentrationRiskGeographic' xlink:type='arc' />
    <link:presentationArc order='40' xlink:arcrole='http://www.xbrl.org/2003/arcrole/parent-child' xlink:from='loc_ConcentrationRisksTypesNoConcentrationPercentageAbstract' xlink:to='loc_ConcentrationRiskNetAssetsAmountGeographicArea' xlink:type='arc' />
    <link:presentationArc order='50' xlink:arcrole='http://www.xbrl.org/2003/arcrole/parent-child' xlink:from='loc_ConcentrationRisksTypesNoConcentrationPercentageAbstract' xlink:to='loc_ConcentrationRiskCustomer' xlink:type='arc' />
    <link:presentationArc order='60' xlink:arcrole='http://www.xbrl.org/2003/arcrole/parent-child' xlink:from='loc_ConcentrationRisksTypesNoConcentrationPercentageAbstract' xlink:to='loc_ConcentrationRiskGovernmentContracts' xlink:type='arc' />
    <link:presentationArc order='70' xlink:arcrole='http://www.xbrl.org/2003/arcrole/parent-child' xlink:from='loc_ConcentrationRisksTypesNoConcentrationPercentageAbstract' xlink:to='loc_ConcentrationRiskSupplier' xlink:type='arc' />
    <link:presentationArc order='80' xlink:arcrole='http://www.xbrl.org/2003/arcrole/parent-child' xlink:from='loc_ConcentrationRisksTypesNoConcentrationPercentageAbstract' xlink:to='loc_ConcentrationRiskLender' xlink:type='arc' />
    <link:presentationArc order='90' xlink:arcrole='http://www.xbrl.org/2003/arcrole/parent-child' xlink:from='loc_ConcentrationRisksTypesNoConcentrationPercentageAbstract' xlink:to='loc_ConcentrationRiskCreditRiskFinancialInstruments' xlink:type='arc' />
    <link:presentationArc order='10' use='optional' xlink:arcrole='http://www.xbrl.org/2003/arcrole/parent-child' xlink:from='loc_ConcentrationRiskCreditRiskFinancialInstruments' xlink:to='loc_ConcentrationRiskCreditRiskFinancialInstrumentsOffBalanceSheetRisk' xlink:type='arc' />
    <link:presentationArc order='20' xlink:arcrole='http://www.xbrl.org/2003/arcrole/parent-child' xlink:from='loc_ConcentrationRiskCreditRiskFinancialInstruments' xlink:to='loc_ConcentrationRiskCreditRiskFinancialInstrumentMaximumExposure' xlink:type='arc' />
    <link:presentationArc order='100' xlink:arcrole='http://www.xbrl.org/2003/arcrole/parent-child' xlink:from='loc_ConcentrationRisksTypesNoConcentrationPercentageAbstract' xlink:to='loc_ConcentrationRiskCreditRiskLoanProducts' xlink:type='arc' />
    <link:presentationArc order='110' xlink:arcrole='http://www.xbrl.org/2003/arcrole/parent-child' xlink:from='loc_ConcentrationRisksTypesNoConcentrationPercentageAbstract' xlink:to='loc_ConcentrationRiskCreditRiskUninsuredDeposits' xlink:type='arc' />
    <link:presentationArc order='120' xlink:arcrole='http://www.xbrl.org/2003/arcrole/parent-child' xlink:from='loc_ConcentrationRisksTypesNoConcentrationPercentageAbstract' xlink:to='loc_ConcentrationRiskCreditRiskReinsurance' xlink:type='arc' />
    <link:presentationArc order='130' xlink:arcrole='http://www.xbrl.org/2003/arcrole/parent-child' xlink:from='loc_ConcentrationRisksTypesNoConcentrationPercentageAbstract' xlink:to='loc_ConcentrationRiskProduct' xlink:type='arc' />
    <link:presentationArc order='140' xlink:arcrole='http://www.xbrl.org/2003/arcrole/parent-child' xlink:from='loc_ConcentrationRisksTypesNoConcentrationPercentageAbstract' xlink:to='loc_ConcentrationRiskMaterial' xlink:type='arc' />
    <link:presentationArc order='150' xlink:arcrole='http://www.xbrl.org/2003/arcrole/parent-child' xlink:from='loc_ConcentrationRisksTypesNoConcentrationPercentageAbstract' xlink:to='loc_ConcentrationRiskServiceProvided' xlink:type='arc' />
    <link:presentationArc order='160' xlink:arcrole='http://www.xbrl.org/2003/arcrole/parent-child' xlink:from='loc_ConcentrationRisksTypesNoConcentrationPercentageAbstract' xlink:to='loc_ConcentrationRiskAvailabilityOfServices' xlink:type='arc' />
    <link:presentationArc order='170' xlink:arcrole='http://www.xbrl.org/2003/arcrole/parent-child' xlink:from='loc_ConcentrationRisksTypesNoConcentrationPercentageAbstract' xlink:to='loc_ConcentrationRiskLicense' xlink:type='arc' />
    <link:presentationArc order='180' xlink:arcrole='http://www.xbrl.org/2003/arcrole/parent-child' xlink:from='loc_ConcentrationRisksTypesNoConcentrationPercentageAbstract' xlink:to='loc_ConcentrationRiskPatentAndOtherRights' xlink:type='arc' />
    <link:presentationArc order='190' xlink:arcrole='http://www.xbrl.org/2003/arcrole/parent-child' xlink:from='loc_ConcentrationRisksTypesNoConcentrationPercentageAbstract' xlink:to='loc_ConcentrationRiskOtherRisk' xlink:type='arc' />
    <link:presentationArc order='200' xlink:arcrole='http://www.xbrl.org/2003/arcrole/parent-child' xlink:from='loc_ConcentrationRisksTypesNoConcentrationPercentageAbstract' xlink:to='loc_ConcentrationRiskMarketRisk' xlink:type='arc' />
    <link:presentationArc order='210' xlink:arcrole='http://www.xbrl.org/2003/arcrole/parent-child' xlink:from='loc_ConcentrationRisksTypesNoConcentrationPercentageAbstract' xlink:to='loc_ConcentrationRiskGrantor' xlink:type='arc' />
    <link:presentationArc order='220' xlink:arcrole='http://www.xbrl.org/2003/arcrole/parent-child' xlink:from='loc_ConcentrationRisksTypesNoConcentrationPercentageAbstract' xlink:to='loc_ConcentrationRiskContributor' xlink:type='arc' />
    <link:presentationArc order='230' xlink:arcrole='http://www.xbrl.org/2003/arcrole/parent-child' xlink:from='loc_ConcentrationRisksTypesNoConcentrationPercentageAbstract' xlink:to='loc_RisksAndUncertaintiesInEntitysBusiness' xlink:type='arc' />
    <link:presentationArc order='20' xlink:arcrole='http://www.xbrl.org/2003/arcrole/parent-child' xlink:from='loc_RisksAndUncertaintiesAbstract' xlink:to='loc_UncertaintyContinuedMarketabilityOfGoodsAndServices' xlink:type='arc' />
    <link:presentationArc order='30' xlink:arcrole='http://www.xbrl.org/2003/arcrole/parent-child' xlink:from='loc_RisksAndUncertaintiesAbstract' xlink:to='loc_UnusualRisksAndUncertaintiesTextBlock' xlink:type='arc' />
    <link:presentationArc order='10' xlink:arcrole='http://www.xbrl.org/2003/arcrole/parent-child' xlink:from='loc_UnusualRisksAndUncertaintiesTextBlock' xlink:to='loc_UnusualRiskOrUncertaintyTable' xlink:type='arc' />
    <link:presentationArc order='10' xlink:arcrole='http://www.xbrl.org/2003/arcrole/parent-child' xlink:from='loc_UnusualRiskOrUncertaintyTable' xlink:to='loc_UnusualRiskOrUncertaintyByNatureAxis' xlink:type='arc' />
    <link:presentationArc order='10' xlink:arcrole='http://www.xbrl.org/2003/arcrole/parent-child' xlink:from='loc_UnusualRiskOrUncertaintyByNatureAxis' xlink:to='loc_UnusualRiskOrUncertaintyNatureDomain' xlink:type='arc' />
    <link:presentationArc order='20' xlink:arcrole='http://www.xbrl.org/2003/arcrole/parent-child' xlink:from='loc_UnusualRiskOrUncertaintyTable' xlink:to='loc_UnusualRiskOrUncertaintyLineItems' xlink:type='arc' />
    <link:presentationArc order='10' xlink:arcrole='http://www.xbrl.org/2003/arcrole/parent-child' xlink:from='loc_UnusualRiskOrUncertaintyLineItems' xlink:to='loc_UnusualRiskOrUncertaintyImpact' xlink:type='arc' />
  </link:presentationLink>
</link:linkbase>
