<?xml version='1.0' encoding='UTF-8'?>

<!--
(c) 2010-2024 Financial Accounting Foundation; (c) 2007-2010 XBRL US, Inc.  All Rights Reserved.
Notice: Authorized Uses are Set Forth at https://xbrl.fasb.org/terms/TaxonomiesTermsConditions.html
  -->
<link:linkbase xmlns:link='http://www.xbrl.org/2003/linkbase' xmlns:xlink='http://www.w3.org/1999/xlink' xmlns:xsi='http://www.w3.org/2001/XMLSchema-instance' xsi:schemaLocation='http://www.xbrl.org/2003/linkbase http://www.xbrl.org/2003/xbrl-linkbase-2003-12-31.xsd'>  <link:arcroleRef arcroleURI='https://xbrl.org/2023/arcrole/summation-item' xlink:href='https://www.xbrl.org/2023/calculation-1.1.xsd#summation-item' xlink:type='simple'/>
  <link:roleRef roleURI='http://fasb.org/us-gaap/role/disclosure/RealEstate' xlink:href='../elts/us-roles-2024.xsd#re' xlink:type='simple' />
  <link:calculationLink xlink:role='http://fasb.org/us-gaap/role/disclosure/RealEstate' xlink:type='extended'>
    <link:loc xlink:href='../elts/us-gaap-2024.xsd#us-gaap_RealEstateInventoryCapitalizedInterestCostsPeriodIncreaseDecrease' xlink:label='loc_RealEstateInventoryCapitalizedInterestCostsPeriodIncreaseDecrease' xlink:type='locator' />
    <link:loc xlink:href='../elts/us-gaap-2024.xsd#us-gaap_RealEstateInventoryCapitalizedInterestCostsIncurred' xlink:label='loc_RealEstateInventoryCapitalizedInterestCostsIncurred' xlink:type='locator' />
    <link:loc xlink:href='../elts/us-gaap-2024.xsd#us-gaap_RealEstateInventoryCapitalizedInterestCostsCostOfSales1' xlink:label='loc_RealEstateInventoryCapitalizedInterestCostsCostOfSales1' xlink:type='locator' />
    <link:loc xlink:href='../elts/us-gaap-2024.xsd#us-gaap_RetailLandSalesEstimatedCostOfMajorImprovements' xlink:label='loc_RetailLandSalesEstimatedCostOfMajorImprovements' xlink:type='locator' />
    <link:loc xlink:href='../elts/us-gaap-2024.xsd#us-gaap_RetailLandSalesEstimatedCostOfMajorImprovementsFirstYear' xlink:label='loc_RetailLandSalesEstimatedCostOfMajorImprovementsFirstYear' xlink:type='locator' />
    <link:loc xlink:href='../elts/us-gaap-2024.xsd#us-gaap_RetailLandSalesEstimatedCostOfMajorImprovementsSecondYear' xlink:label='loc_RetailLandSalesEstimatedCostOfMajorImprovementsSecondYear' xlink:type='locator' />
    <link:loc xlink:href='../elts/us-gaap-2024.xsd#us-gaap_RetailLandSalesEstimatedCostOfMajorImprovementsThirdYear' xlink:label='loc_RetailLandSalesEstimatedCostOfMajorImprovementsThirdYear' xlink:type='locator' />
    <link:loc xlink:href='../elts/us-gaap-2024.xsd#us-gaap_RetailLandSalesEstimatedCostOfMajorImprovementsFourthYear' xlink:label='loc_RetailLandSalesEstimatedCostOfMajorImprovementsFourthYear' xlink:type='locator' />
    <link:loc xlink:href='../elts/us-gaap-2024.xsd#us-gaap_RetailLandSalesEstimatedCostOfMajorImprovementsFifthYear' xlink:label='loc_RetailLandSalesEstimatedCostOfMajorImprovementsFifthYear' xlink:type='locator' />
    <link:loc xlink:href='../elts/us-gaap-2024.xsd#us-gaap_TimeSharingTransactionsPeriodIncreaseDecrease' xlink:label='loc_TimeSharingTransactionsPeriodIncreaseDecrease' xlink:type='locator' />
    <link:loc xlink:href='../elts/us-gaap-2024.xsd#us-gaap_TimeSharingTransactionsAllowanceForUncollectibleAccountsAdditionsForCurrentPeriodSales' xlink:label='loc_TimeSharingTransactionsAllowanceForUncollectibleAccountsAdditionsForCurrentPeriodSales' xlink:type='locator' />
    <link:loc xlink:href='../elts/us-gaap-2024.xsd#us-gaap_TimeSharingTransactionsDirectWriteOffsChargedAgainstAllowance' xlink:label='loc_TimeSharingTransactionsDirectWriteOffsChargedAgainstAllowance' xlink:type='locator' />
    <link:loc xlink:href='../elts/us-gaap-2024.xsd#us-gaap_TimeSharingTransactionsChangesInEstimateAssociatedWithPriorPeriodSales' xlink:label='loc_TimeSharingTransactionsChangesInEstimateAssociatedWithPriorPeriodSales' xlink:type='locator' />
    <link:calculationArc order='10' weight='1.0' xlink:arcrole='https://xbrl.org/2023/arcrole/summation-item' xlink:from='loc_RealEstateInventoryCapitalizedInterestCostsPeriodIncreaseDecrease' xlink:to='loc_RealEstateInventoryCapitalizedInterestCostsIncurred' xlink:type='arc' />
    <link:calculationArc order='20' weight='-1.0' xlink:arcrole='https://xbrl.org/2023/arcrole/summation-item' xlink:from='loc_RealEstateInventoryCapitalizedInterestCostsPeriodIncreaseDecrease' xlink:to='loc_RealEstateInventoryCapitalizedInterestCostsCostOfSales1' xlink:type='arc' />
    <link:calculationArc order='10' weight='1.0' xlink:arcrole='https://xbrl.org/2023/arcrole/summation-item' xlink:from='loc_RetailLandSalesEstimatedCostOfMajorImprovements' xlink:to='loc_RetailLandSalesEstimatedCostOfMajorImprovementsFirstYear' xlink:type='arc' />
    <link:calculationArc order='20' weight='1.0' xlink:arcrole='https://xbrl.org/2023/arcrole/summation-item' xlink:from='loc_RetailLandSalesEstimatedCostOfMajorImprovements' xlink:to='loc_RetailLandSalesEstimatedCostOfMajorImprovementsSecondYear' xlink:type='arc' />
    <link:calculationArc order='30' weight='1.0' xlink:arcrole='https://xbrl.org/2023/arcrole/summation-item' xlink:from='loc_RetailLandSalesEstimatedCostOfMajorImprovements' xlink:to='loc_RetailLandSalesEstimatedCostOfMajorImprovementsThirdYear' xlink:type='arc' />
    <link:calculationArc order='40' weight='1.0' xlink:arcrole='https://xbrl.org/2023/arcrole/summation-item' xlink:from='loc_RetailLandSalesEstimatedCostOfMajorImprovements' xlink:to='loc_RetailLandSalesEstimatedCostOfMajorImprovementsFourthYear' xlink:type='arc' />
    <link:calculationArc order='50' weight='1.0' xlink:arcrole='https://xbrl.org/2023/arcrole/summation-item' xlink:from='loc_RetailLandSalesEstimatedCostOfMajorImprovements' xlink:to='loc_RetailLandSalesEstimatedCostOfMajorImprovementsFifthYear' xlink:type='arc' />
    <link:calculationArc order='10' weight='1.0' xlink:arcrole='https://xbrl.org/2023/arcrole/summation-item' xlink:from='loc_TimeSharingTransactionsPeriodIncreaseDecrease' xlink:to='loc_TimeSharingTransactionsAllowanceForUncollectibleAccountsAdditionsForCurrentPeriodSales' xlink:type='arc' />
    <link:calculationArc order='20' weight='-1.0' xlink:arcrole='https://xbrl.org/2023/arcrole/summation-item' xlink:from='loc_TimeSharingTransactionsPeriodIncreaseDecrease' xlink:to='loc_TimeSharingTransactionsDirectWriteOffsChargedAgainstAllowance' xlink:type='arc' />
    <link:calculationArc order='30' weight='1.0' xlink:arcrole='https://xbrl.org/2023/arcrole/summation-item' xlink:from='loc_TimeSharingTransactionsPeriodIncreaseDecrease' xlink:to='loc_TimeSharingTransactionsChangesInEstimateAssociatedWithPriorPeriodSales' xlink:type='arc' />
  </link:calculationLink>
</link:linkbase>
