<?xml version='1.0' encoding='UTF-8'?>

<!--
(c) 2010-2024 Financial Accounting Foundation; (c) 2007-2010 XBRL US, Inc.  All Rights Reserved.
Notice: Authorized Uses are Set Forth at https://xbrl.fasb.org/terms/TaxonomiesTermsConditions.html
  -->
<link:linkbase xmlns:link='http://www.xbrl.org/2003/linkbase' xmlns:xlink='http://www.w3.org/1999/xlink' xmlns:xsi='http://www.w3.org/2001/XMLSchema-instance' xsi:schemaLocation='http://www.xbrl.org/2003/linkbase http://www.xbrl.org/2003/xbrl-linkbase-2003-12-31.xsd'>  <link:arcroleRef arcroleURI='https://xbrl.org/2023/arcrole/summation-item' xlink:href='https://www.xbrl.org/2023/calculation-1.1.xsd#summation-item' xlink:type='simple'/>
  <link:roleRef roleURI='http://fasb.org/us-gaap/role/disclosure/FinancialInstrumentsFairValueDisclosures' xlink:href='../elts/us-roles-2024.xsd#fifvd' xlink:type='simple' />
  <link:calculationLink xlink:role='http://fasb.org/us-gaap/role/disclosure/FinancialInstrumentsFairValueDisclosures' xlink:type='extended'>
    <link:loc xlink:href='../elts/us-gaap-2024.xsd#us-gaap_EquityFairValueDisclosure' xlink:label='loc_EquityFairValueDisclosure' xlink:type='locator' />
    <link:loc xlink:href='../elts/us-gaap-2024.xsd#us-gaap_ContingentConsiderationClassifiedAsEquityFairValueDisclosure' xlink:label='loc_ContingentConsiderationClassifiedAsEquityFairValueDisclosure' xlink:type='locator' />
    <link:loc xlink:href='../elts/us-gaap-2024.xsd#us-gaap_EquityIssuedInBusinessCombinationFairValueDisclosure' xlink:label='loc_EquityIssuedInBusinessCombinationFairValueDisclosure' xlink:type='locator' />
    <link:loc xlink:href='../elts/us-gaap-2024.xsd#us-gaap_WarrantsNotSettleableInCashFairValueDisclosure' xlink:label='loc_WarrantsNotSettleableInCashFairValueDisclosure' xlink:type='locator' />
    <link:loc xlink:href='../elts/us-gaap-2024.xsd#us-gaap_FairValueAssetsAndLiabilitiesMeasuredOnRecurringBasisGainLossIncludedInEarnings' xlink:label='loc_FairValueAssetsAndLiabilitiesMeasuredOnRecurringBasisGainLossIncludedInEarnings' xlink:type='locator' />
    <link:loc xlink:href='../elts/us-gaap-2024.xsd#us-gaap_FairValueMeasurementWithUnobservableInputsReconciliationRecurringBasisAssetGainLossIncludedInEarnings1' xlink:label='loc_FairValueMeasurementWithUnobservableInputsReconciliationRecurringBasisAssetGainLossIncludedInEarnings1' xlink:type='locator' />
    <link:loc xlink:href='../elts/us-gaap-2024.xsd#us-gaap_FairValueMeasurementWithUnobservableInputsReconciliationRecurringBasisLiabilityGainLossIncludedInEarnings' xlink:label='loc_FairValueMeasurementWithUnobservableInputsReconciliationRecurringBasisLiabilityGainLossIncludedInEarnings' xlink:type='locator' />
    <link:loc xlink:href='../elts/us-gaap-2024.xsd#us-gaap_FairValueMeasurementWithUnobservableInputsReconciliationRecurringBasisAssetPeriodIncreaseDecrease' xlink:label='loc_FairValueMeasurementWithUnobservableInputsReconciliationRecurringBasisAssetPeriodIncreaseDecrease' xlink:type='locator' />
    <link:loc xlink:href='../elts/us-gaap-2024.xsd#us-gaap_FairValueMeasurementWithUnobservableInputsReconciliationRecurringBasisAssetPurchasesSalesIssuancesSettlements' xlink:label='loc_FairValueMeasurementWithUnobservableInputsReconciliationRecurringBasisAssetPurchasesSalesIssuancesSettlements' xlink:type='locator' />
    <link:loc xlink:href='../elts/us-gaap-2024.xsd#us-gaap_FairValueMeasurementWithUnobservableInputsReconciliationRecurringBasisAssetPurchases' xlink:label='loc_FairValueMeasurementWithUnobservableInputsReconciliationRecurringBasisAssetPurchases' xlink:type='locator' />
    <link:loc xlink:href='../elts/us-gaap-2024.xsd#us-gaap_FairValueMeasurementWithUnobservableInputsReconciliationRecurringBasisAssetSales' xlink:label='loc_FairValueMeasurementWithUnobservableInputsReconciliationRecurringBasisAssetSales' xlink:type='locator' />
    <link:loc xlink:href='../elts/us-gaap-2024.xsd#us-gaap_FairValueMeasurementWithUnobservableInputsReconciliationRecurringBasisAssetIssues' xlink:label='loc_FairValueMeasurementWithUnobservableInputsReconciliationRecurringBasisAssetIssues' xlink:type='locator' />
    <link:loc xlink:href='../elts/us-gaap-2024.xsd#us-gaap_FairValueMeasurementWithUnobservableInputsReconciliationRecurringBasisAssetSettlements' xlink:label='loc_FairValueMeasurementWithUnobservableInputsReconciliationRecurringBasisAssetSettlements' xlink:type='locator' />
    <link:loc xlink:href='../elts/us-gaap-2024.xsd#us-gaap_FairValueMeasurementWithUnobservableInputsReconciliationRecurringBasisAssetTransfersNet' xlink:label='loc_FairValueMeasurementWithUnobservableInputsReconciliationRecurringBasisAssetTransfersNet' xlink:type='locator' />
    <link:loc xlink:href='../elts/us-gaap-2024.xsd#us-gaap_FairValueMeasurementWithUnobservableInputsReconciliationRecurringBasisAssetTransfersIntoLevel3' xlink:label='loc_FairValueMeasurementWithUnobservableInputsReconciliationRecurringBasisAssetTransfersIntoLevel3' xlink:type='locator' />
    <link:loc xlink:href='../elts/us-gaap-2024.xsd#us-gaap_FairValueMeasurementWithUnobservableInputsReconciliationRecurringBasisAssetTransfersOutOfLevel3' xlink:label='loc_FairValueMeasurementWithUnobservableInputsReconciliationRecurringBasisAssetTransfersOutOfLevel3' xlink:type='locator' />
    <link:loc xlink:href='../elts/us-gaap-2024.xsd#us-gaap_FairValueMeasurementWithUnobservableInputsReconciliationRecurringBasisAssetGainLossIncludedInOtherComprehensiveIncomeLoss' xlink:label='loc_FairValueMeasurementWithUnobservableInputsReconciliationRecurringBasisAssetGainLossIncludedInOtherComprehensiveIncomeLoss' xlink:type='locator' />
    <link:loc xlink:href='../elts/us-gaap-2024.xsd#us-gaap_FairValueMeasurementWithUnobservableInputsReconciliationRecurringBasisLiabilityPeriodIncreaseDecrease' xlink:label='loc_FairValueMeasurementWithUnobservableInputsReconciliationRecurringBasisLiabilityPeriodIncreaseDecrease' xlink:type='locator' />
    <link:loc xlink:href='../elts/us-gaap-2024.xsd#us-gaap_FairValueMeasurementWithUnobservableInputsReconciliationRecurringBasisLiabilityGainLossIncludedInOtherComprehensiveIncome' xlink:label='loc_FairValueMeasurementWithUnobservableInputsReconciliationRecurringBasisLiabilityGainLossIncludedInOtherComprehensiveIncome' xlink:type='locator' />
    <link:loc xlink:href='../elts/us-gaap-2024.xsd#us-gaap_FairValueMeasurementWithUnobservableInputsReconciliationRecurringBasisLiabilityPurchasesSalesIssuancesSettlements' xlink:label='loc_FairValueMeasurementWithUnobservableInputsReconciliationRecurringBasisLiabilityPurchasesSalesIssuancesSettlements' xlink:type='locator' />
    <link:loc xlink:href='../elts/us-gaap-2024.xsd#us-gaap_FairValueMeasurementWithUnobservableInputsReconciliationRecurringBasisLiabilityPurchases' xlink:label='loc_FairValueMeasurementWithUnobservableInputsReconciliationRecurringBasisLiabilityPurchases' xlink:type='locator' />
    <link:loc xlink:href='../elts/us-gaap-2024.xsd#us-gaap_FairValueMeasurementWithUnobservableInputsReconciliationRecurringBasisLiabilitySales' xlink:label='loc_FairValueMeasurementWithUnobservableInputsReconciliationRecurringBasisLiabilitySales' xlink:type='locator' />
    <link:loc xlink:href='../elts/us-gaap-2024.xsd#us-gaap_FairValueMeasurementWithUnobservableInputsReconciliationRecurringBasisLiabilityIssues' xlink:label='loc_FairValueMeasurementWithUnobservableInputsReconciliationRecurringBasisLiabilityIssues' xlink:type='locator' />
    <link:loc xlink:href='../elts/us-gaap-2024.xsd#us-gaap_FairValueMeasurementWithUnobservableInputsReconciliationRecurringBasisLiabilitySettlements' xlink:label='loc_FairValueMeasurementWithUnobservableInputsReconciliationRecurringBasisLiabilitySettlements' xlink:type='locator' />
    <link:loc xlink:href='../elts/us-gaap-2024.xsd#us-gaap_FairValueMeasurementWithUnobservableInputsReconciliationRecurringBasisLiabilityTransfersNet' xlink:label='loc_FairValueMeasurementWithUnobservableInputsReconciliationRecurringBasisLiabilityTransfersNet' xlink:type='locator' />
    <link:loc xlink:href='../elts/us-gaap-2024.xsd#us-gaap_FairValueMeasurementWithUnobservableInputsReconciliationLiabilityTransfersIntoLevel3' xlink:label='loc_FairValueMeasurementWithUnobservableInputsReconciliationLiabilityTransfersIntoLevel3' xlink:type='locator' />
    <link:loc xlink:href='../elts/us-gaap-2024.xsd#us-gaap_FairValueMeasurementWithUnobservableInputsReconciliationLiabilityTransfersOutOfLevel3' xlink:label='loc_FairValueMeasurementWithUnobservableInputsReconciliationLiabilityTransfersOutOfLevel3' xlink:type='locator' />
    <link:loc xlink:href='../elts/us-gaap-2024.xsd#us-gaap_FairValueNetAssetLiability' xlink:label='loc_FairValueNetAssetLiability' xlink:type='locator' />
    <link:loc xlink:href='../elts/us-gaap-2024.xsd#us-gaap_AssetsFairValueDisclosure' xlink:label='loc_AssetsFairValueDisclosure' xlink:type='locator' />
    <link:loc xlink:href='../elts/us-gaap-2024.xsd#us-gaap_CashAndCashEquivalentsFairValueDisclosure' xlink:label='loc_CashAndCashEquivalentsFairValueDisclosure' xlink:type='locator' />
    <link:loc xlink:href='../elts/us-gaap-2024.xsd#us-gaap_ReceivablesFairValueDisclosure' xlink:label='loc_ReceivablesFairValueDisclosure' xlink:type='locator' />
    <link:loc xlink:href='../elts/us-gaap-2024.xsd#us-gaap_AccountsReceivableFairValueDisclosure' xlink:label='loc_AccountsReceivableFairValueDisclosure' xlink:type='locator' />
    <link:loc xlink:href='../elts/us-gaap-2024.xsd#us-gaap_PremiumsReceivableFairValueDisclosure' xlink:label='loc_PremiumsReceivableFairValueDisclosure' xlink:type='locator' />
    <link:loc xlink:href='../elts/us-gaap-2024.xsd#us-gaap_NotesReceivableFairValueDisclosure' xlink:label='loc_NotesReceivableFairValueDisclosure' xlink:type='locator' />
    <link:loc xlink:href='../elts/us-gaap-2024.xsd#us-gaap_LoansReceivableFairValueDisclosure' xlink:label='loc_LoansReceivableFairValueDisclosure' xlink:type='locator' />
    <link:loc xlink:href='../elts/us-gaap-2024.xsd#us-gaap_InvestmentsFairValueDisclosure' xlink:label='loc_InvestmentsFairValueDisclosure' xlink:type='locator' />
    <link:loc xlink:href='../elts/us-gaap-2024.xsd#us-gaap_EquitySecuritiesFvNiCurrentAndNoncurrent' xlink:label='loc_EquitySecuritiesFvNiCurrentAndNoncurrent' xlink:type='locator' />
    <link:loc xlink:href='../elts/us-gaap-2024.xsd#us-gaap_TradingSecuritiesDebt' xlink:label='loc_TradingSecuritiesDebt' xlink:type='locator' />
    <link:loc xlink:href='../elts/us-gaap-2024.xsd#us-gaap_HeldToMaturitySecuritiesFairValue' xlink:label='loc_HeldToMaturitySecuritiesFairValue' xlink:type='locator' />
    <link:loc xlink:href='../elts/us-gaap-2024.xsd#us-gaap_HeldToMaturitySecuritiesDebtMaturitiesWithoutSingleMaturityDateFairValue' xlink:label='loc_HeldToMaturitySecuritiesDebtMaturitiesWithoutSingleMaturityDateFairValue' xlink:type='locator' />
    <link:loc xlink:href='../elts/us-gaap-2024.xsd#us-gaap_HeldToMaturitySecuritiesDebtMaturitiesSingleMaturityDateFairValue' xlink:label='loc_HeldToMaturitySecuritiesDebtMaturitiesSingleMaturityDateFairValue' xlink:type='locator' />
    <link:loc xlink:href='../elts/us-gaap-2024.xsd#us-gaap_HeldToMaturitySecuritiesDebtMaturitiesWithinOneYearFairValue' xlink:label='loc_HeldToMaturitySecuritiesDebtMaturitiesWithinOneYearFairValue' xlink:type='locator' />
    <link:loc xlink:href='../elts/us-gaap-2024.xsd#us-gaap_HeldToMaturitySecuritiesDebtMaturitiesAfterOneThroughFiveYearsFairValue' xlink:label='loc_HeldToMaturitySecuritiesDebtMaturitiesAfterOneThroughFiveYearsFairValue' xlink:type='locator' />
    <link:loc xlink:href='../elts/us-gaap-2024.xsd#us-gaap_HeldToMaturitySecuritiesDebtMaturitiesAfterFiveThroughTenYearsFairValue' xlink:label='loc_HeldToMaturitySecuritiesDebtMaturitiesAfterFiveThroughTenYearsFairValue' xlink:type='locator' />
    <link:loc xlink:href='../elts/us-gaap-2024.xsd#us-gaap_HeldToMaturitySecuritiesDebtMaturitiesAfterTenYearsFairValue' xlink:label='loc_HeldToMaturitySecuritiesDebtMaturitiesAfterTenYearsFairValue' xlink:type='locator' />
    <link:loc xlink:href='../elts/us-gaap-2024.xsd#us-gaap_AvailableForSaleSecuritiesDebtSecurities' xlink:label='loc_AvailableForSaleSecuritiesDebtSecurities' xlink:type='locator' />
    <link:loc xlink:href='../elts/us-gaap-2024.xsd#us-gaap_EquityMethodInvestmentsFairValueDisclosure' xlink:label='loc_EquityMethodInvestmentsFairValueDisclosure' xlink:type='locator' />
    <link:loc xlink:href='../elts/us-gaap-2024.xsd#us-gaap_InvestmentInFederalHomeLoanBankStockFairValueDisclosure' xlink:label='loc_InvestmentInFederalHomeLoanBankStockFairValueDisclosure' xlink:type='locator' />
    <link:loc xlink:href='../elts/us-gaap-2024.xsd#us-gaap_FederalFundsSoldAndSecuritiesBorrowedOrPurchasedUnderAgreementsToResellFairValueDisclosure' xlink:label='loc_FederalFundsSoldAndSecuritiesBorrowedOrPurchasedUnderAgreementsToResellFairValueDisclosure' xlink:type='locator' />
    <link:loc xlink:href='../elts/us-gaap-2024.xsd#us-gaap_AlternativeInvestment' xlink:label='loc_AlternativeInvestment' xlink:type='locator' />
    <link:loc xlink:href='../elts/us-gaap-2024.xsd#us-gaap_MortgageBackedSecuritiesAvailableForSaleFairValueDisclosure' xlink:label='loc_MortgageBackedSecuritiesAvailableForSaleFairValueDisclosure' xlink:type='locator' />
    <link:loc xlink:href='../elts/us-gaap-2024.xsd#us-gaap_MortgageBackedSecuritiesHeldToMaturityFairValueDisclosure' xlink:label='loc_MortgageBackedSecuritiesHeldToMaturityFairValueDisclosure' xlink:type='locator' />
    <link:loc xlink:href='../elts/us-gaap-2024.xsd#us-gaap_LoansHeldForSaleFairValueDisclosure' xlink:label='loc_LoansHeldForSaleFairValueDisclosure' xlink:type='locator' />
    <link:loc xlink:href='../elts/us-gaap-2024.xsd#us-gaap_MortgagesHeldForSaleFairValueDisclosure' xlink:label='loc_MortgagesHeldForSaleFairValueDisclosure' xlink:type='locator' />
    <link:loc xlink:href='../elts/us-gaap-2024.xsd#us-gaap_CashSurrenderValueFairValueDisclosure' xlink:label='loc_CashSurrenderValueFairValueDisclosure' xlink:type='locator' />
    <link:loc xlink:href='../elts/us-gaap-2024.xsd#us-gaap_SecuritiesBorrowedFairValueDisclosure' xlink:label='loc_SecuritiesBorrowedFairValueDisclosure' xlink:type='locator' />
    <link:loc xlink:href='../elts/us-gaap-2024.xsd#us-gaap_ServicingAssetAtFairValueAmount' xlink:label='loc_ServicingAssetAtFairValueAmount' xlink:type='locator' />
    <link:loc xlink:href='../elts/us-gaap-2024.xsd#us-gaap_RetainedInterestFairValueDisclosure' xlink:label='loc_RetainedInterestFairValueDisclosure' xlink:type='locator' />
    <link:loc xlink:href='../elts/us-gaap-2024.xsd#us-gaap_DerivativeAssets' xlink:label='loc_DerivativeAssets' xlink:type='locator' />
    <link:loc xlink:href='../elts/us-gaap-2024.xsd#us-gaap_ForeignCurrencyContractAssetFairValueDisclosure' xlink:label='loc_ForeignCurrencyContractAssetFairValueDisclosure' xlink:type='locator' />
    <link:loc xlink:href='../elts/us-gaap-2024.xsd#us-gaap_OtherAssetsFairValueDisclosure' xlink:label='loc_OtherAssetsFairValueDisclosure' xlink:type='locator' />
    <link:loc xlink:href='../elts/us-gaap-2024.xsd#us-gaap_InventoryNoncurrentFairValueDisclosure' xlink:label='loc_InventoryNoncurrentFairValueDisclosure' xlink:type='locator' />
    <link:loc xlink:href='../elts/us-gaap-2024.xsd#us-gaap_PropertyPlantAndEquipmentFairValueDisclosure' xlink:label='loc_PropertyPlantAndEquipmentFairValueDisclosure' xlink:type='locator' />
    <link:loc xlink:href='../elts/us-gaap-2024.xsd#us-gaap_InvestmentsInAffiliatesSubsidiariesAssociatesAndJointVenturesFairValueDisclosure' xlink:label='loc_InvestmentsInAffiliatesSubsidiariesAssociatesAndJointVenturesFairValueDisclosure' xlink:type='locator' />
    <link:loc xlink:href='../elts/us-gaap-2024.xsd#us-gaap_InvestmentInPhysicalCommoditiesFairValueDisclosure' xlink:label='loc_InvestmentInPhysicalCommoditiesFairValueDisclosure' xlink:type='locator' />
    <link:loc xlink:href='../elts/us-gaap-2024.xsd#us-gaap_GoodwillFairValueDisclosure' xlink:label='loc_GoodwillFairValueDisclosure' xlink:type='locator' />
    <link:loc xlink:href='../elts/us-gaap-2024.xsd#us-gaap_IndefiniteLivedIntangibleAssetsExcludingGoodwillFairValueDisclosure' xlink:label='loc_IndefiniteLivedIntangibleAssetsExcludingGoodwillFairValueDisclosure' xlink:type='locator' />
    <link:loc xlink:href='../elts/us-gaap-2024.xsd#us-gaap_FiniteLivedIntangibleAssetsFairValueDisclosure' xlink:label='loc_FiniteLivedIntangibleAssetsFairValueDisclosure' xlink:type='locator' />
    <link:loc xlink:href='../elts/us-gaap-2024.xsd#us-gaap_InvestmentsInPowerAndDistributionProjectsFairValueDisclosure' xlink:label='loc_InvestmentsInPowerAndDistributionProjectsFairValueDisclosure' xlink:type='locator' />
    <link:loc xlink:href='../elts/us-gaap-2024.xsd#us-gaap_AssetsHeldForSaleLongLivedFairValueDisclosure' xlink:label='loc_AssetsHeldForSaleLongLivedFairValueDisclosure' xlink:type='locator' />
    <link:loc xlink:href='../elts/us-gaap-2024.xsd#us-gaap_RegulatoryAssetsNoncurrentFairValueDisclosure' xlink:label='loc_RegulatoryAssetsNoncurrentFairValueDisclosure' xlink:type='locator' />
    <link:loc xlink:href='../elts/us-gaap-2024.xsd#us-gaap_GasPurchaseContractFairValueDisclosure' xlink:label='loc_GasPurchaseContractFairValueDisclosure' xlink:type='locator' />
    <link:loc xlink:href='../elts/us-gaap-2024.xsd#us-gaap_LiabilitiesFairValueDisclosure' xlink:label='loc_LiabilitiesFairValueDisclosure' xlink:type='locator' />
    <link:loc xlink:href='../elts/us-gaap-2024.xsd#us-gaap_FinancialLiabilitiesFairValueDisclosure' xlink:label='loc_FinancialLiabilitiesFairValueDisclosure' xlink:type='locator' />
    <link:loc xlink:href='../elts/us-gaap-2024.xsd#us-gaap_DebtInstrumentFairValue' xlink:label='loc_DebtInstrumentFairValue' xlink:type='locator' />
    <link:loc xlink:href='../elts/us-gaap-2024.xsd#us-gaap_NotesPayableFairValueDisclosure' xlink:label='loc_NotesPayableFairValueDisclosure' xlink:type='locator' />
    <link:loc xlink:href='../elts/us-gaap-2024.xsd#us-gaap_LoansPayableFairValueDisclosure' xlink:label='loc_LoansPayableFairValueDisclosure' xlink:type='locator' />
    <link:loc xlink:href='../elts/us-gaap-2024.xsd#us-gaap_LinesOfCreditFairValueDisclosure' xlink:label='loc_LinesOfCreditFairValueDisclosure' xlink:type='locator' />
    <link:loc xlink:href='../elts/us-gaap-2024.xsd#us-gaap_ConvertibleDebtFairValueDisclosures' xlink:label='loc_ConvertibleDebtFairValueDisclosures' xlink:type='locator' />
    <link:loc xlink:href='../elts/us-gaap-2024.xsd#us-gaap_FairValueLiabilitiesMeasuredOnRecurringBasisSubordinatedDebtObligations' xlink:label='loc_FairValueLiabilitiesMeasuredOnRecurringBasisSubordinatedDebtObligations' xlink:type='locator' />
    <link:loc xlink:href='../elts/us-gaap-2024.xsd#us-gaap_TradingLiabilitiesFairValueDisclosure' xlink:label='loc_TradingLiabilitiesFairValueDisclosure' xlink:type='locator' />
    <link:loc xlink:href='../elts/us-gaap-2024.xsd#us-gaap_FederalFundsPurchasedAndSecuritiesLoanedOrSoldUnderAgreementsToRepurchaseFairValueDisclosure' xlink:label='loc_FederalFundsPurchasedAndSecuritiesLoanedOrSoldUnderAgreementsToRepurchaseFairValueDisclosure' xlink:type='locator' />
    <link:loc xlink:href='../elts/us-gaap-2024.xsd#us-gaap_FederalFundsPurchasedFairValueDisclosure' xlink:label='loc_FederalFundsPurchasedFairValueDisclosure' xlink:type='locator' />
    <link:loc xlink:href='../elts/us-gaap-2024.xsd#us-gaap_SecuritiesLoanedOrSoldUnderAgreementsToRepurchaseFairValueDisclosure' xlink:label='loc_SecuritiesLoanedOrSoldUnderAgreementsToRepurchaseFairValueDisclosure' xlink:type='locator' />
    <link:loc xlink:href='../elts/us-gaap-2024.xsd#us-gaap_FederalHomeLoanBankBorrowingsFairValueDisclosure' xlink:label='loc_FederalHomeLoanBankBorrowingsFairValueDisclosure' xlink:type='locator' />
    <link:loc xlink:href='../elts/us-gaap-2024.xsd#us-gaap_DerivativeLiabilities' xlink:label='loc_DerivativeLiabilities' xlink:type='locator' />
    <link:loc xlink:href='../elts/us-gaap-2024.xsd#us-gaap_ForeignCurrencyContractsLiabilityFairValueDisclosure' xlink:label='loc_ForeignCurrencyContractsLiabilityFairValueDisclosure' xlink:type='locator' />
    <link:loc xlink:href='../elts/us-gaap-2024.xsd#us-gaap_GuaranteesFairValueDisclosure' xlink:label='loc_GuaranteesFairValueDisclosure' xlink:type='locator' />
    <link:loc xlink:href='../elts/us-gaap-2024.xsd#us-gaap_LiabilitiesRelatedToInvestmentContractsFairValueDisclosure' xlink:label='loc_LiabilitiesRelatedToInvestmentContractsFairValueDisclosure' xlink:type='locator' />
    <link:loc xlink:href='../elts/us-gaap-2024.xsd#us-gaap_MandatorilyRedeemablePreferredStockFairValueDisclosure' xlink:label='loc_MandatorilyRedeemablePreferredStockFairValueDisclosure' xlink:type='locator' />
    <link:loc xlink:href='../elts/us-gaap-2024.xsd#us-gaap_FinancialInstrumentsSoldNotYetPurchasedAtFairValue' xlink:label='loc_FinancialInstrumentsSoldNotYetPurchasedAtFairValue' xlink:type='locator' />
    <link:loc xlink:href='../elts/us-gaap-2024.xsd#us-gaap_ServicingLiabilityAtFairValueAmount' xlink:label='loc_ServicingLiabilityAtFairValueAmount' xlink:type='locator' />
    <link:loc xlink:href='../elts/us-gaap-2024.xsd#us-gaap_DepositsFairValueDisclosure' xlink:label='loc_DepositsFairValueDisclosure' xlink:type='locator' />
    <link:loc xlink:href='../elts/us-gaap-2024.xsd#us-gaap_NonfinancialLiabilitiesFairValueDisclosure' xlink:label='loc_NonfinancialLiabilitiesFairValueDisclosure' xlink:type='locator' />
    <link:loc xlink:href='../elts/us-gaap-2024.xsd#us-gaap_AccountsPayableAndAccruedLiabilitiesFairValueDisclosure' xlink:label='loc_AccountsPayableAndAccruedLiabilitiesFairValueDisclosure' xlink:type='locator' />
    <link:loc xlink:href='../elts/us-gaap-2024.xsd#us-gaap_AccountsPayableFairValueDisclosure' xlink:label='loc_AccountsPayableFairValueDisclosure' xlink:type='locator' />
    <link:loc xlink:href='../elts/us-gaap-2024.xsd#us-gaap_AccruedLiabilitiesFairValueDisclosure' xlink:label='loc_AccruedLiabilitiesFairValueDisclosure' xlink:type='locator' />
    <link:loc xlink:href='../elts/us-gaap-2024.xsd#us-gaap_FairValueLiabilitiesMeasuredOnRecurringBasisObligations' xlink:label='loc_FairValueLiabilitiesMeasuredOnRecurringBasisObligations' xlink:type='locator' />
    <link:loc xlink:href='../elts/us-gaap-2024.xsd#us-gaap_CommitmentsFairValueDisclosure' xlink:label='loc_CommitmentsFairValueDisclosure' xlink:type='locator' />
    <link:loc xlink:href='../elts/us-gaap-2024.xsd#us-gaap_OtherLiabilitiesFairValueDisclosure' xlink:label='loc_OtherLiabilitiesFairValueDisclosure' xlink:type='locator' />
    <link:loc xlink:href='../elts/us-gaap-2024.xsd#us-gaap_FairValueNetDerivativeAssetLiabilityMeasuredOnRecurringBasisUnobservableInputsReconciliationPeriodIncreaseDecrease' xlink:label='loc_FairValueNetDerivativeAssetLiabilityMeasuredOnRecurringBasisUnobservableInputsReconciliationPeriodIncreaseDecrease' xlink:type='locator' />
    <link:loc xlink:href='../elts/us-gaap-2024.xsd#us-gaap_FairValueNetDerivativeAssetLiabilityMeasuredOnRecurringBasisUnobservableInputsReconciliationTransfersNet' xlink:label='loc_FairValueNetDerivativeAssetLiabilityMeasuredOnRecurringBasisUnobservableInputsReconciliationTransfersNet' xlink:type='locator' />
    <link:loc xlink:href='../elts/us-gaap-2024.xsd#us-gaap_FairValueNetDerivativeAssetLiabilityMeasuredOnRecurringBasisUnobservableInputsReconciliationTransfersIntoLevel3' xlink:label='loc_FairValueNetDerivativeAssetLiabilityMeasuredOnRecurringBasisUnobservableInputsReconciliationTransfersIntoLevel3' xlink:type='locator' />
    <link:loc xlink:href='../elts/us-gaap-2024.xsd#us-gaap_FairValueNetDerivativeAssetLiabilityMeasuredOnRecurringBasisUnobservableInputsReconciliationTransfersOutOfLevel3' xlink:label='loc_FairValueNetDerivativeAssetLiabilityMeasuredOnRecurringBasisUnobservableInputsReconciliationTransfersOutOfLevel3' xlink:type='locator' />
    <link:loc xlink:href='../elts/us-gaap-2024.xsd#us-gaap_FairValueNetDerivativeAssetLiabilityMeasuredOnRecurringBasisUnobservableInputsReconciliationPurchasesSalesIssuesSettlements' xlink:label='loc_FairValueNetDerivativeAssetLiabilityMeasuredOnRecurringBasisUnobservableInputsReconciliationPurchasesSalesIssuesSettlements' xlink:type='locator' />
    <link:loc xlink:href='../elts/us-gaap-2024.xsd#us-gaap_FairValueNetDerivativeAssetLiabilityMeasuredOnRecurringBasisUnobservableInputsReconciliationPurchases' xlink:label='loc_FairValueNetDerivativeAssetLiabilityMeasuredOnRecurringBasisUnobservableInputsReconciliationPurchases' xlink:type='locator' />
    <link:loc xlink:href='../elts/us-gaap-2024.xsd#us-gaap_FairValueNetDerivativeAssetLiabilityMeasuredOnRecurringBasisUnobservableInputsReconciliationSales' xlink:label='loc_FairValueNetDerivativeAssetLiabilityMeasuredOnRecurringBasisUnobservableInputsReconciliationSales' xlink:type='locator' />
    <link:loc xlink:href='../elts/us-gaap-2024.xsd#us-gaap_FairValueNetDerivativeAssetLiabilityMeasuredOnRecurringBasisUnobservableInputsReconciliationIssues' xlink:label='loc_FairValueNetDerivativeAssetLiabilityMeasuredOnRecurringBasisUnobservableInputsReconciliationIssues' xlink:type='locator' />
    <link:loc xlink:href='../elts/us-gaap-2024.xsd#us-gaap_FairValueNetDerivativeAssetLiabilityMeasuredOnRecurringBasisUnobservableInputsReconciliationSettlements' xlink:label='loc_FairValueNetDerivativeAssetLiabilityMeasuredOnRecurringBasisUnobservableInputsReconciliationSettlements' xlink:type='locator' />
    <link:loc xlink:href='../elts/us-gaap-2024.xsd#us-gaap_FairValueNetDerivativeAssetLiabilityMeasuredOnRecurringBasisUnobservableInputsReconciliationGainLossIncludedInEarnings' xlink:label='loc_FairValueNetDerivativeAssetLiabilityMeasuredOnRecurringBasisUnobservableInputsReconciliationGainLossIncludedInEarnings' xlink:type='locator' />
    <link:loc xlink:href='../elts/us-gaap-2024.xsd#us-gaap_FairValueNetDerivativeAssetLiabilityMeasuredOnRecurringBasisUnobservableInputsReconciliationGainLossIncludedInOtherComprehensiveIncomeLoss' xlink:label='loc_FairValueNetDerivativeAssetLiabilityMeasuredOnRecurringBasisUnobservableInputsReconciliationGainLossIncludedInOtherComprehensiveIncomeLoss' xlink:type='locator' />
    <link:loc xlink:href='../elts/us-gaap-2024.xsd#us-gaap_FairValueOptionLoansHeldAsAssetsAggregateDifference' xlink:label='loc_FairValueOptionLoansHeldAsAssetsAggregateDifference' xlink:type='locator' />
    <link:loc xlink:href='../elts/us-gaap-2024.xsd#us-gaap_FairValueOptionLoansHeldAsAssets90DaysOrMorePastDueAggregateDifference' xlink:label='loc_FairValueOptionLoansHeldAsAssets90DaysOrMorePastDueAggregateDifference' xlink:type='locator' />
    <link:loc xlink:href='../elts/us-gaap-2024.xsd#us-gaap_FairValueOptionLoansHeldAsAssetsAggregateAmountInNonaccrualStatusAggregatedDifference' xlink:label='loc_FairValueOptionLoansHeldAsAssetsAggregateAmountInNonaccrualStatusAggregatedDifference' xlink:type='locator' />
    <link:loc xlink:href='../elts/us-gaap-2024.xsd#us-gaap_FairValueRecurringBasisUnobservableInputReconciliationAssetLiabilityGainLossOci' xlink:label='loc_FairValueRecurringBasisUnobservableInputReconciliationAssetLiabilityGainLossOci' xlink:type='locator' />
    <link:loc xlink:href='../elts/us-gaap-2024.xsd#us-gaap_FairValueAssetLiabilityRecurringBasisStillHeldUnrealizedGainLossOci' xlink:label='loc_FairValueAssetLiabilityRecurringBasisStillHeldUnrealizedGainLossOci' xlink:type='locator' />
    <link:loc xlink:href='../elts/us-gaap-2024.xsd#us-gaap_FairValueAssetRecurringBasisStillHeldUnrealizedGainLossOci' xlink:label='loc_FairValueAssetRecurringBasisStillHeldUnrealizedGainLossOci' xlink:type='locator' />
    <link:loc xlink:href='../elts/us-gaap-2024.xsd#us-gaap_FairValueLiabilityRecurringBasisStillHeldUnrealizedGainLossOci' xlink:label='loc_FairValueLiabilityRecurringBasisStillHeldUnrealizedGainLossOci' xlink:type='locator' />
    <link:loc xlink:href='../elts/us-gaap-2024.xsd#us-gaap_DebtAndEquitySecuritiesUnrealizedGainLoss' xlink:label='loc_DebtAndEquitySecuritiesUnrealizedGainLoss' xlink:type='locator' />
    <link:loc xlink:href='../elts/us-gaap-2024.xsd#us-gaap_EquitySecuritiesFvNiUnrealizedGainLoss' xlink:label='loc_EquitySecuritiesFvNiUnrealizedGainLoss' xlink:type='locator' />
    <link:loc xlink:href='../elts/us-gaap-2024.xsd#us-gaap_DebtSecuritiesUnrealizedGainLoss' xlink:label='loc_DebtSecuritiesUnrealizedGainLoss' xlink:type='locator' />
    <link:loc xlink:href='../elts/us-gaap-2024.xsd#us-gaap_DebtSecuritiesTradingUnrealizedGainLoss' xlink:label='loc_DebtSecuritiesTradingUnrealizedGainLoss' xlink:type='locator' />
    <link:loc xlink:href='../elts/us-gaap-2024.xsd#us-gaap_DebtSecuritiesAvailableForSaleUnrealizedGainLoss' xlink:label='loc_DebtSecuritiesAvailableForSaleUnrealizedGainLoss' xlink:type='locator' />
    <link:loc xlink:href='../elts/us-gaap-2024.xsd#us-gaap_HeldtomaturitySecuritiesTransferredToTradingSecuritiesUnrealizedGainLossExcludingOtherThanTemporaryImpairments' xlink:label='loc_HeldtomaturitySecuritiesTransferredToTradingSecuritiesUnrealizedGainLossExcludingOtherThanTemporaryImpairments' xlink:type='locator' />
    <link:calculationArc order='10' weight='1.0' xlink:arcrole='https://xbrl.org/2023/arcrole/summation-item' xlink:from='loc_EquityFairValueDisclosure' xlink:to='loc_ContingentConsiderationClassifiedAsEquityFairValueDisclosure' xlink:type='arc' />
    <link:calculationArc order='20' weight='1.0' xlink:arcrole='https://xbrl.org/2023/arcrole/summation-item' xlink:from='loc_EquityFairValueDisclosure' xlink:to='loc_EquityIssuedInBusinessCombinationFairValueDisclosure' xlink:type='arc' />
    <link:calculationArc order='30' weight='1.0' xlink:arcrole='https://xbrl.org/2023/arcrole/summation-item' xlink:from='loc_EquityFairValueDisclosure' xlink:to='loc_WarrantsNotSettleableInCashFairValueDisclosure' xlink:type='arc' />
    <link:calculationArc order='10' weight='1.0' xlink:arcrole='https://xbrl.org/2023/arcrole/summation-item' xlink:from='loc_FairValueAssetsAndLiabilitiesMeasuredOnRecurringBasisGainLossIncludedInEarnings' xlink:to='loc_FairValueMeasurementWithUnobservableInputsReconciliationRecurringBasisAssetGainLossIncludedInEarnings1' xlink:type='arc' />
    <link:calculationArc order='20' weight='1.0' xlink:arcrole='https://xbrl.org/2023/arcrole/summation-item' xlink:from='loc_FairValueAssetsAndLiabilitiesMeasuredOnRecurringBasisGainLossIncludedInEarnings' xlink:to='loc_FairValueMeasurementWithUnobservableInputsReconciliationRecurringBasisLiabilityGainLossIncludedInEarnings' xlink:type='arc' />
    <link:calculationArc order='10' weight='1.0' xlink:arcrole='https://xbrl.org/2023/arcrole/summation-item' xlink:from='loc_FairValueMeasurementWithUnobservableInputsReconciliationRecurringBasisAssetPeriodIncreaseDecrease' xlink:to='loc_FairValueMeasurementWithUnobservableInputsReconciliationRecurringBasisAssetPurchasesSalesIssuancesSettlements' xlink:type='arc' />
    <link:calculationArc order='10' weight='1.0' xlink:arcrole='https://xbrl.org/2023/arcrole/summation-item' xlink:from='loc_FairValueMeasurementWithUnobservableInputsReconciliationRecurringBasisAssetPurchasesSalesIssuancesSettlements' xlink:to='loc_FairValueMeasurementWithUnobservableInputsReconciliationRecurringBasisAssetPurchases' xlink:type='arc' />
    <link:calculationArc order='20' weight='-1.0' xlink:arcrole='https://xbrl.org/2023/arcrole/summation-item' xlink:from='loc_FairValueMeasurementWithUnobservableInputsReconciliationRecurringBasisAssetPurchasesSalesIssuancesSettlements' xlink:to='loc_FairValueMeasurementWithUnobservableInputsReconciliationRecurringBasisAssetSales' xlink:type='arc' />
    <link:calculationArc order='30' weight='1.0' xlink:arcrole='https://xbrl.org/2023/arcrole/summation-item' xlink:from='loc_FairValueMeasurementWithUnobservableInputsReconciliationRecurringBasisAssetPurchasesSalesIssuancesSettlements' xlink:to='loc_FairValueMeasurementWithUnobservableInputsReconciliationRecurringBasisAssetIssues' xlink:type='arc' />
    <link:calculationArc order='40' weight='-1.0' xlink:arcrole='https://xbrl.org/2023/arcrole/summation-item' xlink:from='loc_FairValueMeasurementWithUnobservableInputsReconciliationRecurringBasisAssetPurchasesSalesIssuancesSettlements' xlink:to='loc_FairValueMeasurementWithUnobservableInputsReconciliationRecurringBasisAssetSettlements' xlink:type='arc' />
    <link:calculationArc order='20' weight='1.0' xlink:arcrole='https://xbrl.org/2023/arcrole/summation-item' xlink:from='loc_FairValueMeasurementWithUnobservableInputsReconciliationRecurringBasisAssetPeriodIncreaseDecrease' xlink:to='loc_FairValueMeasurementWithUnobservableInputsReconciliationRecurringBasisAssetTransfersNet' xlink:type='arc' />
    <link:calculationArc order='10' weight='1.0' xlink:arcrole='https://xbrl.org/2023/arcrole/summation-item' xlink:from='loc_FairValueMeasurementWithUnobservableInputsReconciliationRecurringBasisAssetTransfersNet' xlink:to='loc_FairValueMeasurementWithUnobservableInputsReconciliationRecurringBasisAssetTransfersIntoLevel3' xlink:type='arc' />
    <link:calculationArc order='20' weight='-1.0' xlink:arcrole='https://xbrl.org/2023/arcrole/summation-item' xlink:from='loc_FairValueMeasurementWithUnobservableInputsReconciliationRecurringBasisAssetTransfersNet' xlink:to='loc_FairValueMeasurementWithUnobservableInputsReconciliationRecurringBasisAssetTransfersOutOfLevel3' xlink:type='arc' />
    <link:calculationArc order='30' weight='1.0' xlink:arcrole='https://xbrl.org/2023/arcrole/summation-item' xlink:from='loc_FairValueMeasurementWithUnobservableInputsReconciliationRecurringBasisAssetPeriodIncreaseDecrease' xlink:to='loc_FairValueMeasurementWithUnobservableInputsReconciliationRecurringBasisAssetGainLossIncludedInOtherComprehensiveIncomeLoss' xlink:type='arc' />
    <link:calculationArc order='40' weight='1.0' xlink:arcrole='https://xbrl.org/2023/arcrole/summation-item' xlink:from='loc_FairValueMeasurementWithUnobservableInputsReconciliationRecurringBasisAssetPeriodIncreaseDecrease' xlink:to='loc_FairValueMeasurementWithUnobservableInputsReconciliationRecurringBasisAssetGainLossIncludedInEarnings1' xlink:type='arc' />
    <link:calculationArc order='10' weight='-1.0' xlink:arcrole='https://xbrl.org/2023/arcrole/summation-item' xlink:from='loc_FairValueMeasurementWithUnobservableInputsReconciliationRecurringBasisLiabilityPeriodIncreaseDecrease' xlink:to='loc_FairValueMeasurementWithUnobservableInputsReconciliationRecurringBasisLiabilityGainLossIncludedInEarnings' xlink:type='arc' />
    <link:calculationArc order='20' weight='-1.0' xlink:arcrole='https://xbrl.org/2023/arcrole/summation-item' xlink:from='loc_FairValueMeasurementWithUnobservableInputsReconciliationRecurringBasisLiabilityPeriodIncreaseDecrease' xlink:to='loc_FairValueMeasurementWithUnobservableInputsReconciliationRecurringBasisLiabilityGainLossIncludedInOtherComprehensiveIncome' xlink:type='arc' />
    <link:calculationArc order='30' weight='1.0' xlink:arcrole='https://xbrl.org/2023/arcrole/summation-item' xlink:from='loc_FairValueMeasurementWithUnobservableInputsReconciliationRecurringBasisLiabilityPeriodIncreaseDecrease' xlink:to='loc_FairValueMeasurementWithUnobservableInputsReconciliationRecurringBasisLiabilityPurchasesSalesIssuancesSettlements' xlink:type='arc' />
    <link:calculationArc order='10' weight='1.0' xlink:arcrole='https://xbrl.org/2023/arcrole/summation-item' xlink:from='loc_FairValueMeasurementWithUnobservableInputsReconciliationRecurringBasisLiabilityPurchasesSalesIssuancesSettlements' xlink:to='loc_FairValueMeasurementWithUnobservableInputsReconciliationRecurringBasisLiabilityPurchases' xlink:type='arc' />
    <link:calculationArc order='20' weight='-1.0' xlink:arcrole='https://xbrl.org/2023/arcrole/summation-item' xlink:from='loc_FairValueMeasurementWithUnobservableInputsReconciliationRecurringBasisLiabilityPurchasesSalesIssuancesSettlements' xlink:to='loc_FairValueMeasurementWithUnobservableInputsReconciliationRecurringBasisLiabilitySales' xlink:type='arc' />
    <link:calculationArc order='30' weight='1.0' xlink:arcrole='https://xbrl.org/2023/arcrole/summation-item' xlink:from='loc_FairValueMeasurementWithUnobservableInputsReconciliationRecurringBasisLiabilityPurchasesSalesIssuancesSettlements' xlink:to='loc_FairValueMeasurementWithUnobservableInputsReconciliationRecurringBasisLiabilityIssues' xlink:type='arc' />
    <link:calculationArc order='40' weight='-1.0' xlink:arcrole='https://xbrl.org/2023/arcrole/summation-item' xlink:from='loc_FairValueMeasurementWithUnobservableInputsReconciliationRecurringBasisLiabilityPurchasesSalesIssuancesSettlements' xlink:to='loc_FairValueMeasurementWithUnobservableInputsReconciliationRecurringBasisLiabilitySettlements' xlink:type='arc' />
    <link:calculationArc order='40' weight='1.0' xlink:arcrole='https://xbrl.org/2023/arcrole/summation-item' xlink:from='loc_FairValueMeasurementWithUnobservableInputsReconciliationRecurringBasisLiabilityPeriodIncreaseDecrease' xlink:to='loc_FairValueMeasurementWithUnobservableInputsReconciliationRecurringBasisLiabilityTransfersNet' xlink:type='arc' />
    <link:calculationArc order='10' weight='1.0' xlink:arcrole='https://xbrl.org/2023/arcrole/summation-item' xlink:from='loc_FairValueMeasurementWithUnobservableInputsReconciliationRecurringBasisLiabilityTransfersNet' xlink:to='loc_FairValueMeasurementWithUnobservableInputsReconciliationLiabilityTransfersIntoLevel3' xlink:type='arc' />
    <link:calculationArc order='20' weight='-1.0' xlink:arcrole='https://xbrl.org/2023/arcrole/summation-item' xlink:from='loc_FairValueMeasurementWithUnobservableInputsReconciliationRecurringBasisLiabilityTransfersNet' xlink:to='loc_FairValueMeasurementWithUnobservableInputsReconciliationLiabilityTransfersOutOfLevel3' xlink:type='arc' />
    <link:calculationArc order='10' weight='1.0' xlink:arcrole='https://xbrl.org/2023/arcrole/summation-item' xlink:from='loc_FairValueNetAssetLiability' xlink:to='loc_AssetsFairValueDisclosure' xlink:type='arc' />
    <link:calculationArc order='10' weight='1.0' xlink:arcrole='https://xbrl.org/2023/arcrole/summation-item' xlink:from='loc_AssetsFairValueDisclosure' xlink:to='loc_CashAndCashEquivalentsFairValueDisclosure' xlink:type='arc' />
    <link:calculationArc order='20' weight='1.0' xlink:arcrole='https://xbrl.org/2023/arcrole/summation-item' xlink:from='loc_AssetsFairValueDisclosure' xlink:to='loc_ReceivablesFairValueDisclosure' xlink:type='arc' />
    <link:calculationArc order='10' weight='1.0' xlink:arcrole='https://xbrl.org/2023/arcrole/summation-item' xlink:from='loc_ReceivablesFairValueDisclosure' xlink:to='loc_AccountsReceivableFairValueDisclosure' xlink:type='arc' />
    <link:calculationArc order='20' weight='1.0' xlink:arcrole='https://xbrl.org/2023/arcrole/summation-item' xlink:from='loc_ReceivablesFairValueDisclosure' xlink:to='loc_PremiumsReceivableFairValueDisclosure' xlink:type='arc' />
    <link:calculationArc order='30' weight='1.0' xlink:arcrole='https://xbrl.org/2023/arcrole/summation-item' xlink:from='loc_ReceivablesFairValueDisclosure' xlink:to='loc_NotesReceivableFairValueDisclosure' xlink:type='arc' />
    <link:calculationArc order='40' weight='1.0' xlink:arcrole='https://xbrl.org/2023/arcrole/summation-item' xlink:from='loc_ReceivablesFairValueDisclosure' xlink:to='loc_LoansReceivableFairValueDisclosure' xlink:type='arc' />
    <link:calculationArc order='30' weight='1.0' xlink:arcrole='https://xbrl.org/2023/arcrole/summation-item' xlink:from='loc_AssetsFairValueDisclosure' xlink:to='loc_InvestmentsFairValueDisclosure' xlink:type='arc' />
    <link:calculationArc order='10' weight='1.0' xlink:arcrole='https://xbrl.org/2023/arcrole/summation-item' xlink:from='loc_InvestmentsFairValueDisclosure' xlink:to='loc_EquitySecuritiesFvNiCurrentAndNoncurrent' xlink:type='arc' />
    <link:calculationArc order='20' weight='1.0' xlink:arcrole='https://xbrl.org/2023/arcrole/summation-item' xlink:from='loc_InvestmentsFairValueDisclosure' xlink:to='loc_TradingSecuritiesDebt' xlink:type='arc' />
    <link:calculationArc order='30' weight='1.0' xlink:arcrole='https://xbrl.org/2023/arcrole/summation-item' xlink:from='loc_InvestmentsFairValueDisclosure' xlink:to='loc_HeldToMaturitySecuritiesFairValue' xlink:type='arc' />
    <link:calculationArc order='10' weight='1.0' xlink:arcrole='https://xbrl.org/2023/arcrole/summation-item' xlink:from='loc_HeldToMaturitySecuritiesFairValue' xlink:to='loc_HeldToMaturitySecuritiesDebtMaturitiesWithoutSingleMaturityDateFairValue' xlink:type='arc' />
    <link:calculationArc order='20' weight='1.0' xlink:arcrole='https://xbrl.org/2023/arcrole/summation-item' xlink:from='loc_HeldToMaturitySecuritiesFairValue' xlink:to='loc_HeldToMaturitySecuritiesDebtMaturitiesSingleMaturityDateFairValue' xlink:type='arc' />
    <link:calculationArc order='10' weight='1.0' xlink:arcrole='https://xbrl.org/2023/arcrole/summation-item' xlink:from='loc_HeldToMaturitySecuritiesDebtMaturitiesSingleMaturityDateFairValue' xlink:to='loc_HeldToMaturitySecuritiesDebtMaturitiesWithinOneYearFairValue' xlink:type='arc' />
    <link:calculationArc order='20' weight='1.0' xlink:arcrole='https://xbrl.org/2023/arcrole/summation-item' xlink:from='loc_HeldToMaturitySecuritiesDebtMaturitiesSingleMaturityDateFairValue' xlink:to='loc_HeldToMaturitySecuritiesDebtMaturitiesAfterOneThroughFiveYearsFairValue' xlink:type='arc' />
    <link:calculationArc order='30' weight='1.0' xlink:arcrole='https://xbrl.org/2023/arcrole/summation-item' xlink:from='loc_HeldToMaturitySecuritiesDebtMaturitiesSingleMaturityDateFairValue' xlink:to='loc_HeldToMaturitySecuritiesDebtMaturitiesAfterFiveThroughTenYearsFairValue' xlink:type='arc' />
    <link:calculationArc order='40' weight='1.0' xlink:arcrole='https://xbrl.org/2023/arcrole/summation-item' xlink:from='loc_HeldToMaturitySecuritiesDebtMaturitiesSingleMaturityDateFairValue' xlink:to='loc_HeldToMaturitySecuritiesDebtMaturitiesAfterTenYearsFairValue' xlink:type='arc' />
    <link:calculationArc order='40' weight='1.0' xlink:arcrole='https://xbrl.org/2023/arcrole/summation-item' xlink:from='loc_InvestmentsFairValueDisclosure' xlink:to='loc_AvailableForSaleSecuritiesDebtSecurities' xlink:type='arc' />
    <link:calculationArc order='50' weight='1.0' xlink:arcrole='https://xbrl.org/2023/arcrole/summation-item' xlink:from='loc_InvestmentsFairValueDisclosure' xlink:to='loc_EquityMethodInvestmentsFairValueDisclosure' xlink:type='arc' />
    <link:calculationArc order='60' weight='1.0' xlink:arcrole='https://xbrl.org/2023/arcrole/summation-item' xlink:from='loc_InvestmentsFairValueDisclosure' xlink:to='loc_InvestmentInFederalHomeLoanBankStockFairValueDisclosure' xlink:type='arc' />
    <link:calculationArc order='70' weight='1.0' xlink:arcrole='https://xbrl.org/2023/arcrole/summation-item' xlink:from='loc_InvestmentsFairValueDisclosure' xlink:to='loc_FederalFundsSoldAndSecuritiesBorrowedOrPurchasedUnderAgreementsToResellFairValueDisclosure' xlink:type='arc' />
    <link:calculationArc order='80' weight='1.0' xlink:arcrole='https://xbrl.org/2023/arcrole/summation-item' xlink:from='loc_InvestmentsFairValueDisclosure' xlink:to='loc_AlternativeInvestment' xlink:type='arc' />
    <link:calculationArc order='40' weight='1.0' xlink:arcrole='https://xbrl.org/2023/arcrole/summation-item' xlink:from='loc_AssetsFairValueDisclosure' xlink:to='loc_MortgageBackedSecuritiesAvailableForSaleFairValueDisclosure' xlink:type='arc' />
    <link:calculationArc order='50' weight='1.0' xlink:arcrole='https://xbrl.org/2023/arcrole/summation-item' xlink:from='loc_AssetsFairValueDisclosure' xlink:to='loc_MortgageBackedSecuritiesHeldToMaturityFairValueDisclosure' xlink:type='arc' />
    <link:calculationArc order='60' weight='1.0' xlink:arcrole='https://xbrl.org/2023/arcrole/summation-item' xlink:from='loc_AssetsFairValueDisclosure' xlink:to='loc_LoansHeldForSaleFairValueDisclosure' xlink:type='arc' />
    <link:calculationArc order='70' weight='1.0' xlink:arcrole='https://xbrl.org/2023/arcrole/summation-item' xlink:from='loc_AssetsFairValueDisclosure' xlink:to='loc_MortgagesHeldForSaleFairValueDisclosure' xlink:type='arc' />
    <link:calculationArc order='80' weight='1.0' xlink:arcrole='https://xbrl.org/2023/arcrole/summation-item' xlink:from='loc_AssetsFairValueDisclosure' xlink:to='loc_CashSurrenderValueFairValueDisclosure' xlink:type='arc' />
    <link:calculationArc order='90' weight='1.0' xlink:arcrole='https://xbrl.org/2023/arcrole/summation-item' xlink:from='loc_AssetsFairValueDisclosure' xlink:to='loc_SecuritiesBorrowedFairValueDisclosure' xlink:type='arc' />
    <link:calculationArc order='100' weight='1.0' xlink:arcrole='https://xbrl.org/2023/arcrole/summation-item' xlink:from='loc_AssetsFairValueDisclosure' xlink:to='loc_ServicingAssetAtFairValueAmount' xlink:type='arc' />
    <link:calculationArc order='110' weight='1.0' xlink:arcrole='https://xbrl.org/2023/arcrole/summation-item' xlink:from='loc_AssetsFairValueDisclosure' xlink:to='loc_RetainedInterestFairValueDisclosure' xlink:type='arc' />
    <link:calculationArc order='120' weight='1.0' xlink:arcrole='https://xbrl.org/2023/arcrole/summation-item' xlink:from='loc_AssetsFairValueDisclosure' xlink:to='loc_DerivativeAssets' xlink:type='arc' />
    <link:calculationArc order='130' weight='1.0' xlink:arcrole='https://xbrl.org/2023/arcrole/summation-item' xlink:from='loc_AssetsFairValueDisclosure' xlink:to='loc_ForeignCurrencyContractAssetFairValueDisclosure' xlink:type='arc' />
    <link:calculationArc order='140' weight='1.0' xlink:arcrole='https://xbrl.org/2023/arcrole/summation-item' xlink:from='loc_AssetsFairValueDisclosure' xlink:to='loc_OtherAssetsFairValueDisclosure' xlink:type='arc' />
    <link:calculationArc order='150' weight='1.0' xlink:arcrole='https://xbrl.org/2023/arcrole/summation-item' xlink:from='loc_AssetsFairValueDisclosure' xlink:to='loc_InventoryNoncurrentFairValueDisclosure' xlink:type='arc' />
    <link:calculationArc order='160' weight='1.0' xlink:arcrole='https://xbrl.org/2023/arcrole/summation-item' xlink:from='loc_AssetsFairValueDisclosure' xlink:to='loc_PropertyPlantAndEquipmentFairValueDisclosure' xlink:type='arc' />
    <link:calculationArc order='170' weight='1.0' xlink:arcrole='https://xbrl.org/2023/arcrole/summation-item' xlink:from='loc_AssetsFairValueDisclosure' xlink:to='loc_InvestmentsInAffiliatesSubsidiariesAssociatesAndJointVenturesFairValueDisclosure' xlink:type='arc' />
    <link:calculationArc order='180' weight='1.0' xlink:arcrole='https://xbrl.org/2023/arcrole/summation-item' xlink:from='loc_AssetsFairValueDisclosure' xlink:to='loc_InvestmentInPhysicalCommoditiesFairValueDisclosure' xlink:type='arc' />
    <link:calculationArc order='190' weight='1.0' xlink:arcrole='https://xbrl.org/2023/arcrole/summation-item' xlink:from='loc_AssetsFairValueDisclosure' xlink:to='loc_GoodwillFairValueDisclosure' xlink:type='arc' />
    <link:calculationArc order='200' weight='1.0' xlink:arcrole='https://xbrl.org/2023/arcrole/summation-item' xlink:from='loc_AssetsFairValueDisclosure' xlink:to='loc_IndefiniteLivedIntangibleAssetsExcludingGoodwillFairValueDisclosure' xlink:type='arc' />
    <link:calculationArc order='210' weight='1.0' xlink:arcrole='https://xbrl.org/2023/arcrole/summation-item' xlink:from='loc_AssetsFairValueDisclosure' xlink:to='loc_FiniteLivedIntangibleAssetsFairValueDisclosure' xlink:type='arc' />
    <link:calculationArc order='220' weight='1.0' xlink:arcrole='https://xbrl.org/2023/arcrole/summation-item' xlink:from='loc_AssetsFairValueDisclosure' xlink:to='loc_InvestmentsInPowerAndDistributionProjectsFairValueDisclosure' xlink:type='arc' />
    <link:calculationArc order='230' weight='1.0' xlink:arcrole='https://xbrl.org/2023/arcrole/summation-item' xlink:from='loc_AssetsFairValueDisclosure' xlink:to='loc_AssetsHeldForSaleLongLivedFairValueDisclosure' xlink:type='arc' />
    <link:calculationArc order='240' weight='1.0' xlink:arcrole='https://xbrl.org/2023/arcrole/summation-item' xlink:from='loc_AssetsFairValueDisclosure' xlink:to='loc_RegulatoryAssetsNoncurrentFairValueDisclosure' xlink:type='arc' />
    <link:calculationArc order='250' weight='1.0' xlink:arcrole='https://xbrl.org/2023/arcrole/summation-item' xlink:from='loc_AssetsFairValueDisclosure' xlink:to='loc_GasPurchaseContractFairValueDisclosure' xlink:type='arc' />
    <link:calculationArc order='20' weight='-1.0' xlink:arcrole='https://xbrl.org/2023/arcrole/summation-item' xlink:from='loc_FairValueNetAssetLiability' xlink:to='loc_LiabilitiesFairValueDisclosure' xlink:type='arc' />
    <link:calculationArc order='10' weight='1.0' xlink:arcrole='https://xbrl.org/2023/arcrole/summation-item' xlink:from='loc_LiabilitiesFairValueDisclosure' xlink:to='loc_FinancialLiabilitiesFairValueDisclosure' xlink:type='arc' />
    <link:calculationArc order='10' weight='1.0' xlink:arcrole='https://xbrl.org/2023/arcrole/summation-item' xlink:from='loc_FinancialLiabilitiesFairValueDisclosure' xlink:to='loc_DebtInstrumentFairValue' xlink:type='arc' />
    <link:calculationArc order='10' weight='1.0' xlink:arcrole='https://xbrl.org/2023/arcrole/summation-item' xlink:from='loc_DebtInstrumentFairValue' xlink:to='loc_NotesPayableFairValueDisclosure' xlink:type='arc' />
    <link:calculationArc order='20' weight='1.0' xlink:arcrole='https://xbrl.org/2023/arcrole/summation-item' xlink:from='loc_DebtInstrumentFairValue' xlink:to='loc_LoansPayableFairValueDisclosure' xlink:type='arc' />
    <link:calculationArc order='30' weight='1.0' xlink:arcrole='https://xbrl.org/2023/arcrole/summation-item' xlink:from='loc_DebtInstrumentFairValue' xlink:to='loc_LinesOfCreditFairValueDisclosure' xlink:type='arc' />
    <link:calculationArc order='40' weight='1.0' xlink:arcrole='https://xbrl.org/2023/arcrole/summation-item' xlink:from='loc_DebtInstrumentFairValue' xlink:to='loc_ConvertibleDebtFairValueDisclosures' xlink:type='arc' />
    <link:calculationArc order='20' weight='1.0' xlink:arcrole='https://xbrl.org/2023/arcrole/summation-item' xlink:from='loc_FinancialLiabilitiesFairValueDisclosure' xlink:to='loc_FairValueLiabilitiesMeasuredOnRecurringBasisSubordinatedDebtObligations' xlink:type='arc' />
    <link:calculationArc order='30' weight='1.0' xlink:arcrole='https://xbrl.org/2023/arcrole/summation-item' xlink:from='loc_FinancialLiabilitiesFairValueDisclosure' xlink:to='loc_TradingLiabilitiesFairValueDisclosure' xlink:type='arc' />
    <link:calculationArc order='40' weight='1.0' xlink:arcrole='https://xbrl.org/2023/arcrole/summation-item' xlink:from='loc_FinancialLiabilitiesFairValueDisclosure' xlink:to='loc_FederalFundsPurchasedAndSecuritiesLoanedOrSoldUnderAgreementsToRepurchaseFairValueDisclosure' xlink:type='arc' />
    <link:calculationArc order='10' weight='1.0' xlink:arcrole='https://xbrl.org/2023/arcrole/summation-item' xlink:from='loc_FederalFundsPurchasedAndSecuritiesLoanedOrSoldUnderAgreementsToRepurchaseFairValueDisclosure' xlink:to='loc_FederalFundsPurchasedFairValueDisclosure' xlink:type='arc' />
    <link:calculationArc order='20' weight='1.0' xlink:arcrole='https://xbrl.org/2023/arcrole/summation-item' xlink:from='loc_FederalFundsPurchasedAndSecuritiesLoanedOrSoldUnderAgreementsToRepurchaseFairValueDisclosure' xlink:to='loc_SecuritiesLoanedOrSoldUnderAgreementsToRepurchaseFairValueDisclosure' xlink:type='arc' />
    <link:calculationArc order='50' weight='1.0' xlink:arcrole='https://xbrl.org/2023/arcrole/summation-item' xlink:from='loc_FinancialLiabilitiesFairValueDisclosure' xlink:to='loc_FederalHomeLoanBankBorrowingsFairValueDisclosure' xlink:type='arc' />
    <link:calculationArc order='60' weight='1.0' xlink:arcrole='https://xbrl.org/2023/arcrole/summation-item' xlink:from='loc_FinancialLiabilitiesFairValueDisclosure' xlink:to='loc_DerivativeLiabilities' xlink:type='arc' />
    <link:calculationArc order='70' weight='1.0' xlink:arcrole='https://xbrl.org/2023/arcrole/summation-item' xlink:from='loc_FinancialLiabilitiesFairValueDisclosure' xlink:to='loc_ForeignCurrencyContractsLiabilityFairValueDisclosure' xlink:type='arc' />
    <link:calculationArc order='80' weight='1.0' xlink:arcrole='https://xbrl.org/2023/arcrole/summation-item' xlink:from='loc_FinancialLiabilitiesFairValueDisclosure' xlink:to='loc_GuaranteesFairValueDisclosure' xlink:type='arc' />
    <link:calculationArc order='90' weight='1.0' xlink:arcrole='https://xbrl.org/2023/arcrole/summation-item' xlink:from='loc_FinancialLiabilitiesFairValueDisclosure' xlink:to='loc_LiabilitiesRelatedToInvestmentContractsFairValueDisclosure' xlink:type='arc' />
    <link:calculationArc order='100' weight='1.0' xlink:arcrole='https://xbrl.org/2023/arcrole/summation-item' xlink:from='loc_FinancialLiabilitiesFairValueDisclosure' xlink:to='loc_MandatorilyRedeemablePreferredStockFairValueDisclosure' xlink:type='arc' />
    <link:calculationArc order='110' weight='1.0' xlink:arcrole='https://xbrl.org/2023/arcrole/summation-item' xlink:from='loc_FinancialLiabilitiesFairValueDisclosure' xlink:to='loc_FinancialInstrumentsSoldNotYetPurchasedAtFairValue' xlink:type='arc' />
    <link:calculationArc order='120' weight='1.0' xlink:arcrole='https://xbrl.org/2023/arcrole/summation-item' xlink:from='loc_FinancialLiabilitiesFairValueDisclosure' xlink:to='loc_ServicingLiabilityAtFairValueAmount' xlink:type='arc' />
    <link:calculationArc order='130' weight='1.0' xlink:arcrole='https://xbrl.org/2023/arcrole/summation-item' xlink:from='loc_FinancialLiabilitiesFairValueDisclosure' xlink:to='loc_DepositsFairValueDisclosure' xlink:type='arc' />
    <link:calculationArc order='20' weight='1.0' xlink:arcrole='https://xbrl.org/2023/arcrole/summation-item' xlink:from='loc_LiabilitiesFairValueDisclosure' xlink:to='loc_NonfinancialLiabilitiesFairValueDisclosure' xlink:type='arc' />
    <link:calculationArc order='10' weight='1.0' xlink:arcrole='https://xbrl.org/2023/arcrole/summation-item' xlink:from='loc_NonfinancialLiabilitiesFairValueDisclosure' xlink:to='loc_AccountsPayableAndAccruedLiabilitiesFairValueDisclosure' xlink:type='arc' />
    <link:calculationArc order='10' weight='1.0' xlink:arcrole='https://xbrl.org/2023/arcrole/summation-item' xlink:from='loc_AccountsPayableAndAccruedLiabilitiesFairValueDisclosure' xlink:to='loc_AccountsPayableFairValueDisclosure' xlink:type='arc' />
    <link:calculationArc order='20' weight='1.0' xlink:arcrole='https://xbrl.org/2023/arcrole/summation-item' xlink:from='loc_AccountsPayableAndAccruedLiabilitiesFairValueDisclosure' xlink:to='loc_AccruedLiabilitiesFairValueDisclosure' xlink:type='arc' />
    <link:calculationArc order='20' weight='1.0' xlink:arcrole='https://xbrl.org/2023/arcrole/summation-item' xlink:from='loc_NonfinancialLiabilitiesFairValueDisclosure' xlink:to='loc_FairValueLiabilitiesMeasuredOnRecurringBasisObligations' xlink:type='arc' />
    <link:calculationArc order='30' weight='1.0' xlink:arcrole='https://xbrl.org/2023/arcrole/summation-item' xlink:from='loc_NonfinancialLiabilitiesFairValueDisclosure' xlink:to='loc_CommitmentsFairValueDisclosure' xlink:type='arc' />
    <link:calculationArc order='40' weight='1.0' xlink:arcrole='https://xbrl.org/2023/arcrole/summation-item' xlink:from='loc_NonfinancialLiabilitiesFairValueDisclosure' xlink:to='loc_OtherLiabilitiesFairValueDisclosure' xlink:type='arc' />
    <link:calculationArc order='10' weight='1.0' xlink:arcrole='https://xbrl.org/2023/arcrole/summation-item' xlink:from='loc_FairValueNetDerivativeAssetLiabilityMeasuredOnRecurringBasisUnobservableInputsReconciliationPeriodIncreaseDecrease' xlink:to='loc_FairValueNetDerivativeAssetLiabilityMeasuredOnRecurringBasisUnobservableInputsReconciliationTransfersNet' xlink:type='arc' />
    <link:calculationArc order='10' weight='1.0' xlink:arcrole='https://xbrl.org/2023/arcrole/summation-item' xlink:from='loc_FairValueNetDerivativeAssetLiabilityMeasuredOnRecurringBasisUnobservableInputsReconciliationTransfersNet' xlink:to='loc_FairValueNetDerivativeAssetLiabilityMeasuredOnRecurringBasisUnobservableInputsReconciliationTransfersIntoLevel3' xlink:type='arc' />
    <link:calculationArc order='20' weight='-1.0' xlink:arcrole='https://xbrl.org/2023/arcrole/summation-item' xlink:from='loc_FairValueNetDerivativeAssetLiabilityMeasuredOnRecurringBasisUnobservableInputsReconciliationTransfersNet' xlink:to='loc_FairValueNetDerivativeAssetLiabilityMeasuredOnRecurringBasisUnobservableInputsReconciliationTransfersOutOfLevel3' xlink:type='arc' />
    <link:calculationArc order='20' weight='1.0' xlink:arcrole='https://xbrl.org/2023/arcrole/summation-item' xlink:from='loc_FairValueNetDerivativeAssetLiabilityMeasuredOnRecurringBasisUnobservableInputsReconciliationPeriodIncreaseDecrease' xlink:to='loc_FairValueNetDerivativeAssetLiabilityMeasuredOnRecurringBasisUnobservableInputsReconciliationPurchasesSalesIssuesSettlements' xlink:type='arc' />
    <link:calculationArc order='10' weight='1.0' xlink:arcrole='https://xbrl.org/2023/arcrole/summation-item' xlink:from='loc_FairValueNetDerivativeAssetLiabilityMeasuredOnRecurringBasisUnobservableInputsReconciliationPurchasesSalesIssuesSettlements' xlink:to='loc_FairValueNetDerivativeAssetLiabilityMeasuredOnRecurringBasisUnobservableInputsReconciliationPurchases' xlink:type='arc' />
    <link:calculationArc order='20' weight='-1.0' xlink:arcrole='https://xbrl.org/2023/arcrole/summation-item' xlink:from='loc_FairValueNetDerivativeAssetLiabilityMeasuredOnRecurringBasisUnobservableInputsReconciliationPurchasesSalesIssuesSettlements' xlink:to='loc_FairValueNetDerivativeAssetLiabilityMeasuredOnRecurringBasisUnobservableInputsReconciliationSales' xlink:type='arc' />
    <link:calculationArc order='30' weight='1.0' xlink:arcrole='https://xbrl.org/2023/arcrole/summation-item' xlink:from='loc_FairValueNetDerivativeAssetLiabilityMeasuredOnRecurringBasisUnobservableInputsReconciliationPurchasesSalesIssuesSettlements' xlink:to='loc_FairValueNetDerivativeAssetLiabilityMeasuredOnRecurringBasisUnobservableInputsReconciliationIssues' xlink:type='arc' />
    <link:calculationArc order='40' weight='-1.0' xlink:arcrole='https://xbrl.org/2023/arcrole/summation-item' xlink:from='loc_FairValueNetDerivativeAssetLiabilityMeasuredOnRecurringBasisUnobservableInputsReconciliationPurchasesSalesIssuesSettlements' xlink:to='loc_FairValueNetDerivativeAssetLiabilityMeasuredOnRecurringBasisUnobservableInputsReconciliationSettlements' xlink:type='arc' />
    <link:calculationArc order='30' weight='1.0' xlink:arcrole='https://xbrl.org/2023/arcrole/summation-item' xlink:from='loc_FairValueNetDerivativeAssetLiabilityMeasuredOnRecurringBasisUnobservableInputsReconciliationPeriodIncreaseDecrease' xlink:to='loc_FairValueNetDerivativeAssetLiabilityMeasuredOnRecurringBasisUnobservableInputsReconciliationGainLossIncludedInEarnings' xlink:type='arc' />
    <link:calculationArc order='40' weight='1.0' xlink:arcrole='https://xbrl.org/2023/arcrole/summation-item' xlink:from='loc_FairValueNetDerivativeAssetLiabilityMeasuredOnRecurringBasisUnobservableInputsReconciliationPeriodIncreaseDecrease' xlink:to='loc_FairValueNetDerivativeAssetLiabilityMeasuredOnRecurringBasisUnobservableInputsReconciliationGainLossIncludedInOtherComprehensiveIncomeLoss' xlink:type='arc' />
    <link:calculationArc order='10' weight='1.0' xlink:arcrole='https://xbrl.org/2023/arcrole/summation-item' xlink:from='loc_FairValueOptionLoansHeldAsAssetsAggregateDifference' xlink:to='loc_FairValueOptionLoansHeldAsAssets90DaysOrMorePastDueAggregateDifference' xlink:type='arc' />
    <link:calculationArc order='20' weight='1.0' xlink:arcrole='https://xbrl.org/2023/arcrole/summation-item' xlink:from='loc_FairValueOptionLoansHeldAsAssetsAggregateDifference' xlink:to='loc_FairValueOptionLoansHeldAsAssetsAggregateAmountInNonaccrualStatusAggregatedDifference' xlink:type='arc' />
    <link:calculationArc order='10' weight='1.0' xlink:arcrole='https://xbrl.org/2023/arcrole/summation-item' xlink:from='loc_FairValueRecurringBasisUnobservableInputReconciliationAssetLiabilityGainLossOci' xlink:to='loc_FairValueMeasurementWithUnobservableInputsReconciliationRecurringBasisLiabilityGainLossIncludedInOtherComprehensiveIncome' xlink:type='arc' />
    <link:calculationArc order='20' weight='1.0' xlink:arcrole='https://xbrl.org/2023/arcrole/summation-item' xlink:from='loc_FairValueRecurringBasisUnobservableInputReconciliationAssetLiabilityGainLossOci' xlink:to='loc_FairValueMeasurementWithUnobservableInputsReconciliationRecurringBasisAssetGainLossIncludedInOtherComprehensiveIncomeLoss' xlink:type='arc' />
    <link:calculationArc order='10' weight='1.0' xlink:arcrole='https://xbrl.org/2023/arcrole/summation-item' xlink:from='loc_FairValueAssetLiabilityRecurringBasisStillHeldUnrealizedGainLossOci' xlink:to='loc_FairValueAssetRecurringBasisStillHeldUnrealizedGainLossOci' xlink:type='arc' />
    <link:calculationArc order='20' weight='1.0' xlink:arcrole='https://xbrl.org/2023/arcrole/summation-item' xlink:from='loc_FairValueAssetLiabilityRecurringBasisStillHeldUnrealizedGainLossOci' xlink:to='loc_FairValueLiabilityRecurringBasisStillHeldUnrealizedGainLossOci' xlink:type='arc' />
    <link:calculationArc order='10' weight='1.0' xlink:arcrole='https://xbrl.org/2023/arcrole/summation-item' xlink:from='loc_DebtAndEquitySecuritiesUnrealizedGainLoss' xlink:to='loc_EquitySecuritiesFvNiUnrealizedGainLoss' xlink:type='arc' />
    <link:calculationArc order='20' weight='1.0' xlink:arcrole='https://xbrl.org/2023/arcrole/summation-item' xlink:from='loc_DebtAndEquitySecuritiesUnrealizedGainLoss' xlink:to='loc_DebtSecuritiesUnrealizedGainLoss' xlink:type='arc' />
    <link:calculationArc order='10' weight='1.0' xlink:arcrole='https://xbrl.org/2023/arcrole/summation-item' xlink:from='loc_DebtSecuritiesUnrealizedGainLoss' xlink:to='loc_DebtSecuritiesTradingUnrealizedGainLoss' xlink:type='arc' />
    <link:calculationArc order='20' weight='1.0' xlink:arcrole='https://xbrl.org/2023/arcrole/summation-item' xlink:from='loc_DebtSecuritiesUnrealizedGainLoss' xlink:to='loc_DebtSecuritiesAvailableForSaleUnrealizedGainLoss' xlink:type='arc' />
    <link:calculationArc order='30' weight='1.0' xlink:arcrole='https://xbrl.org/2023/arcrole/summation-item' xlink:from='loc_DebtSecuritiesUnrealizedGainLoss' xlink:to='loc_HeldtomaturitySecuritiesTransferredToTradingSecuritiesUnrealizedGainLossExcludingOtherThanTemporaryImpairments' xlink:type='arc' />
  </link:calculationLink>
</link:linkbase>
