<?xml version='1.0' encoding='UTF-8'?>

<!--
(c) 2010-2024 Financial Accounting Foundation; (c) 2007-2010 XBRL US, Inc.  All Rights Reserved.
Notice: Authorized Uses are Set Forth at https://xbrl.fasb.org/terms/TaxonomiesTermsConditions.html
  -->
<link:linkbase xmlns:link='http://www.xbrl.org/2003/linkbase' xmlns:xlink='http://www.w3.org/1999/xlink' xmlns:xsi='http://www.w3.org/2001/XMLSchema-instance' xsi:schemaLocation='http://www.xbrl.org/2003/linkbase http://www.xbrl.org/2003/xbrl-linkbase-2003-12-31.xsd'>  <link:arcroleRef arcroleURI='https://xbrl.org/2023/arcrole/summation-item' xlink:href='https://www.xbrl.org/2023/calculation-1.1.xsd#summation-item' xlink:type='simple'/>
  <link:roleRef roleURI='http://fasb.org/us-gaap/role/disclosure/Equity' xlink:href='../elts/us-roles-2024.xsd#equity' xlink:type='simple' />
  <link:calculationLink xlink:role='http://fasb.org/us-gaap/role/disclosure/Equity' xlink:type='extended'>
    <link:loc xlink:href='../elts/us-gaap-2024.xsd#us-gaap_AuctionMarketPreferredSecuritiesStockSharesOutstandingPeriodIncreaseDecrease' xlink:label='loc_AuctionMarketPreferredSecuritiesStockSharesOutstandingPeriodIncreaseDecrease' xlink:type='locator' />
    <link:loc xlink:href='../elts/us-gaap-2024.xsd#us-gaap_AuctionMarketPreferredSecuritiesSharesIssued' xlink:label='loc_AuctionMarketPreferredSecuritiesSharesIssued' xlink:type='locator' />
    <link:loc xlink:href='../elts/us-gaap-2024.xsd#us-gaap_AuctionMarketPreferredSecuritiesSharesRedeemed' xlink:label='loc_AuctionMarketPreferredSecuritiesSharesRedeemed' xlink:type='locator' />
    <link:loc xlink:href='../elts/us-gaap-2024.xsd#us-gaap_PreferredStockIncludingAdditionalPaidInCapitalNetOfDiscount' xlink:label='loc_PreferredStockIncludingAdditionalPaidInCapitalNetOfDiscount' xlink:type='locator' />
    <link:loc xlink:href='../elts/us-gaap-2024.xsd#us-gaap_PreferredStockIncludingAdditionalPaidInCapital' xlink:label='loc_PreferredStockIncludingAdditionalPaidInCapital' xlink:type='locator' />
    <link:loc xlink:href='../elts/us-gaap-2024.xsd#us-gaap_PreferredStockValue' xlink:label='loc_PreferredStockValue' xlink:type='locator' />
    <link:loc xlink:href='../elts/us-gaap-2024.xsd#us-gaap_AdditionalPaidInCapitalPreferredStock' xlink:label='loc_AdditionalPaidInCapitalPreferredStock' xlink:type='locator' />
    <link:loc xlink:href='../elts/us-gaap-2024.xsd#us-gaap_PreferredStockDiscountOnShares' xlink:label='loc_PreferredStockDiscountOnShares' xlink:type='locator' />
    <link:loc xlink:href='../elts/us-gaap-2024.xsd#us-gaap_StatutoryAccountingPracticesStatutoryAmountAvailableForDividendPayments' xlink:label='loc_StatutoryAccountingPracticesStatutoryAmountAvailableForDividendPayments' xlink:type='locator' />
    <link:loc xlink:href='../elts/us-gaap-2024.xsd#us-gaap_StatutoryAccountingPracticesStatutoryAmountAvailableForDividendPaymentsWithRegulatoryApproval' xlink:label='loc_StatutoryAccountingPracticesStatutoryAmountAvailableForDividendPaymentsWithRegulatoryApproval' xlink:type='locator' />
    <link:loc xlink:href='../elts/us-gaap-2024.xsd#us-gaap_StatutoryAccountingPracticesStatutoryAmountAvailableForDividendPaymentsWithoutRegulatoryApproval' xlink:label='loc_StatutoryAccountingPracticesStatutoryAmountAvailableForDividendPaymentsWithoutRegulatoryApproval' xlink:type='locator' />
    <link:loc xlink:href='../elts/us-gaap-2024.xsd#us-gaap_CommonStocksIncludingAdditionalPaidInCapitalNetOfDiscount' xlink:label='loc_CommonStocksIncludingAdditionalPaidInCapitalNetOfDiscount' xlink:type='locator' />
    <link:loc xlink:href='../elts/us-gaap-2024.xsd#us-gaap_CommonStocksIncludingAdditionalPaidInCapital' xlink:label='loc_CommonStocksIncludingAdditionalPaidInCapital' xlink:type='locator' />
    <link:loc xlink:href='../elts/us-gaap-2024.xsd#us-gaap_CommonStockDiscountOnShares' xlink:label='loc_CommonStockDiscountOnShares' xlink:type='locator' />
    <link:loc xlink:href='../elts/us-gaap-2024.xsd#us-gaap_OtherComprehensiveIncomeLossBeforeTax' xlink:label='loc_OtherComprehensiveIncomeLossBeforeTax' xlink:type='locator' />
    <link:loc xlink:href='../elts/us-gaap-2024.xsd#us-gaap_OtherComprehensiveIncomeLossBeforeReclassificationsBeforeTax' xlink:label='loc_OtherComprehensiveIncomeLossBeforeReclassificationsBeforeTax' xlink:type='locator' />
    <link:loc xlink:href='../elts/us-gaap-2024.xsd#us-gaap_ReclassificationFromAccumulatedOtherComprehensiveIncomeCurrentPeriodBeforeTax' xlink:label='loc_ReclassificationFromAccumulatedOtherComprehensiveIncomeCurrentPeriodBeforeTax' xlink:type='locator' />
    <link:loc xlink:href='../elts/us-gaap-2024.xsd#us-gaap_OciEquityMethodInvestmentBeforeTax' xlink:label='loc_OciEquityMethodInvestmentBeforeTax' xlink:type='locator' />
    <link:loc xlink:href='../elts/us-gaap-2024.xsd#us-gaap_AociLiabilityForFuturePolicyBenefitBeforeTax' xlink:label='loc_AociLiabilityForFuturePolicyBenefitBeforeTax' xlink:type='locator' />
    <link:loc xlink:href='../elts/us-gaap-2024.xsd#us-gaap_AociLiabilityForFuturePolicyBenefitExpectedNetPremiumBeforeTax' xlink:label='loc_AociLiabilityForFuturePolicyBenefitExpectedNetPremiumBeforeTax' xlink:type='locator' />
    <link:loc xlink:href='../elts/us-gaap-2024.xsd#us-gaap_AociLiabilityForFuturePolicyBenefitExpectedFuturePolicyBenefitBeforeTax' xlink:label='loc_AociLiabilityForFuturePolicyBenefitExpectedFuturePolicyBenefitBeforeTax' xlink:type='locator' />
    <link:calculationArc order='10' weight='1.0' xlink:arcrole='https://xbrl.org/2023/arcrole/summation-item' xlink:from='loc_AuctionMarketPreferredSecuritiesStockSharesOutstandingPeriodIncreaseDecrease' xlink:to='loc_AuctionMarketPreferredSecuritiesSharesIssued' xlink:type='arc' />
    <link:calculationArc order='20' weight='-1.0' xlink:arcrole='https://xbrl.org/2023/arcrole/summation-item' xlink:from='loc_AuctionMarketPreferredSecuritiesStockSharesOutstandingPeriodIncreaseDecrease' xlink:to='loc_AuctionMarketPreferredSecuritiesSharesRedeemed' xlink:type='arc' />
    <link:calculationArc order='10' weight='1.0' xlink:arcrole='https://xbrl.org/2023/arcrole/summation-item' xlink:from='loc_PreferredStockIncludingAdditionalPaidInCapitalNetOfDiscount' xlink:to='loc_PreferredStockIncludingAdditionalPaidInCapital' xlink:type='arc' />
    <link:calculationArc order='10' weight='1.0' xlink:arcrole='https://xbrl.org/2023/arcrole/summation-item' xlink:from='loc_PreferredStockIncludingAdditionalPaidInCapital' xlink:to='loc_PreferredStockValue' xlink:type='arc' />
    <link:calculationArc order='20' weight='1.0' xlink:arcrole='https://xbrl.org/2023/arcrole/summation-item' xlink:from='loc_PreferredStockIncludingAdditionalPaidInCapital' xlink:to='loc_AdditionalPaidInCapitalPreferredStock' xlink:type='arc' />
    <link:calculationArc order='20' weight='-1.0' xlink:arcrole='https://xbrl.org/2023/arcrole/summation-item' xlink:from='loc_PreferredStockIncludingAdditionalPaidInCapitalNetOfDiscount' xlink:to='loc_PreferredStockDiscountOnShares' xlink:type='arc' />
    <link:calculationArc order='10' weight='1.0' xlink:arcrole='https://xbrl.org/2023/arcrole/summation-item' xlink:from='loc_StatutoryAccountingPracticesStatutoryAmountAvailableForDividendPayments' xlink:to='loc_StatutoryAccountingPracticesStatutoryAmountAvailableForDividendPaymentsWithRegulatoryApproval' xlink:type='arc' />
    <link:calculationArc order='20' weight='1.0' xlink:arcrole='https://xbrl.org/2023/arcrole/summation-item' xlink:from='loc_StatutoryAccountingPracticesStatutoryAmountAvailableForDividendPayments' xlink:to='loc_StatutoryAccountingPracticesStatutoryAmountAvailableForDividendPaymentsWithoutRegulatoryApproval' xlink:type='arc' />
    <link:calculationArc order='10' weight='1.0' xlink:arcrole='https://xbrl.org/2023/arcrole/summation-item' xlink:from='loc_CommonStocksIncludingAdditionalPaidInCapitalNetOfDiscount' xlink:to='loc_CommonStocksIncludingAdditionalPaidInCapital' xlink:type='arc' />
    <link:calculationArc order='20' weight='-1.0' xlink:arcrole='https://xbrl.org/2023/arcrole/summation-item' xlink:from='loc_CommonStocksIncludingAdditionalPaidInCapitalNetOfDiscount' xlink:to='loc_CommonStockDiscountOnShares' xlink:type='arc' />
    <link:calculationArc order='10' weight='1.0' xlink:arcrole='https://xbrl.org/2023/arcrole/summation-item' xlink:from='loc_OtherComprehensiveIncomeLossBeforeTax' xlink:to='loc_OtherComprehensiveIncomeLossBeforeReclassificationsBeforeTax' xlink:type='arc' />
    <link:calculationArc order='20' weight='-1.0' xlink:arcrole='https://xbrl.org/2023/arcrole/summation-item' xlink:from='loc_OtherComprehensiveIncomeLossBeforeTax' xlink:to='loc_ReclassificationFromAccumulatedOtherComprehensiveIncomeCurrentPeriodBeforeTax' xlink:type='arc' />
    <link:calculationArc order='30' weight='1.0' xlink:arcrole='https://xbrl.org/2023/arcrole/summation-item' xlink:from='loc_OtherComprehensiveIncomeLossBeforeTax' xlink:to='loc_OciEquityMethodInvestmentBeforeTax' xlink:type='arc' />
    <link:calculationArc order='10' weight='1.0' xlink:arcrole='https://xbrl.org/2023/arcrole/summation-item' xlink:from='loc_AociLiabilityForFuturePolicyBenefitBeforeTax' xlink:to='loc_AociLiabilityForFuturePolicyBenefitExpectedNetPremiumBeforeTax' xlink:type='arc' />
    <link:calculationArc order='20' weight='1.0' xlink:arcrole='https://xbrl.org/2023/arcrole/summation-item' xlink:from='loc_AociLiabilityForFuturePolicyBenefitBeforeTax' xlink:to='loc_AociLiabilityForFuturePolicyBenefitExpectedFuturePolicyBenefitBeforeTax' xlink:type='arc' />
  </link:calculationLink>
</link:linkbase>
