<?xml version='1.0' encoding='UTF-8'?>

<!--
(c) 2010-2024 Financial Accounting Foundation; (c) 2007-2010 XBRL US, Inc.  All Rights Reserved.
Notice: Authorized Uses are Set Forth at https://xbrl.fasb.org/terms/TaxonomiesTermsConditions.html
  -->
<link:linkbase xmlns:link='http://www.xbrl.org/2003/linkbase' xmlns:xlink='http://www.w3.org/1999/xlink' xmlns:xsi='http://www.w3.org/2001/XMLSchema-instance' xsi:schemaLocation='http://www.xbrl.org/2003/linkbase http://www.xbrl.org/2003/xbrl-linkbase-2003-12-31.xsd'>  <link:arcroleRef arcroleURI='https://xbrl.org/2023/arcrole/summation-item' xlink:href='https://www.xbrl.org/2023/calculation-1.1.xsd#summation-item' xlink:type='simple'/>
  <link:roleRef roleURI='http://fasb.org/us-gaap/role/disclosure/DisclosureCommitmentAndContingenciesRollingMaturitySchedules' xlink:href='../elts/us-roles-2024.xsd#cc2' xlink:type='simple' />
  <link:calculationLink xlink:role='http://fasb.org/us-gaap/role/disclosure/DisclosureCommitmentAndContingenciesRollingMaturitySchedules' xlink:type='extended'>
    <link:loc xlink:href='../elts/us-gaap-2024.xsd#us-gaap_LossContingencyAccrualProductLiabilityGross' xlink:label='loc_LossContingencyAccrualProductLiabilityGross' xlink:type='locator' />
    <link:loc xlink:href='../elts/us-gaap-2024.xsd#us-gaap_LossContingencyAccrualProductLiabilityDueInNextRollingTwelveMonths' xlink:label='loc_LossContingencyAccrualProductLiabilityDueInNextRollingTwelveMonths' xlink:type='locator' />
    <link:loc xlink:href='../elts/us-gaap-2024.xsd#us-gaap_LossContingencyAccrualProductLiabilityDueInRollingYearTwo' xlink:label='loc_LossContingencyAccrualProductLiabilityDueInRollingYearTwo' xlink:type='locator' />
    <link:loc xlink:href='../elts/us-gaap-2024.xsd#us-gaap_LossContingencyAccrualProductLiabilityDueInRollingYearThree' xlink:label='loc_LossContingencyAccrualProductLiabilityDueInRollingYearThree' xlink:type='locator' />
    <link:loc xlink:href='../elts/us-gaap-2024.xsd#us-gaap_LossContingencyAccrualProductLiabilityDueInRollingYearFour' xlink:label='loc_LossContingencyAccrualProductLiabilityDueInRollingYearFour' xlink:type='locator' />
    <link:loc xlink:href='../elts/us-gaap-2024.xsd#us-gaap_LossContingencyAccrualProductLiabilityDueInRollingYearFive' xlink:label='loc_LossContingencyAccrualProductLiabilityDueInRollingYearFive' xlink:type='locator' />
    <link:loc xlink:href='../elts/us-gaap-2024.xsd#us-gaap_LossContingencyAccrualProductLiabilityDueAfterRollingYearFive' xlink:label='loc_LossContingencyAccrualProductLiabilityDueAfterRollingYearFive' xlink:type='locator' />
    <link:loc xlink:href='../elts/us-gaap-2024.xsd#us-gaap_RecordedUnconditionalPurchaseObligation' xlink:label='loc_RecordedUnconditionalPurchaseObligation' xlink:type='locator' />
    <link:loc xlink:href='../elts/us-gaap-2024.xsd#us-gaap_RecordedUnconditionalPurchaseObligationDueInNextRollingTwelveMonths' xlink:label='loc_RecordedUnconditionalPurchaseObligationDueInNextRollingTwelveMonths' xlink:type='locator' />
    <link:loc xlink:href='../elts/us-gaap-2024.xsd#us-gaap_RecordedUnconditionalPurchaseObligationDueInRollingAfterYearFive' xlink:label='loc_RecordedUnconditionalPurchaseObligationDueInRollingAfterYearFive' xlink:type='locator' />
    <link:loc xlink:href='../elts/us-gaap-2024.xsd#us-gaap_RecordedUnconditionalPurchaseObligationDueInRollingYearFive' xlink:label='loc_RecordedUnconditionalPurchaseObligationDueInRollingYearFive' xlink:type='locator' />
    <link:loc xlink:href='../elts/us-gaap-2024.xsd#us-gaap_RecordedUnconditionalPurchaseObligationDueInRollingYearFour' xlink:label='loc_RecordedUnconditionalPurchaseObligationDueInRollingYearFour' xlink:type='locator' />
    <link:loc xlink:href='../elts/us-gaap-2024.xsd#us-gaap_RecordedUnconditionalPurchaseObligationDueInRollingYearThree' xlink:label='loc_RecordedUnconditionalPurchaseObligationDueInRollingYearThree' xlink:type='locator' />
    <link:loc xlink:href='../elts/us-gaap-2024.xsd#us-gaap_RecordedUnconditionalPurchaseObligationDueInRollingYearTwo' xlink:label='loc_RecordedUnconditionalPurchaseObligationDueInRollingYearTwo' xlink:type='locator' />
    <link:loc xlink:href='../elts/us-gaap-2024.xsd#us-gaap_UnrecordedUnconditionalPurchaseObligationBalanceSheetAmount' xlink:label='loc_UnrecordedUnconditionalPurchaseObligationBalanceSheetAmount' xlink:type='locator' />
    <link:loc xlink:href='../elts/us-gaap-2024.xsd#us-gaap_UnrecordedUnconditionalPurchaseObligationDueInNextRollingTwelveMonths' xlink:label='loc_UnrecordedUnconditionalPurchaseObligationDueInNextRollingTwelveMonths' xlink:type='locator' />
    <link:loc xlink:href='../elts/us-gaap-2024.xsd#us-gaap_UnrecordedUnconditionalPurchaseObligationDueInRollingAfterYearFive' xlink:label='loc_UnrecordedUnconditionalPurchaseObligationDueInRollingAfterYearFive' xlink:type='locator' />
    <link:loc xlink:href='../elts/us-gaap-2024.xsd#us-gaap_UnrecordedUnconditionalPurchaseObligationDueInRollingYearFive' xlink:label='loc_UnrecordedUnconditionalPurchaseObligationDueInRollingYearFive' xlink:type='locator' />
    <link:loc xlink:href='../elts/us-gaap-2024.xsd#us-gaap_UnrecordedUnconditionalPurchaseObligationDueInRollingYearFour' xlink:label='loc_UnrecordedUnconditionalPurchaseObligationDueInRollingYearFour' xlink:type='locator' />
    <link:loc xlink:href='../elts/us-gaap-2024.xsd#us-gaap_UnrecordedUnconditionalPurchaseObligationDueInRollingYearThree' xlink:label='loc_UnrecordedUnconditionalPurchaseObligationDueInRollingYearThree' xlink:type='locator' />
    <link:loc xlink:href='../elts/us-gaap-2024.xsd#us-gaap_UnrecordedUnconditionalPurchaseObligationDueInRollingYearTwo' xlink:label='loc_UnrecordedUnconditionalPurchaseObligationDueInRollingYearTwo' xlink:type='locator' />
    <link:calculationArc order='10' weight='1.0' xlink:arcrole='https://xbrl.org/2023/arcrole/summation-item' xlink:from='loc_LossContingencyAccrualProductLiabilityGross' xlink:to='loc_LossContingencyAccrualProductLiabilityDueInNextRollingTwelveMonths' xlink:type='arc' />
    <link:calculationArc order='20' weight='1.0' xlink:arcrole='https://xbrl.org/2023/arcrole/summation-item' xlink:from='loc_LossContingencyAccrualProductLiabilityGross' xlink:to='loc_LossContingencyAccrualProductLiabilityDueInRollingYearTwo' xlink:type='arc' />
    <link:calculationArc order='30' weight='1.0' xlink:arcrole='https://xbrl.org/2023/arcrole/summation-item' xlink:from='loc_LossContingencyAccrualProductLiabilityGross' xlink:to='loc_LossContingencyAccrualProductLiabilityDueInRollingYearThree' xlink:type='arc' />
    <link:calculationArc order='40' weight='1.0' xlink:arcrole='https://xbrl.org/2023/arcrole/summation-item' xlink:from='loc_LossContingencyAccrualProductLiabilityGross' xlink:to='loc_LossContingencyAccrualProductLiabilityDueInRollingYearFour' xlink:type='arc' />
    <link:calculationArc order='50' weight='1.0' xlink:arcrole='https://xbrl.org/2023/arcrole/summation-item' xlink:from='loc_LossContingencyAccrualProductLiabilityGross' xlink:to='loc_LossContingencyAccrualProductLiabilityDueInRollingYearFive' xlink:type='arc' />
    <link:calculationArc order='60' weight='1.0' xlink:arcrole='https://xbrl.org/2023/arcrole/summation-item' xlink:from='loc_LossContingencyAccrualProductLiabilityGross' xlink:to='loc_LossContingencyAccrualProductLiabilityDueAfterRollingYearFive' xlink:type='arc' />
    <link:calculationArc order='10' weight='1.0' xlink:arcrole='https://xbrl.org/2023/arcrole/summation-item' xlink:from='loc_RecordedUnconditionalPurchaseObligation' xlink:to='loc_RecordedUnconditionalPurchaseObligationDueInNextRollingTwelveMonths' xlink:type='arc' />
    <link:calculationArc order='20' weight='1.0' xlink:arcrole='https://xbrl.org/2023/arcrole/summation-item' xlink:from='loc_RecordedUnconditionalPurchaseObligation' xlink:to='loc_RecordedUnconditionalPurchaseObligationDueInRollingAfterYearFive' xlink:type='arc' />
    <link:calculationArc order='30' weight='1.0' xlink:arcrole='https://xbrl.org/2023/arcrole/summation-item' xlink:from='loc_RecordedUnconditionalPurchaseObligation' xlink:to='loc_RecordedUnconditionalPurchaseObligationDueInRollingYearFive' xlink:type='arc' />
    <link:calculationArc order='40' weight='1.0' xlink:arcrole='https://xbrl.org/2023/arcrole/summation-item' xlink:from='loc_RecordedUnconditionalPurchaseObligation' xlink:to='loc_RecordedUnconditionalPurchaseObligationDueInRollingYearFour' xlink:type='arc' />
    <link:calculationArc order='50' weight='1.0' xlink:arcrole='https://xbrl.org/2023/arcrole/summation-item' xlink:from='loc_RecordedUnconditionalPurchaseObligation' xlink:to='loc_RecordedUnconditionalPurchaseObligationDueInRollingYearThree' xlink:type='arc' />
    <link:calculationArc order='60' weight='1.0' xlink:arcrole='https://xbrl.org/2023/arcrole/summation-item' xlink:from='loc_RecordedUnconditionalPurchaseObligation' xlink:to='loc_RecordedUnconditionalPurchaseObligationDueInRollingYearTwo' xlink:type='arc' />
    <link:calculationArc order='10' weight='1.0' xlink:arcrole='https://xbrl.org/2023/arcrole/summation-item' xlink:from='loc_UnrecordedUnconditionalPurchaseObligationBalanceSheetAmount' xlink:to='loc_UnrecordedUnconditionalPurchaseObligationDueInNextRollingTwelveMonths' xlink:type='arc' />
    <link:calculationArc order='20' weight='1.0' xlink:arcrole='https://xbrl.org/2023/arcrole/summation-item' xlink:from='loc_UnrecordedUnconditionalPurchaseObligationBalanceSheetAmount' xlink:to='loc_UnrecordedUnconditionalPurchaseObligationDueInRollingAfterYearFive' xlink:type='arc' />
    <link:calculationArc order='30' weight='1.0' xlink:arcrole='https://xbrl.org/2023/arcrole/summation-item' xlink:from='loc_UnrecordedUnconditionalPurchaseObligationBalanceSheetAmount' xlink:to='loc_UnrecordedUnconditionalPurchaseObligationDueInRollingYearFive' xlink:type='arc' />
    <link:calculationArc order='40' weight='1.0' xlink:arcrole='https://xbrl.org/2023/arcrole/summation-item' xlink:from='loc_UnrecordedUnconditionalPurchaseObligationBalanceSheetAmount' xlink:to='loc_UnrecordedUnconditionalPurchaseObligationDueInRollingYearFour' xlink:type='arc' />
    <link:calculationArc order='50' weight='1.0' xlink:arcrole='https://xbrl.org/2023/arcrole/summation-item' xlink:from='loc_UnrecordedUnconditionalPurchaseObligationBalanceSheetAmount' xlink:to='loc_UnrecordedUnconditionalPurchaseObligationDueInRollingYearThree' xlink:type='arc' />
    <link:calculationArc order='60' weight='1.0' xlink:arcrole='https://xbrl.org/2023/arcrole/summation-item' xlink:from='loc_UnrecordedUnconditionalPurchaseObligationBalanceSheetAmount' xlink:to='loc_UnrecordedUnconditionalPurchaseObligationDueInRollingYearTwo' xlink:type='arc' />
  </link:calculationLink>
</link:linkbase>
