<?xml version='1.0' encoding='UTF-8'?>

<!--
(c) 2010-2024 Financial Accounting Foundation; (c) 2007-2010 XBRL US, Inc.  All Rights Reserved.
Notice: Authorized Uses are Set Forth at https://xbrl.fasb.org/terms/TaxonomiesTermsConditions.html
  -->
<link:linkbase xmlns:link='http://www.xbrl.org/2003/linkbase' xmlns:xlink='http://www.w3.org/1999/xlink' xmlns:xsi='http://www.w3.org/2001/XMLSchema-instance' xsi:schemaLocation='http://www.xbrl.org/2003/linkbase http://www.xbrl.org/2003/xbrl-linkbase-2003-12-31.xsd'>  <link:arcroleRef arcroleURI='https://xbrl.org/2023/arcrole/summation-item' xlink:href='https://www.xbrl.org/2023/calculation-1.1.xsd#summation-item' xlink:type='simple'/>
  <link:roleRef roleURI='http://fasb.org/us-gaap/role/disclosure/ForeignOperationsAndCurrencyTranslation' xlink:href='../elts/us-roles-2024.xsd#foct' xlink:type='simple' />
  <link:calculationLink xlink:role='http://fasb.org/us-gaap/role/disclosure/ForeignOperationsAndCurrencyTranslation' xlink:type='extended'>
    <link:loc xlink:href='../elts/us-gaap-2024.xsd#us-gaap_AdjustmentForLongTermIntercompanyTransactionsNetOfTax' xlink:label='loc_AdjustmentForLongTermIntercompanyTransactionsNetOfTax' xlink:type='locator' />
    <link:loc xlink:href='../elts/us-gaap-2024.xsd#us-gaap_AdjustmentForLongTermIntercompanyTransactionsGrossOfTax' xlink:label='loc_AdjustmentForLongTermIntercompanyTransactionsGrossOfTax' xlink:type='locator' />
    <link:loc xlink:href='../elts/us-gaap-2024.xsd#us-gaap_AdjustmentForLongTermIntercompanyTransactionsTaxExpenseBenefit' xlink:label='loc_AdjustmentForLongTermIntercompanyTransactionsTaxExpenseBenefit' xlink:type='locator' />
    <link:loc xlink:href='../elts/us-gaap-2024.xsd#us-gaap_CumulativeTranslationAdjustmentNetOfTaxPeriodIncreaseDecrease' xlink:label='loc_CumulativeTranslationAdjustmentNetOfTaxPeriodIncreaseDecrease' xlink:type='locator' />
    <link:loc xlink:href='../elts/us-gaap-2024.xsd#us-gaap_OtherComprehensiveIncomeForeignCurrencyTransactionAndTranslationGainLossBeforeReclassificationAndTax' xlink:label='loc_OtherComprehensiveIncomeForeignCurrencyTransactionAndTranslationGainLossBeforeReclassificationAndTax' xlink:type='locator' />
    <link:loc xlink:href='../elts/us-gaap-2024.xsd#us-gaap_OtherComprehensiveIncomeForeignCurrencyTranslationGainLossArisingDuringPeriodTax' xlink:label='loc_OtherComprehensiveIncomeForeignCurrencyTranslationGainLossArisingDuringPeriodTax' xlink:type='locator' />
    <link:loc xlink:href='../elts/us-gaap-2024.xsd#us-gaap_OtherComprehensiveIncomeLossForeignCurrencyTransactionAndTranslationReclassificationAdjustmentFromAOCIRealizedUponSaleOrLiquidationNetOfTax' xlink:label='loc_OtherComprehensiveIncomeLossForeignCurrencyTransactionAndTranslationReclassificationAdjustmentFromAOCIRealizedUponSaleOrLiquidationNetOfTax' xlink:type='locator' />
    <link:loc xlink:href='../elts/us-gaap-2024.xsd#us-gaap_TranslationAdjustmentForNetInvestmentHedgeNetOfTaxPeriodIncreaseDecrease' xlink:label='loc_TranslationAdjustmentForNetInvestmentHedgeNetOfTaxPeriodIncreaseDecrease' xlink:type='locator' />
    <link:loc xlink:href='../elts/us-gaap-2024.xsd#us-gaap_TranslationAdjustmentForNetInvestmentHedgeIncreaseDecreaseGrossOfTax' xlink:label='loc_TranslationAdjustmentForNetInvestmentHedgeIncreaseDecreaseGrossOfTax' xlink:type='locator' />
    <link:loc xlink:href='../elts/us-gaap-2024.xsd#us-gaap_DerivativesUsedInNetInvestmentHedgeTaxExpenseBenefit' xlink:label='loc_DerivativesUsedInNetInvestmentHedgeTaxExpenseBenefit' xlink:type='locator' />
    <link:loc xlink:href='../elts/us-gaap-2024.xsd#us-gaap_DerivativesUsedInNetInvestmentHedgeGainLossReclassifiedToEarningsNetOfTax' xlink:label='loc_DerivativesUsedInNetInvestmentHedgeGainLossReclassifiedToEarningsNetOfTax' xlink:type='locator' />
    <link:loc xlink:href='../elts/us-gaap-2024.xsd#us-gaap_TranslationAdjustmentFunctionalToReportingCurrencyNetOfTaxPeriodIncreaseDecrease' xlink:label='loc_TranslationAdjustmentFunctionalToReportingCurrencyNetOfTaxPeriodIncreaseDecrease' xlink:type='locator' />
    <link:loc xlink:href='../elts/us-gaap-2024.xsd#us-gaap_TranslationAdjustmentFunctionalToReportingCurrencyIncreaseDecreaseGrossOfTax' xlink:label='loc_TranslationAdjustmentFunctionalToReportingCurrencyIncreaseDecreaseGrossOfTax' xlink:type='locator' />
    <link:loc xlink:href='../elts/us-gaap-2024.xsd#us-gaap_TranslationAdjustmentFunctionalToReportingCurrencyTaxExpenseBenefit' xlink:label='loc_TranslationAdjustmentFunctionalToReportingCurrencyTaxExpenseBenefit' xlink:type='locator' />
    <link:loc xlink:href='../elts/us-gaap-2024.xsd#us-gaap_TranslationAdjustmentFunctionalToReportingCurrencyGainLossReclassifiedToEarningsNetOfTax' xlink:label='loc_TranslationAdjustmentFunctionalToReportingCurrencyGainLossReclassifiedToEarningsNetOfTax' xlink:type='locator' />
    <link:loc xlink:href='../elts/us-gaap-2024.xsd#us-gaap_RealizedAndUnrealizedGainLossInvestmentDerivativeAndForeignCurrencyTransactionOperatingAfterTax' xlink:label='loc_RealizedAndUnrealizedGainLossInvestmentDerivativeAndForeignCurrencyTransactionOperatingAfterTax' xlink:type='locator' />
    <link:loc xlink:href='../elts/us-gaap-2024.xsd#us-gaap_RealizedAndUnrealizedGainLossInvestmentAndDerivativeOperatingAfterTax' xlink:label='loc_RealizedAndUnrealizedGainLossInvestmentAndDerivativeOperatingAfterTax' xlink:type='locator' />
    <link:loc xlink:href='../elts/us-gaap-2024.xsd#us-gaap_ForeignCurrencyTransactionGainLossAfterTax' xlink:label='loc_ForeignCurrencyTransactionGainLossAfterTax' xlink:type='locator' />
    <link:loc xlink:href='../elts/us-gaap-2024.xsd#us-gaap_ForeignCurrencyTransactionGainLossRealizedAfterTax' xlink:label='loc_ForeignCurrencyTransactionGainLossRealizedAfterTax' xlink:type='locator' />
    <link:loc xlink:href='../elts/us-gaap-2024.xsd#us-gaap_ForeignCurrencyTransactionGainLossUnrealizedAfterTax' xlink:label='loc_ForeignCurrencyTransactionGainLossUnrealizedAfterTax' xlink:type='locator' />
    <link:loc xlink:href='../elts/us-gaap-2024.xsd#us-gaap_InvestmentCompanyRealizedAndUnrealizedGainLossOnInvestmentAndForeignCurrency' xlink:label='loc_InvestmentCompanyRealizedAndUnrealizedGainLossOnInvestmentAndForeignCurrency' xlink:type='locator' />
    <link:loc xlink:href='../elts/us-gaap-2024.xsd#us-gaap_RealizedAndUnrealizedGainLossInvestmentAndDerivativeOperatingBeforeTax' xlink:label='loc_RealizedAndUnrealizedGainLossInvestmentAndDerivativeOperatingBeforeTax' xlink:type='locator' />
    <link:loc xlink:href='../elts/us-gaap-2024.xsd#us-gaap_ForeignCurrencyTransactionGainLossBeforeTax' xlink:label='loc_ForeignCurrencyTransactionGainLossBeforeTax' xlink:type='locator' />
    <link:calculationArc order='10' weight='1.0' xlink:arcrole='https://xbrl.org/2023/arcrole/summation-item' xlink:from='loc_AdjustmentForLongTermIntercompanyTransactionsNetOfTax' xlink:to='loc_AdjustmentForLongTermIntercompanyTransactionsGrossOfTax' xlink:type='arc' />
    <link:calculationArc order='20' weight='-1.0' xlink:arcrole='https://xbrl.org/2023/arcrole/summation-item' xlink:from='loc_AdjustmentForLongTermIntercompanyTransactionsNetOfTax' xlink:to='loc_AdjustmentForLongTermIntercompanyTransactionsTaxExpenseBenefit' xlink:type='arc' />
    <link:calculationArc order='10' weight='1.0' xlink:arcrole='https://xbrl.org/2023/arcrole/summation-item' xlink:from='loc_CumulativeTranslationAdjustmentNetOfTaxPeriodIncreaseDecrease' xlink:to='loc_OtherComprehensiveIncomeForeignCurrencyTransactionAndTranslationGainLossBeforeReclassificationAndTax' xlink:type='arc' />
    <link:calculationArc order='20' weight='-1.0' xlink:arcrole='https://xbrl.org/2023/arcrole/summation-item' xlink:from='loc_CumulativeTranslationAdjustmentNetOfTaxPeriodIncreaseDecrease' xlink:to='loc_OtherComprehensiveIncomeForeignCurrencyTranslationGainLossArisingDuringPeriodTax' xlink:type='arc' />
    <link:calculationArc order='30' weight='-1.0' xlink:arcrole='https://xbrl.org/2023/arcrole/summation-item' xlink:from='loc_CumulativeTranslationAdjustmentNetOfTaxPeriodIncreaseDecrease' xlink:to='loc_OtherComprehensiveIncomeLossForeignCurrencyTransactionAndTranslationReclassificationAdjustmentFromAOCIRealizedUponSaleOrLiquidationNetOfTax' xlink:type='arc' />
    <link:calculationArc order='10' weight='1.0' xlink:arcrole='https://xbrl.org/2023/arcrole/summation-item' xlink:from='loc_TranslationAdjustmentForNetInvestmentHedgeNetOfTaxPeriodIncreaseDecrease' xlink:to='loc_TranslationAdjustmentForNetInvestmentHedgeIncreaseDecreaseGrossOfTax' xlink:type='arc' />
    <link:calculationArc order='20' weight='-1.0' xlink:arcrole='https://xbrl.org/2023/arcrole/summation-item' xlink:from='loc_TranslationAdjustmentForNetInvestmentHedgeNetOfTaxPeriodIncreaseDecrease' xlink:to='loc_DerivativesUsedInNetInvestmentHedgeTaxExpenseBenefit' xlink:type='arc' />
    <link:calculationArc order='30' weight='-1.0' xlink:arcrole='https://xbrl.org/2023/arcrole/summation-item' xlink:from='loc_TranslationAdjustmentForNetInvestmentHedgeNetOfTaxPeriodIncreaseDecrease' xlink:to='loc_DerivativesUsedInNetInvestmentHedgeGainLossReclassifiedToEarningsNetOfTax' xlink:type='arc' />
    <link:calculationArc order='10' weight='1.0' xlink:arcrole='https://xbrl.org/2023/arcrole/summation-item' xlink:from='loc_TranslationAdjustmentFunctionalToReportingCurrencyNetOfTaxPeriodIncreaseDecrease' xlink:to='loc_TranslationAdjustmentFunctionalToReportingCurrencyIncreaseDecreaseGrossOfTax' xlink:type='arc' />
    <link:calculationArc order='20' weight='-1.0' xlink:arcrole='https://xbrl.org/2023/arcrole/summation-item' xlink:from='loc_TranslationAdjustmentFunctionalToReportingCurrencyNetOfTaxPeriodIncreaseDecrease' xlink:to='loc_TranslationAdjustmentFunctionalToReportingCurrencyTaxExpenseBenefit' xlink:type='arc' />
    <link:calculationArc order='30' weight='-1.0' xlink:arcrole='https://xbrl.org/2023/arcrole/summation-item' xlink:from='loc_TranslationAdjustmentFunctionalToReportingCurrencyNetOfTaxPeriodIncreaseDecrease' xlink:to='loc_TranslationAdjustmentFunctionalToReportingCurrencyGainLossReclassifiedToEarningsNetOfTax' xlink:type='arc' />
    <link:calculationArc order='10' weight='1.0' xlink:arcrole='https://xbrl.org/2023/arcrole/summation-item' xlink:from='loc_RealizedAndUnrealizedGainLossInvestmentDerivativeAndForeignCurrencyTransactionOperatingAfterTax' xlink:to='loc_RealizedAndUnrealizedGainLossInvestmentAndDerivativeOperatingAfterTax' xlink:type='arc' />
    <link:calculationArc order='20' weight='1.0' xlink:arcrole='https://xbrl.org/2023/arcrole/summation-item' xlink:from='loc_RealizedAndUnrealizedGainLossInvestmentDerivativeAndForeignCurrencyTransactionOperatingAfterTax' xlink:to='loc_ForeignCurrencyTransactionGainLossAfterTax' xlink:type='arc' />
    <link:calculationArc order='10' weight='1.0' xlink:arcrole='https://xbrl.org/2023/arcrole/summation-item' xlink:from='loc_ForeignCurrencyTransactionGainLossAfterTax' xlink:to='loc_ForeignCurrencyTransactionGainLossRealizedAfterTax' xlink:type='arc' />
    <link:calculationArc order='20' weight='1.0' xlink:arcrole='https://xbrl.org/2023/arcrole/summation-item' xlink:from='loc_ForeignCurrencyTransactionGainLossAfterTax' xlink:to='loc_ForeignCurrencyTransactionGainLossUnrealizedAfterTax' xlink:type='arc' />
    <link:calculationArc order='10' weight='1.0' xlink:arcrole='https://xbrl.org/2023/arcrole/summation-item' xlink:from='loc_InvestmentCompanyRealizedAndUnrealizedGainLossOnInvestmentAndForeignCurrency' xlink:to='loc_RealizedAndUnrealizedGainLossInvestmentAndDerivativeOperatingBeforeTax' xlink:type='arc' />
    <link:calculationArc order='20' weight='1.0' xlink:arcrole='https://xbrl.org/2023/arcrole/summation-item' xlink:from='loc_InvestmentCompanyRealizedAndUnrealizedGainLossOnInvestmentAndForeignCurrency' xlink:to='loc_ForeignCurrencyTransactionGainLossBeforeTax' xlink:type='arc' />
  </link:calculationLink>
</link:linkbase>
