<?xml version='1.0' encoding='UTF-8'?>

<!--
(c) 2010-2024 Financial Accounting Foundation; (c) 2007-2010 XBRL US, Inc.  All Rights Reserved.
Notice: Authorized Uses are Set Forth at https://xbrl.fasb.org/terms/TaxonomiesTermsConditions.html
  -->
<link:linkbase xmlns:link='http://www.xbrl.org/2003/linkbase' xmlns:xlink='http://www.w3.org/1999/xlink' xmlns:xsi='http://www.w3.org/2001/XMLSchema-instance' xsi:schemaLocation='http://www.xbrl.org/2003/linkbase http://www.xbrl.org/2003/xbrl-linkbase-2003-12-31.xsd'>
  <link:roleRef roleURI='http://fasb.org/us-gaap/role/disclosure/InvestmentsInAndAdvancesToAffiliates' xlink:href='../elts/us-roles-2024.xsd#schedoi-iiaa' xlink:type='simple' />
  <link:presentationLink xlink:role='http://fasb.org/us-gaap/role/disclosure/InvestmentsInAndAdvancesToAffiliates' xlink:type='extended'>
    <link:loc xlink:href='../elts/us-gaap-2024.xsd#us-gaap_InvestmentsInAndAdvancesToAffiliatesAbstract' xlink:label='loc_InvestmentsInAndAdvancesToAffiliatesAbstract' xlink:type='locator' />
    <link:loc xlink:href='../elts/us-gaap-2024.xsd#us-gaap_InvestmentsInAndAdvancesToAffiliatesScheduleOfInvestmentsAbstract' xlink:label='loc_InvestmentsInAndAdvancesToAffiliatesScheduleOfInvestmentsAbstract' xlink:type='locator' />
    <link:loc xlink:href='../elts/us-gaap-2024.xsd#us-gaap_InvestmentsInAndAdvancesToAffiliatesScheduleOfInvestmentsTextBlock' xlink:label='loc_InvestmentsInAndAdvancesToAffiliatesScheduleOfInvestmentsTextBlock' xlink:type='locator' />
    <link:loc xlink:href='../elts/us-gaap-2024.xsd#us-gaap_ScheduleOfInvestmentsInAndAdvancesToAffiliatesScheduleOfInvestmentsTableTextBlock' xlink:label='loc_ScheduleOfInvestmentsInAndAdvancesToAffiliatesScheduleOfInvestmentsTableTextBlock' xlink:type='locator' />
    <link:loc xlink:href='../elts/us-gaap-2024.xsd#us-gaap_ScheduleOfInvestmentsTable' xlink:label='loc_ScheduleOfInvestmentsTable' xlink:type='locator' />
    <link:loc xlink:href='../elts/us-gaap-2024.xsd#us-gaap_InvestmentIdentifierAxis' xlink:label='loc_InvestmentIdentifierAxis' xlink:type='locator' />
    <link:loc xlink:href='../elts/us-gaap-2024.xsd#us-gaap_InvestmentIssuerAffiliationAxis' xlink:label='loc_InvestmentIssuerAffiliationAxis' xlink:type='locator' />
    <link:loc xlink:href='../elts/us-gaap-2024.xsd#us-gaap_InvestmentIssuerAffiliationDomain' xlink:label='loc_InvestmentIssuerAffiliationDomain' xlink:type='locator' />
    <link:loc xlink:href='../elts/us-gaap-2024.xsd#us-gaap_InvestmentUnaffiliatedIssuerMember' xlink:label='loc_InvestmentUnaffiliatedIssuerMember' xlink:type='locator' />
    <link:loc xlink:href='../elts/us-gaap-2024.xsd#us-gaap_InvestmentAffiliatedIssuerMember' xlink:label='loc_InvestmentAffiliatedIssuerMember' xlink:type='locator' />
    <link:loc xlink:href='../elts/us-gaap-2024.xsd#us-gaap_InvestmentAffiliatedIssuerControlledMember' xlink:label='loc_InvestmentAffiliatedIssuerControlledMember' xlink:type='locator' />
    <link:loc xlink:href='../elts/us-gaap-2024.xsd#us-gaap_InvestmentsInMajorityOwnedSubsidiariesMember' xlink:label='loc_InvestmentsInMajorityOwnedSubsidiariesMember' xlink:type='locator' />
    <link:loc xlink:href='../elts/us-gaap-2024.xsd#us-gaap_OtherControlledCompaniesMember' xlink:label='loc_OtherControlledCompaniesMember' xlink:type='locator' />
    <link:loc xlink:href='../elts/us-gaap-2024.xsd#us-gaap_InvestmentAffiliatedIssuerNoncontrolledMember' xlink:label='loc_InvestmentAffiliatedIssuerNoncontrolledMember' xlink:type='locator' />
    <link:loc xlink:href='../elts/us-gaap-2024.xsd#us-gaap_InvestmentTypeAxis' xlink:label='loc_InvestmentTypeAxis' xlink:type='locator' />
    <link:loc xlink:href='../elts/us-gaap-2024.xsd#us-gaap_InvestmentTypeCategorizationMember' xlink:label='loc_InvestmentTypeCategorizationMember' xlink:type='locator' />
    <link:loc xlink:href='../elts/us-gaap-2024.xsd#us-gaap_SecuritiesInvestmentMember' xlink:label='loc_SecuritiesInvestmentMember' xlink:type='locator' />
    <link:loc xlink:href='../elts/us-gaap-2024.xsd#us-gaap_EquitySecuritiesMember' xlink:label='loc_EquitySecuritiesMember' xlink:type='locator' />
    <link:loc xlink:href='../elts/us-gaap-2024.xsd#us-gaap_CommonStockMember' xlink:label='loc_CommonStockMember' xlink:type='locator' />
    <link:loc xlink:href='../elts/us-gaap-2024.xsd#us-gaap_PreferredStockMember' xlink:label='loc_PreferredStockMember' xlink:type='locator' />
    <link:loc xlink:href='../elts/us-gaap-2024.xsd#us-gaap_PreferredNonConvertibleStockMember' xlink:label='loc_PreferredNonConvertibleStockMember' xlink:type='locator' />
    <link:loc xlink:href='../elts/us-gaap-2024.xsd#us-gaap_ConvertiblePreferredStockMember' xlink:label='loc_ConvertiblePreferredStockMember' xlink:type='locator' />
    <link:loc xlink:href='../elts/us-gaap-2024.xsd#us-gaap_ContingentConvertiblePreferredStockMember' xlink:label='loc_ContingentConvertiblePreferredStockMember' xlink:type='locator' />
    <link:loc xlink:href='../elts/us-gaap-2024.xsd#us-gaap_NonredeemablePreferredStockMember' xlink:label='loc_NonredeemablePreferredStockMember' xlink:type='locator' />
    <link:loc xlink:href='../elts/us-gaap-2024.xsd#us-gaap_RedeemablePreferredStockMember' xlink:label='loc_RedeemablePreferredStockMember' xlink:type='locator' />
    <link:loc xlink:href='../elts/us-gaap-2024.xsd#us-gaap_RightsMember' xlink:label='loc_RightsMember' xlink:type='locator' />
    <link:loc xlink:href='../elts/us-gaap-2024.xsd#us-gaap_WarrantMember' xlink:label='loc_WarrantMember' xlink:type='locator' />
    <link:loc xlink:href='../elts/us-gaap-2024.xsd#us-gaap_FixedIncomeInvestmentsMember' xlink:label='loc_FixedIncomeInvestmentsMember' xlink:type='locator' />
    <link:loc xlink:href='../elts/us-gaap-2024.xsd#us-gaap_AssetBackedSecuritiesMember' xlink:label='loc_AssetBackedSecuritiesMember' xlink:type='locator' />
    <link:loc xlink:href='../elts/us-gaap-2024.xsd#us-gaap_CollateralizedMortgageObligationsMember' xlink:label='loc_CollateralizedMortgageObligationsMember' xlink:type='locator' />
    <link:loc xlink:href='../elts/us-gaap-2024.xsd#us-gaap_CorporateDebtSecuritiesMember' xlink:label='loc_CorporateDebtSecuritiesMember' xlink:type='locator' />
    <link:loc xlink:href='../elts/us-gaap-2024.xsd#us-gaap_CorporateBondSecuritiesMember' xlink:label='loc_CorporateBondSecuritiesMember' xlink:type='locator' />
    <link:loc xlink:href='../elts/us-gaap-2024.xsd#us-gaap_CorporateNoteSecuritiesMember' xlink:label='loc_CorporateNoteSecuritiesMember' xlink:type='locator' />
    <link:loc xlink:href='../elts/us-gaap-2024.xsd#us-gaap_ConvertibleDebtSecuritiesMember' xlink:label='loc_ConvertibleDebtSecuritiesMember' xlink:type='locator' />
    <link:loc xlink:href='../elts/us-gaap-2024.xsd#us-gaap_CommodityIndexLinkedNotesMember' xlink:label='loc_CommodityIndexLinkedNotesMember' xlink:type='locator' />
    <link:loc xlink:href='../elts/us-gaap-2024.xsd#us-gaap_CommercialPaperMember' xlink:label='loc_CommercialPaperMember' xlink:type='locator' />
    <link:loc xlink:href='../elts/us-gaap-2024.xsd#us-gaap_ShortTermDebtMember' xlink:label='loc_ShortTermDebtMember' xlink:type='locator' />
    <link:loc xlink:href='../elts/us-gaap-2024.xsd#us-gaap_SovereignDebtSecuritiesMember' xlink:label='loc_SovereignDebtSecuritiesMember' xlink:type='locator' />
    <link:loc xlink:href='../elts/us-gaap-2024.xsd#us-gaap_SeniorNotesMember' xlink:label='loc_SeniorNotesMember' xlink:type='locator' />
    <link:loc xlink:href='../elts/us-gaap-2024.xsd#us-gaap_SubordinatedDebtMember' xlink:label='loc_SubordinatedDebtMember' xlink:type='locator' />
    <link:loc xlink:href='../elts/us-gaap-2024.xsd#us-gaap_SeniorSubordinatedNotesMember' xlink:label='loc_SeniorSubordinatedNotesMember' xlink:type='locator' />
    <link:loc xlink:href='../elts/us-gaap-2024.xsd#us-gaap_SeniorSubordinatedLoansMember' xlink:label='loc_SeniorSubordinatedLoansMember' xlink:type='locator' />
    <link:loc xlink:href='../elts/us-gaap-2024.xsd#us-gaap_JuniorNotesMember' xlink:label='loc_JuniorNotesMember' xlink:type='locator' />
    <link:loc xlink:href='../elts/us-gaap-2024.xsd#us-gaap_JuniorSubordinatedDebtMember' xlink:label='loc_JuniorSubordinatedDebtMember' xlink:type='locator' />
    <link:loc xlink:href='../elts/us-gaap-2024.xsd#us-gaap_UnitrancheDebtMember' xlink:label='loc_UnitrancheDebtMember' xlink:type='locator' />
    <link:loc xlink:href='../elts/us-gaap-2024.xsd#us-gaap_USTreasuryAndGovernmentMember' xlink:label='loc_USTreasuryAndGovernmentMember' xlink:type='locator' />
    <link:loc xlink:href='../elts/us-gaap-2024.xsd#us-gaap_USTreasurySecuritiesMember' xlink:label='loc_USTreasurySecuritiesMember' xlink:type='locator' />
    <link:loc xlink:href='../elts/us-gaap-2024.xsd#us-gaap_USTreasuryNotesSecuritiesMember' xlink:label='loc_USTreasuryNotesSecuritiesMember' xlink:type='locator' />
    <link:loc xlink:href='../elts/us-gaap-2024.xsd#us-gaap_USTreasuryBondSecuritiesMember' xlink:label='loc_USTreasuryBondSecuritiesMember' xlink:type='locator' />
    <link:loc xlink:href='../elts/us-gaap-2024.xsd#us-gaap_USTreasuryBillSecuritiesMember' xlink:label='loc_USTreasuryBillSecuritiesMember' xlink:type='locator' />
    <link:loc xlink:href='../elts/us-gaap-2024.xsd#us-gaap_USTreasuryAndGovernmentShorttermDebtSecuritiesMember' xlink:label='loc_USTreasuryAndGovernmentShorttermDebtSecuritiesMember' xlink:type='locator' />
    <link:loc xlink:href='../elts/us-gaap-2024.xsd#us-gaap_USGovernmentAgenciesShorttermDebtSecuritiesMember' xlink:label='loc_USGovernmentAgenciesShorttermDebtSecuritiesMember' xlink:type='locator' />
    <link:loc xlink:href='../elts/us-gaap-2024.xsd#us-gaap_BankersAcceptanceMember' xlink:label='loc_BankersAcceptanceMember' xlink:type='locator' />
    <link:loc xlink:href='../elts/us-gaap-2024.xsd#us-gaap_LoanParticipationsAndAssignmentsMember' xlink:label='loc_LoanParticipationsAndAssignmentsMember' xlink:type='locator' />
    <link:loc xlink:href='../elts/us-gaap-2024.xsd#us-gaap_VariableRateDemandObligationMember' xlink:label='loc_VariableRateDemandObligationMember' xlink:type='locator' />
    <link:loc xlink:href='../elts/us-gaap-2024.xsd#us-gaap_CertificatesOfDepositMember' xlink:label='loc_CertificatesOfDepositMember' xlink:type='locator' />
    <link:loc xlink:href='../elts/us-gaap-2024.xsd#us-gaap_EquitySecuritiesByIndustryAxis' xlink:label='loc_EquitySecuritiesByIndustryAxis' xlink:type='locator' />
    <link:loc xlink:href='../elts/us-gaap-2024.xsd#us-gaap_EquitySecuritiesIndustryMember' xlink:label='loc_EquitySecuritiesIndustryMember' xlink:type='locator' />
    <link:loc xlink:href='../elts/us-gaap-2024.xsd#us-gaap_AerospaceSectorMember' xlink:label='loc_AerospaceSectorMember' xlink:type='locator' />
    <link:loc xlink:href='../elts/us-gaap-2024.xsd#us-gaap_AgriculturalSectorMember' xlink:label='loc_AgriculturalSectorMember' xlink:type='locator' />
    <link:loc xlink:href='../elts/us-gaap-2024.xsd#us-gaap_AutomotiveSectorMember' xlink:label='loc_AutomotiveSectorMember' xlink:type='locator' />
    <link:loc xlink:href='../elts/us-gaap-2024.xsd#us-gaap_ChemicalsSectorMember' xlink:label='loc_ChemicalsSectorMember' xlink:type='locator' />
    <link:loc xlink:href='../elts/us-gaap-2024.xsd#us-gaap_CommercialAndIndustrialSectorMember' xlink:label='loc_CommercialAndIndustrialSectorMember' xlink:type='locator' />
    <link:loc xlink:href='../elts/us-gaap-2024.xsd#us-gaap_ConstructionSectorMember' xlink:label='loc_ConstructionSectorMember' xlink:type='locator' />
    <link:loc xlink:href='../elts/us-gaap-2024.xsd#us-gaap_ConsumerSectorMember' xlink:label='loc_ConsumerSectorMember' xlink:type='locator' />
    <link:loc xlink:href='../elts/us-gaap-2024.xsd#us-gaap_ContainerAndPackagingSectorMember' xlink:label='loc_ContainerAndPackagingSectorMember' xlink:type='locator' />
    <link:loc xlink:href='../elts/us-gaap-2024.xsd#us-gaap_EnergySectorMember' xlink:label='loc_EnergySectorMember' xlink:type='locator' />
    <link:loc xlink:href='../elts/us-gaap-2024.xsd#us-gaap_EntertainmentSectorMember' xlink:label='loc_EntertainmentSectorMember' xlink:type='locator' />
    <link:loc xlink:href='../elts/us-gaap-2024.xsd#us-gaap_FinancialServicesSectorMember' xlink:label='loc_FinancialServicesSectorMember' xlink:type='locator' />
    <link:loc xlink:href='../elts/us-gaap-2024.xsd#us-gaap_FoodAndBeverageSectorMember' xlink:label='loc_FoodAndBeverageSectorMember' xlink:type='locator' />
    <link:loc xlink:href='../elts/us-gaap-2024.xsd#us-gaap_GovernmentSectorMember' xlink:label='loc_GovernmentSectorMember' xlink:type='locator' />
    <link:loc xlink:href='../elts/us-gaap-2024.xsd#us-gaap_HealthcareSectorMember' xlink:label='loc_HealthcareSectorMember' xlink:type='locator' />
    <link:loc xlink:href='../elts/us-gaap-2024.xsd#us-gaap_InsuranceSectorMember' xlink:label='loc_InsuranceSectorMember' xlink:type='locator' />
    <link:loc xlink:href='../elts/us-gaap-2024.xsd#us-gaap_RealEstateSectorMember' xlink:label='loc_RealEstateSectorMember' xlink:type='locator' />
    <link:loc xlink:href='../elts/us-gaap-2024.xsd#us-gaap_RetailSectorMember' xlink:label='loc_RetailSectorMember' xlink:type='locator' />
    <link:loc xlink:href='../elts/us-gaap-2024.xsd#us-gaap_TechnologySectorMember' xlink:label='loc_TechnologySectorMember' xlink:type='locator' />
    <link:loc xlink:href='../elts/us-gaap-2024.xsd#us-gaap_TransportationSectorMember' xlink:label='loc_TransportationSectorMember' xlink:type='locator' />
    <link:loc xlink:href='https://xbrl.fasb.org/srt/2024/elts/srt-2024.xsd#srt_StatementGeographicalAxis' xlink:label='loc_StatementGeographicalAxis' xlink:type='locator' />
    <link:loc xlink:href='https://xbrl.fasb.org/srt/2024/elts/srt-2024.xsd#srt_SegmentGeographicalDomain' xlink:label='loc_SegmentGeographicalDomain' xlink:type='locator' />
    <link:loc xlink:href='https://xbrl.fasb.org/srt/2024/elts/srt-2024.xsd#srt_AmericasMember' xlink:label='loc_AmericasMember' xlink:type='locator' />
    <link:loc xlink:href='https://xbrl.fasb.org/srt/2024/elts/srt-2024.xsd#srt_CentralAmericaMember' xlink:label='loc_CentralAmericaMember' xlink:type='locator' />
    <link:loc xlink:href='https://xbrl.fasb.org/srt/2024/elts/srt-2024.xsd#srt_NorthAmericaMember' xlink:label='loc_NorthAmericaMember' xlink:type='locator' />
    <link:loc xlink:href='../elts/us-gaap-2024.xsd#us-gaap_EastRegionMember' xlink:label='loc_EastRegionMember' xlink:type='locator' />
    <link:loc xlink:href='../elts/us-gaap-2024.xsd#us-gaap_MidwestRegionMember' xlink:label='loc_MidwestRegionMember' xlink:type='locator' />
    <link:loc xlink:href='../elts/us-gaap-2024.xsd#us-gaap_NorthRegionMember' xlink:label='loc_NorthRegionMember' xlink:type='locator' />
    <link:loc xlink:href='../elts/us-gaap-2024.xsd#us-gaap_NortheastRegionMember' xlink:label='loc_NortheastRegionMember' xlink:type='locator' />
    <link:loc xlink:href='../elts/us-gaap-2024.xsd#us-gaap_NorthwestRegionMember' xlink:label='loc_NorthwestRegionMember' xlink:type='locator' />
    <link:loc xlink:href='../elts/us-gaap-2024.xsd#us-gaap_SouthRegionMember' xlink:label='loc_SouthRegionMember' xlink:type='locator' />
    <link:loc xlink:href='../elts/us-gaap-2024.xsd#us-gaap_SoutheastRegionMember' xlink:label='loc_SoutheastRegionMember' xlink:type='locator' />
    <link:loc xlink:href='../elts/us-gaap-2024.xsd#us-gaap_SouthwestRegionMember' xlink:label='loc_SouthwestRegionMember' xlink:type='locator' />
    <link:loc xlink:href='../elts/us-gaap-2024.xsd#us-gaap_WestRegionMember' xlink:label='loc_WestRegionMember' xlink:type='locator' />
    <link:loc xlink:href='https://xbrl.fasb.org/srt/2024/elts/srt-2024.xsd#srt_SouthAmericaMember' xlink:label='loc_SouthAmericaMember' xlink:type='locator' />
    <link:loc xlink:href='https://xbrl.fasb.org/srt/2024/elts/srt-2024.xsd#srt_AsiaMember' xlink:label='loc_AsiaMember' xlink:type='locator' />
    <link:loc xlink:href='https://xbrl.fasb.org/srt/2024/elts/srt-2024.xsd#srt_AsiaPacificMember' xlink:label='loc_AsiaPacificMember' xlink:type='locator' />
    <link:loc xlink:href='../elts/us-gaap-2024.xsd#us-gaap_EMEAMember' xlink:label='loc_EMEAMember' xlink:type='locator' />
    <link:loc xlink:href='https://xbrl.fasb.org/srt/2024/elts/srt-2024.xsd#srt_AfricaMember' xlink:label='loc_AfricaMember' xlink:type='locator' />
    <link:loc xlink:href='https://xbrl.fasb.org/srt/2024/elts/srt-2024.xsd#srt_EuropeMember' xlink:label='loc_EuropeMember' xlink:type='locator' />
    <link:loc xlink:href='../elts/us-gaap-2024.xsd#us-gaap_MiddleEastMember' xlink:label='loc_MiddleEastMember' xlink:type='locator' />
    <link:loc xlink:href='../elts/us-gaap-2024.xsd#us-gaap_EuropeanUnionMember' xlink:label='loc_EuropeanUnionMember' xlink:type='locator' />
    <link:loc xlink:href='https://xbrl.fasb.org/srt/2024/elts/srt-2024.xsd#srt_LatinAmericaMember' xlink:label='loc_LatinAmericaMember' xlink:type='locator' />
    <link:loc xlink:href='../elts/us-gaap-2024.xsd#us-gaap_NonUsMember' xlink:label='loc_NonUsMember' xlink:type='locator' />
    <link:loc xlink:href='../elts/us-gaap-2024.xsd#us-gaap_InvestmentIssuerNameAxis' xlink:label='loc_InvestmentIssuerNameAxis' xlink:type='locator' />
    <link:loc xlink:href='../elts/us-gaap-2024.xsd#us-gaap_InvestmentIssuerNameDomain' xlink:label='loc_InvestmentIssuerNameDomain' xlink:type='locator' />
    <link:loc xlink:href='https://xbrl.fasb.org/srt/2024/elts/srt-2024.xsd#srt_RangeAxis' xlink:label='loc_RangeAxis' xlink:type='locator' />
    <link:loc xlink:href='https://xbrl.fasb.org/srt/2024/elts/srt-2024.xsd#srt_RangeMember' xlink:label='loc_RangeMember' xlink:type='locator' />
    <link:loc xlink:href='https://xbrl.fasb.org/srt/2024/elts/srt-2024.xsd#srt_MaximumMember' xlink:label='loc_MaximumMember' xlink:type='locator' />
    <link:loc xlink:href='https://xbrl.fasb.org/srt/2024/elts/srt-2024.xsd#srt_MinimumMember' xlink:label='loc_MinimumMember' xlink:type='locator' />
    <link:loc xlink:href='../elts/us-gaap-2024.xsd#us-gaap_InvestmentsInAndAdvancesToAffiliatesLineItems' xlink:label='loc_InvestmentsInAndAdvancesToAffiliatesLineItems' xlink:type='locator' />
    <link:loc xlink:href='../elts/us-gaap-2024.xsd#us-gaap_InvestmentsInAndAdvancesToAffiliatesBalanceAbstract' xlink:label='loc_InvestmentsInAndAdvancesToAffiliatesBalanceAbstract' xlink:type='locator' />
    <link:loc xlink:href='../elts/us-gaap-2024.xsd#us-gaap_InvestmentOwnedBalanceShares' xlink:label='loc_InvestmentOwnedBalanceShares' xlink:type='locator' />
    <link:loc xlink:href='../elts/us-gaap-2024.xsd#us-gaap_InvestmentOwnedBalancePrincipalAmount' xlink:label='loc_InvestmentOwnedBalancePrincipalAmount' xlink:type='locator' />
    <link:loc xlink:href='../elts/us-gaap-2024.xsd#us-gaap_InvestmentOwnedAtFairValue' xlink:label='loc_InvestmentOwnedAtFairValue_1' xlink:type='locator' />
    <link:loc xlink:href='../elts/us-gaap-2024.xsd#us-gaap_InvestmentOwnedAtFairValue' xlink:label='loc_InvestmentOwnedAtFairValue' xlink:type='locator' />
    <link:loc xlink:href='../elts/us-gaap-2024.xsd#us-gaap_InvestmentOwnedAtCost' xlink:label='loc_InvestmentOwnedAtCost' xlink:type='locator' />
    <link:loc xlink:href='../elts/us-gaap-2024.xsd#us-gaap_InvestmentAcquisitionDate' xlink:label='loc_InvestmentAcquisitionDate' xlink:type='locator' />
    <link:loc xlink:href='../elts/us-gaap-2024.xsd#us-gaap_InvestmentMaturityDate' xlink:label='loc_InvestmentMaturityDate' xlink:type='locator' />
    <link:loc xlink:href='../elts/us-gaap-2024.xsd#us-gaap_InvestmentOwnedOptionExists' xlink:label='loc_InvestmentOwnedOptionExists' xlink:type='locator' />
    <link:loc xlink:href='../elts/us-gaap-2024.xsd#us-gaap_InvestmentInterestAndDividendRateAbstract' xlink:label='loc_InvestmentInterestAndDividendRateAbstract' xlink:type='locator' />
    <link:loc xlink:href='../elts/us-gaap-2024.xsd#us-gaap_InvestmentInterestRate' xlink:label='loc_InvestmentInterestRate' xlink:type='locator' />
    <link:loc xlink:href='../elts/us-gaap-2024.xsd#us-gaap_InvestmentBasisSpreadVariableRate' xlink:label='loc_InvestmentBasisSpreadVariableRate' xlink:type='locator' />
    <link:loc xlink:href='../elts/us-gaap-2024.xsd#us-gaap_InvestmentVariableInterestRateTypeExtensibleEnumeration' xlink:label='loc_InvestmentVariableInterestRateTypeExtensibleEnumeration' xlink:type='locator' />
    <link:loc xlink:href='../elts/us-gaap-2024.xsd#us-gaap_InvestmentInterestRatePaidInKind' xlink:label='loc_InvestmentInterestRatePaidInKind' xlink:type='locator' />
    <link:loc xlink:href='../elts/us-gaap-2024.xsd#us-gaap_InvestmentInterestRatePaidInCash' xlink:label='loc_InvestmentInterestRatePaidInCash' xlink:type='locator' />
    <link:loc xlink:href='../elts/us-gaap-2024.xsd#us-gaap_InvestmentInterestRateFloor' xlink:label='loc_InvestmentInterestRateFloor' xlink:type='locator' />
    <link:loc xlink:href='../elts/us-gaap-2024.xsd#us-gaap_PreferredStockDividendRatePercentage' xlink:label='loc_PreferredStockDividendRatePercentage' xlink:type='locator' />
    <link:loc xlink:href='../elts/us-gaap-2024.xsd#us-gaap_InvestmentRestrictionStatus' xlink:label='loc_InvestmentRestrictionStatus' xlink:type='locator' />
    <link:loc xlink:href='../elts/us-gaap-2024.xsd#us-gaap_InvestmentSignificantUnobservableInput' xlink:label='loc_InvestmentSignificantUnobservableInput' xlink:type='locator' />
    <link:loc xlink:href='../elts/us-gaap-2024.xsd#us-gaap_RepurchaseAgreementDate' xlink:label='loc_RepurchaseAgreementDate' xlink:type='locator' />
    <link:loc xlink:href='../elts/us-gaap-2024.xsd#us-gaap_RepurchaseAgreementDateOfRepurchase' xlink:label='loc_RepurchaseAgreementDateOfRepurchase' xlink:type='locator' />
    <link:loc xlink:href='../elts/us-gaap-2024.xsd#us-gaap_SecuritiesSoldUnderAgreementsToRepurchase' xlink:label='loc_SecuritiesSoldUnderAgreementsToRepurchase' xlink:type='locator' />
    <link:loc xlink:href='../elts/us-gaap-2024.xsd#us-gaap_SecuritiesSoldUnderAgreementsToRepurchaseCounterpartyNameExtensibleList' xlink:label='loc_SecuritiesSoldUnderAgreementsToRepurchaseCounterpartyNameExtensibleList' xlink:type='locator' />
    <link:loc xlink:href='../elts/us-gaap-2024.xsd#us-gaap_InvestmentNonIncomeProducing' xlink:label='loc_InvestmentNonIncomeProducing' xlink:type='locator' />
    <link:loc xlink:href='../elts/us-gaap-2024.xsd#us-gaap_InvestmentPartialInterestPaid' xlink:label='loc_InvestmentPartialInterestPaid' xlink:type='locator' />
    <link:loc xlink:href='../elts/us-gaap-2024.xsd#us-gaap_InvestmentPartialDividendDeclared' xlink:label='loc_InvestmentPartialDividendDeclared' xlink:type='locator' />
    <link:loc xlink:href='../elts/us-gaap-2024.xsd#us-gaap_InvestmentOwnedPledgedFlag' xlink:label='loc_InvestmentOwnedPledgedFlag' xlink:type='locator' />
    <link:loc xlink:href='../elts/us-gaap-2024.xsd#us-gaap_RestrictedInvestmentsNoteAbstract' xlink:label='loc_RestrictedInvestmentsNoteAbstract' xlink:type='locator' />
    <link:loc xlink:href='../elts/us-gaap-2024.xsd#us-gaap_RestrictedInvestmentsAtFairValue' xlink:label='loc_RestrictedInvestmentsAtFairValue' xlink:type='locator' />
    <link:loc xlink:href='../elts/us-gaap-2024.xsd#us-gaap_InvestmentOwnedRestrictedCost' xlink:label='loc_InvestmentOwnedRestrictedCost' xlink:type='locator' />
    <link:loc xlink:href='../elts/us-gaap-2024.xsd#us-gaap_RestrictedInvestmentsPercentOfNetAssets' xlink:label='loc_RestrictedInvestmentsPercentOfNetAssets' xlink:type='locator' />
    <link:loc xlink:href='../elts/us-gaap-2024.xsd#us-gaap_InvestmentRestrictedPerUnit' xlink:label='loc_InvestmentRestrictedPerUnit' xlink:type='locator' />
    <link:loc xlink:href='../elts/us-gaap-2024.xsd#us-gaap_InvestmentUnrestrictedPurchasePriceDatePerUnit' xlink:label='loc_InvestmentUnrestrictedPurchasePriceDatePerUnit' xlink:type='locator' />
    <link:loc xlink:href='../elts/us-gaap-2024.xsd#us-gaap_InvestmentUnrestrictedEnforceableRightToAcquireDatePerUnit' xlink:label='loc_InvestmentUnrestrictedEnforceableRightToAcquireDatePerUnit' xlink:type='locator' />
    <link:loc xlink:href='../elts/us-gaap-2024.xsd#us-gaap_InvestmentExtensibleEnumerationAbstract' xlink:label='loc_InvestmentExtensibleEnumerationAbstract' xlink:type='locator' />
    <link:loc xlink:href='../elts/us-gaap-2024.xsd#us-gaap_InvestmentTypeExtensibleEnumeration' xlink:label='loc_InvestmentTypeExtensibleEnumeration' xlink:type='locator' />
    <link:loc xlink:href='../elts/us-gaap-2024.xsd#us-gaap_InvestmentIssuerAffiliationExtensibleEnumeration' xlink:label='loc_InvestmentIssuerAffiliationExtensibleEnumeration' xlink:type='locator' />
    <link:loc xlink:href='../elts/us-gaap-2024.xsd#us-gaap_InvestmentIssuerNameExtensibleEnumeration' xlink:label='loc_InvestmentIssuerNameExtensibleEnumeration' xlink:type='locator' />
    <link:loc xlink:href='../elts/us-gaap-2024.xsd#us-gaap_InvestmentIndustrySectorExtensibleEnumeration' xlink:label='loc_InvestmentIndustrySectorExtensibleEnumeration' xlink:type='locator' />
    <link:loc xlink:href='../elts/us-gaap-2024.xsd#us-gaap_InvestmentIssuerGeographicRegionExtensibleEnumeration' xlink:label='loc_InvestmentIssuerGeographicRegionExtensibleEnumeration' xlink:type='locator' />
    <link:loc xlink:href='../elts/us-gaap-2024.xsd#us-gaap_InvestmentIssuerGeographicRegionBasisExtensibleEnumeration' xlink:label='loc_InvestmentIssuerGeographicRegionBasisExtensibleEnumeration' xlink:type='locator' />
    <link:loc xlink:href='../elts/us-gaap-2024.xsd#us-gaap_SecuritiesBorrowedCounterpartyNameExtensibleList' xlink:label='loc_SecuritiesBorrowedCounterpartyNameExtensibleList' xlink:type='locator' />
    <link:loc xlink:href='../elts/us-gaap-2024.xsd#us-gaap_InvestmentsInAndAdvancesToAffiliatesTextBlock' xlink:label='loc_InvestmentsInAndAdvancesToAffiliatesTextBlock' xlink:type='locator' />
    <link:loc xlink:href='../elts/us-gaap-2024.xsd#us-gaap_InvestmentsInAndAdvancesToAffiliatesTable' xlink:label='loc_InvestmentsInAndAdvancesToAffiliatesTable' xlink:type='locator' />
    <link:loc xlink:href='../elts/us-gaap-2024.xsd#us-gaap_InvestmentInAffiliateActivityLineItems' xlink:label='loc_InvestmentInAffiliateActivityLineItems' xlink:type='locator' />
    <link:loc xlink:href='../elts/us-gaap-2024.xsd#us-gaap_DividendIncomeOperatingAbstract' xlink:label='loc_DividendIncomeOperatingAbstract' xlink:type='locator' />
    <link:loc xlink:href='../elts/us-gaap-2024.xsd#us-gaap_DividendIncomeOperatingPaidInCash' xlink:label='loc_DividendIncomeOperatingPaidInCash' xlink:type='locator' />
    <link:loc xlink:href='../elts/us-gaap-2024.xsd#us-gaap_DividendIncomeOperatingPaidInKind' xlink:label='loc_DividendIncomeOperatingPaidInKind' xlink:type='locator' />
    <link:loc xlink:href='../elts/us-gaap-2024.xsd#us-gaap_DividendIncomeOperating' xlink:label='loc_DividendIncomeOperating' xlink:type='locator' />
    <link:loc xlink:href='../elts/us-gaap-2024.xsd#us-gaap_InterestIncomeOperatingAbstract' xlink:label='loc_InterestIncomeOperatingAbstract' xlink:type='locator' />
    <link:loc xlink:href='../elts/us-gaap-2024.xsd#us-gaap_InterestIncomeOperatingPaidInCash' xlink:label='loc_InterestIncomeOperatingPaidInCash' xlink:type='locator' />
    <link:loc xlink:href='../elts/us-gaap-2024.xsd#us-gaap_InterestIncomeOperatingPaidInKind' xlink:label='loc_InterestIncomeOperatingPaidInKind' xlink:type='locator' />
    <link:loc xlink:href='../elts/us-gaap-2024.xsd#us-gaap_InterestIncomeOperating' xlink:label='loc_InterestIncomeOperating' xlink:type='locator' />
    <link:loc xlink:href='../elts/us-gaap-2024.xsd#us-gaap_InterestAndDividendIncomeSecuritiesOperatingAbstract' xlink:label='loc_InterestAndDividendIncomeSecuritiesOperatingAbstract' xlink:type='locator' />
    <link:loc xlink:href='../elts/us-gaap-2024.xsd#us-gaap_InterestAndDividendIncomeOperatingPaidInCash' xlink:label='loc_InterestAndDividendIncomeOperatingPaidInCash' xlink:type='locator' />
    <link:loc xlink:href='../elts/us-gaap-2024.xsd#us-gaap_InterestAndDividendIncomeOperatingPaidInKind' xlink:label='loc_InterestAndDividendIncomeOperatingPaidInKind' xlink:type='locator' />
    <link:loc xlink:href='../elts/us-gaap-2024.xsd#us-gaap_InterestAndDividendIncomeSecurities' xlink:label='loc_InterestAndDividendIncomeSecurities' xlink:type='locator' />
    <link:loc xlink:href='../elts/us-gaap-2024.xsd#us-gaap_DebtAndEquitySecuritiesUnrealizedGainLoss' xlink:label='loc_DebtAndEquitySecuritiesUnrealizedGainLoss' xlink:type='locator' />
    <link:loc xlink:href='../elts/us-gaap-2024.xsd#us-gaap_DebtAndEquitySecuritiesRealizedGainLoss' xlink:label='loc_DebtAndEquitySecuritiesRealizedGainLoss' xlink:type='locator' />
    <link:loc xlink:href='../elts/us-gaap-2024.xsd#us-gaap_InvestmentsInAndAdvancesToAffiliatesAtFairValueRollForward' xlink:label='loc_InvestmentsInAndAdvancesToAffiliatesAtFairValueRollForward' xlink:type='locator' />
    <link:loc xlink:href='../elts/us-gaap-2024.xsd#us-gaap_InvestmentsInAndAdvancesToAffiliatesAtFairValueGrossAdditions' xlink:label='loc_InvestmentsInAndAdvancesToAffiliatesAtFairValueGrossAdditions' xlink:type='locator' />
    <link:loc xlink:href='../elts/us-gaap-2024.xsd#us-gaap_InvestmentsInAndAdvancesToAffiliatesAtFairValueGrossReductions' xlink:label='loc_InvestmentsInAndAdvancesToAffiliatesAtFairValueGrossReductions' xlink:type='locator' />
    <link:loc xlink:href='../elts/us-gaap-2024.xsd#us-gaap_InvestmentsInAndAdvancesToAffiliatesAtFairValuePeriodIncreaseDecrease' xlink:label='loc_InvestmentsInAndAdvancesToAffiliatesAtFairValuePeriodIncreaseDecrease' xlink:type='locator' />
    <link:presentationArc order='10' xlink:arcrole='http://www.xbrl.org/2003/arcrole/parent-child' xlink:from='loc_InvestmentsInAndAdvancesToAffiliatesAbstract' xlink:to='loc_InvestmentsInAndAdvancesToAffiliatesScheduleOfInvestmentsAbstract' xlink:type='arc' />
    <link:presentationArc order='10' xlink:arcrole='http://www.xbrl.org/2003/arcrole/parent-child' xlink:from='loc_InvestmentsInAndAdvancesToAffiliatesScheduleOfInvestmentsAbstract' xlink:to='loc_InvestmentsInAndAdvancesToAffiliatesScheduleOfInvestmentsTextBlock' xlink:type='arc' />
    <link:presentationArc order='10' xlink:arcrole='http://www.xbrl.org/2003/arcrole/parent-child' xlink:from='loc_InvestmentsInAndAdvancesToAffiliatesScheduleOfInvestmentsTextBlock' xlink:to='loc_ScheduleOfInvestmentsInAndAdvancesToAffiliatesScheduleOfInvestmentsTableTextBlock' xlink:type='arc' />
    <link:presentationArc order='10' xlink:arcrole='http://www.xbrl.org/2003/arcrole/parent-child' xlink:from='loc_ScheduleOfInvestmentsInAndAdvancesToAffiliatesScheduleOfInvestmentsTableTextBlock' xlink:to='loc_ScheduleOfInvestmentsTable' xlink:type='arc' />
    <link:presentationArc order='10' xlink:arcrole='http://www.xbrl.org/2003/arcrole/parent-child' xlink:from='loc_ScheduleOfInvestmentsTable' xlink:to='loc_InvestmentIdentifierAxis' xlink:type='arc' />
    <link:presentationArc order='20' xlink:arcrole='http://www.xbrl.org/2003/arcrole/parent-child' xlink:from='loc_ScheduleOfInvestmentsTable' xlink:to='loc_InvestmentIssuerAffiliationAxis' xlink:type='arc' />
    <link:presentationArc order='10' xlink:arcrole='http://www.xbrl.org/2003/arcrole/parent-child' xlink:from='loc_InvestmentIssuerAffiliationAxis' xlink:to='loc_InvestmentIssuerAffiliationDomain' xlink:type='arc' />
    <link:presentationArc order='10' xlink:arcrole='http://www.xbrl.org/2003/arcrole/parent-child' xlink:from='loc_InvestmentIssuerAffiliationDomain' xlink:to='loc_InvestmentUnaffiliatedIssuerMember' xlink:type='arc' />
    <link:presentationArc order='20' xlink:arcrole='http://www.xbrl.org/2003/arcrole/parent-child' xlink:from='loc_InvestmentIssuerAffiliationDomain' xlink:to='loc_InvestmentAffiliatedIssuerMember' xlink:type='arc' />
    <link:presentationArc order='10' xlink:arcrole='http://www.xbrl.org/2003/arcrole/parent-child' xlink:from='loc_InvestmentAffiliatedIssuerMember' xlink:to='loc_InvestmentAffiliatedIssuerControlledMember' xlink:type='arc' />
    <link:presentationArc order='10' xlink:arcrole='http://www.xbrl.org/2003/arcrole/parent-child' xlink:from='loc_InvestmentAffiliatedIssuerControlledMember' xlink:to='loc_InvestmentsInMajorityOwnedSubsidiariesMember' xlink:type='arc' />
    <link:presentationArc order='20' xlink:arcrole='http://www.xbrl.org/2003/arcrole/parent-child' xlink:from='loc_InvestmentAffiliatedIssuerControlledMember' xlink:to='loc_OtherControlledCompaniesMember' xlink:type='arc' />
    <link:presentationArc order='20' xlink:arcrole='http://www.xbrl.org/2003/arcrole/parent-child' xlink:from='loc_InvestmentAffiliatedIssuerMember' xlink:to='loc_InvestmentAffiliatedIssuerNoncontrolledMember' xlink:type='arc' />
    <link:presentationArc order='30' xlink:arcrole='http://www.xbrl.org/2003/arcrole/parent-child' xlink:from='loc_ScheduleOfInvestmentsTable' xlink:to='loc_InvestmentTypeAxis' xlink:type='arc' />
    <link:presentationArc order='10' xlink:arcrole='http://www.xbrl.org/2003/arcrole/parent-child' xlink:from='loc_InvestmentTypeAxis' xlink:to='loc_InvestmentTypeCategorizationMember' xlink:type='arc' />
    <link:presentationArc order='10' xlink:arcrole='http://www.xbrl.org/2003/arcrole/parent-child' xlink:from='loc_InvestmentTypeCategorizationMember' xlink:to='loc_SecuritiesInvestmentMember' xlink:type='arc' />
    <link:presentationArc order='10' xlink:arcrole='http://www.xbrl.org/2003/arcrole/parent-child' xlink:from='loc_SecuritiesInvestmentMember' xlink:to='loc_EquitySecuritiesMember' xlink:type='arc' />
    <link:presentationArc order='10' xlink:arcrole='http://www.xbrl.org/2003/arcrole/parent-child' xlink:from='loc_EquitySecuritiesMember' xlink:to='loc_CommonStockMember' xlink:type='arc' />
    <link:presentationArc order='20' xlink:arcrole='http://www.xbrl.org/2003/arcrole/parent-child' xlink:from='loc_EquitySecuritiesMember' xlink:to='loc_PreferredStockMember' xlink:type='arc' />
    <link:presentationArc order='30' xlink:arcrole='http://www.xbrl.org/2003/arcrole/parent-child' xlink:from='loc_EquitySecuritiesMember' xlink:to='loc_PreferredNonConvertibleStockMember' xlink:type='arc' />
    <link:presentationArc order='40' xlink:arcrole='http://www.xbrl.org/2003/arcrole/parent-child' xlink:from='loc_EquitySecuritiesMember' xlink:to='loc_ConvertiblePreferredStockMember' xlink:type='arc' />
    <link:presentationArc order='50' xlink:arcrole='http://www.xbrl.org/2003/arcrole/parent-child' xlink:from='loc_EquitySecuritiesMember' xlink:to='loc_ContingentConvertiblePreferredStockMember' xlink:type='arc' />
    <link:presentationArc order='60' xlink:arcrole='http://www.xbrl.org/2003/arcrole/parent-child' xlink:from='loc_EquitySecuritiesMember' xlink:to='loc_NonredeemablePreferredStockMember' xlink:type='arc' />
    <link:presentationArc order='70' xlink:arcrole='http://www.xbrl.org/2003/arcrole/parent-child' xlink:from='loc_EquitySecuritiesMember' xlink:to='loc_RedeemablePreferredStockMember' xlink:type='arc' />
    <link:presentationArc order='80' xlink:arcrole='http://www.xbrl.org/2003/arcrole/parent-child' xlink:from='loc_EquitySecuritiesMember' xlink:to='loc_RightsMember' xlink:type='arc' />
    <link:presentationArc order='90' xlink:arcrole='http://www.xbrl.org/2003/arcrole/parent-child' xlink:from='loc_EquitySecuritiesMember' xlink:to='loc_WarrantMember' xlink:type='arc' />
    <link:presentationArc order='20' xlink:arcrole='http://www.xbrl.org/2003/arcrole/parent-child' xlink:from='loc_SecuritiesInvestmentMember' xlink:to='loc_FixedIncomeInvestmentsMember' xlink:type='arc' />
    <link:presentationArc order='10' xlink:arcrole='http://www.xbrl.org/2003/arcrole/parent-child' xlink:from='loc_FixedIncomeInvestmentsMember' xlink:to='loc_AssetBackedSecuritiesMember' xlink:type='arc' />
    <link:presentationArc order='20' xlink:arcrole='http://www.xbrl.org/2003/arcrole/parent-child' xlink:from='loc_FixedIncomeInvestmentsMember' xlink:to='loc_CollateralizedMortgageObligationsMember' xlink:type='arc' />
    <link:presentationArc order='30' xlink:arcrole='http://www.xbrl.org/2003/arcrole/parent-child' xlink:from='loc_FixedIncomeInvestmentsMember' xlink:to='loc_CorporateDebtSecuritiesMember' xlink:type='arc' />
    <link:presentationArc order='40' xlink:arcrole='http://www.xbrl.org/2003/arcrole/parent-child' xlink:from='loc_FixedIncomeInvestmentsMember' xlink:to='loc_CorporateBondSecuritiesMember' xlink:type='arc' />
    <link:presentationArc order='50' xlink:arcrole='http://www.xbrl.org/2003/arcrole/parent-child' xlink:from='loc_FixedIncomeInvestmentsMember' xlink:to='loc_CorporateNoteSecuritiesMember' xlink:type='arc' />
    <link:presentationArc order='60' xlink:arcrole='http://www.xbrl.org/2003/arcrole/parent-child' xlink:from='loc_FixedIncomeInvestmentsMember' xlink:to='loc_ConvertibleDebtSecuritiesMember' xlink:type='arc' />
    <link:presentationArc order='70' xlink:arcrole='http://www.xbrl.org/2003/arcrole/parent-child' xlink:from='loc_FixedIncomeInvestmentsMember' xlink:to='loc_CommodityIndexLinkedNotesMember' xlink:type='arc' />
    <link:presentationArc order='80' xlink:arcrole='http://www.xbrl.org/2003/arcrole/parent-child' xlink:from='loc_FixedIncomeInvestmentsMember' xlink:to='loc_CommercialPaperMember' xlink:type='arc' />
    <link:presentationArc order='90' xlink:arcrole='http://www.xbrl.org/2003/arcrole/parent-child' xlink:from='loc_FixedIncomeInvestmentsMember' xlink:to='loc_ShortTermDebtMember' xlink:type='arc' />
    <link:presentationArc order='100' xlink:arcrole='http://www.xbrl.org/2003/arcrole/parent-child' xlink:from='loc_FixedIncomeInvestmentsMember' xlink:to='loc_SovereignDebtSecuritiesMember' xlink:type='arc' />
    <link:presentationArc order='110' xlink:arcrole='http://www.xbrl.org/2003/arcrole/parent-child' xlink:from='loc_FixedIncomeInvestmentsMember' xlink:to='loc_SeniorNotesMember' xlink:type='arc' />
    <link:presentationArc order='120' xlink:arcrole='http://www.xbrl.org/2003/arcrole/parent-child' xlink:from='loc_FixedIncomeInvestmentsMember' xlink:to='loc_SubordinatedDebtMember' xlink:type='arc' />
    <link:presentationArc order='130' xlink:arcrole='http://www.xbrl.org/2003/arcrole/parent-child' xlink:from='loc_FixedIncomeInvestmentsMember' xlink:to='loc_SeniorSubordinatedNotesMember' xlink:type='arc' />
    <link:presentationArc order='140' xlink:arcrole='http://www.xbrl.org/2003/arcrole/parent-child' xlink:from='loc_FixedIncomeInvestmentsMember' xlink:to='loc_SeniorSubordinatedLoansMember' xlink:type='arc' />
    <link:presentationArc order='150' xlink:arcrole='http://www.xbrl.org/2003/arcrole/parent-child' xlink:from='loc_FixedIncomeInvestmentsMember' xlink:to='loc_JuniorNotesMember' xlink:type='arc' />
    <link:presentationArc order='160' xlink:arcrole='http://www.xbrl.org/2003/arcrole/parent-child' xlink:from='loc_FixedIncomeInvestmentsMember' xlink:to='loc_JuniorSubordinatedDebtMember' xlink:type='arc' />
    <link:presentationArc order='170' xlink:arcrole='http://www.xbrl.org/2003/arcrole/parent-child' xlink:from='loc_FixedIncomeInvestmentsMember' xlink:to='loc_UnitrancheDebtMember' xlink:type='arc' />
    <link:presentationArc order='180' xlink:arcrole='http://www.xbrl.org/2003/arcrole/parent-child' xlink:from='loc_FixedIncomeInvestmentsMember' xlink:to='loc_USTreasuryAndGovernmentMember' xlink:type='arc' />
    <link:presentationArc order='10' xlink:arcrole='http://www.xbrl.org/2003/arcrole/parent-child' xlink:from='loc_USTreasuryAndGovernmentMember' xlink:to='loc_USTreasurySecuritiesMember' xlink:type='arc' />
    <link:presentationArc order='20' xlink:arcrole='http://www.xbrl.org/2003/arcrole/parent-child' xlink:from='loc_USTreasuryAndGovernmentMember' xlink:to='loc_USTreasuryNotesSecuritiesMember' xlink:type='arc' />
    <link:presentationArc order='30' xlink:arcrole='http://www.xbrl.org/2003/arcrole/parent-child' xlink:from='loc_USTreasuryAndGovernmentMember' xlink:to='loc_USTreasuryBondSecuritiesMember' xlink:type='arc' />
    <link:presentationArc order='40' xlink:arcrole='http://www.xbrl.org/2003/arcrole/parent-child' xlink:from='loc_USTreasuryAndGovernmentMember' xlink:to='loc_USTreasuryBillSecuritiesMember' xlink:type='arc' />
    <link:presentationArc order='50' xlink:arcrole='http://www.xbrl.org/2003/arcrole/parent-child' xlink:from='loc_USTreasuryAndGovernmentMember' xlink:to='loc_USTreasuryAndGovernmentShorttermDebtSecuritiesMember' xlink:type='arc' />
    <link:presentationArc order='60' xlink:arcrole='http://www.xbrl.org/2003/arcrole/parent-child' xlink:from='loc_USTreasuryAndGovernmentMember' xlink:to='loc_USGovernmentAgenciesShorttermDebtSecuritiesMember' xlink:type='arc' />
    <link:presentationArc order='190' xlink:arcrole='http://www.xbrl.org/2003/arcrole/parent-child' xlink:from='loc_FixedIncomeInvestmentsMember' xlink:to='loc_BankersAcceptanceMember' xlink:type='arc' />
    <link:presentationArc order='200' xlink:arcrole='http://www.xbrl.org/2003/arcrole/parent-child' xlink:from='loc_FixedIncomeInvestmentsMember' xlink:to='loc_LoanParticipationsAndAssignmentsMember' xlink:type='arc' />
    <link:presentationArc order='210' xlink:arcrole='http://www.xbrl.org/2003/arcrole/parent-child' xlink:from='loc_FixedIncomeInvestmentsMember' xlink:to='loc_VariableRateDemandObligationMember' xlink:type='arc' />
    <link:presentationArc order='30' xlink:arcrole='http://www.xbrl.org/2003/arcrole/parent-child' xlink:from='loc_SecuritiesInvestmentMember' xlink:to='loc_CertificatesOfDepositMember' xlink:type='arc' />
    <link:presentationArc order='40' xlink:arcrole='http://www.xbrl.org/2003/arcrole/parent-child' xlink:from='loc_ScheduleOfInvestmentsTable' xlink:to='loc_EquitySecuritiesByIndustryAxis' xlink:type='arc' />
    <link:presentationArc order='10' xlink:arcrole='http://www.xbrl.org/2003/arcrole/parent-child' xlink:from='loc_EquitySecuritiesByIndustryAxis' xlink:to='loc_EquitySecuritiesIndustryMember' xlink:type='arc' />
    <link:presentationArc order='10' xlink:arcrole='http://www.xbrl.org/2003/arcrole/parent-child' xlink:from='loc_EquitySecuritiesIndustryMember' xlink:to='loc_AerospaceSectorMember' xlink:type='arc' />
    <link:presentationArc order='20' xlink:arcrole='http://www.xbrl.org/2003/arcrole/parent-child' xlink:from='loc_EquitySecuritiesIndustryMember' xlink:to='loc_AgriculturalSectorMember' xlink:type='arc' />
    <link:presentationArc order='30' xlink:arcrole='http://www.xbrl.org/2003/arcrole/parent-child' xlink:from='loc_EquitySecuritiesIndustryMember' xlink:to='loc_AutomotiveSectorMember' xlink:type='arc' />
    <link:presentationArc order='40' xlink:arcrole='http://www.xbrl.org/2003/arcrole/parent-child' xlink:from='loc_EquitySecuritiesIndustryMember' xlink:to='loc_ChemicalsSectorMember' xlink:type='arc' />
    <link:presentationArc order='50' xlink:arcrole='http://www.xbrl.org/2003/arcrole/parent-child' xlink:from='loc_EquitySecuritiesIndustryMember' xlink:to='loc_CommercialAndIndustrialSectorMember' xlink:type='arc' />
    <link:presentationArc order='60' xlink:arcrole='http://www.xbrl.org/2003/arcrole/parent-child' xlink:from='loc_EquitySecuritiesIndustryMember' xlink:to='loc_ConstructionSectorMember' xlink:type='arc' />
    <link:presentationArc order='70' xlink:arcrole='http://www.xbrl.org/2003/arcrole/parent-child' xlink:from='loc_EquitySecuritiesIndustryMember' xlink:to='loc_ConsumerSectorMember' xlink:type='arc' />
    <link:presentationArc order='80' xlink:arcrole='http://www.xbrl.org/2003/arcrole/parent-child' xlink:from='loc_EquitySecuritiesIndustryMember' xlink:to='loc_ContainerAndPackagingSectorMember' xlink:type='arc' />
    <link:presentationArc order='90' xlink:arcrole='http://www.xbrl.org/2003/arcrole/parent-child' xlink:from='loc_EquitySecuritiesIndustryMember' xlink:to='loc_EnergySectorMember' xlink:type='arc' />
    <link:presentationArc order='100' xlink:arcrole='http://www.xbrl.org/2003/arcrole/parent-child' xlink:from='loc_EquitySecuritiesIndustryMember' xlink:to='loc_EntertainmentSectorMember' xlink:type='arc' />
    <link:presentationArc order='110' xlink:arcrole='http://www.xbrl.org/2003/arcrole/parent-child' xlink:from='loc_EquitySecuritiesIndustryMember' xlink:to='loc_FinancialServicesSectorMember' xlink:type='arc' />
    <link:presentationArc order='120' xlink:arcrole='http://www.xbrl.org/2003/arcrole/parent-child' xlink:from='loc_EquitySecuritiesIndustryMember' xlink:to='loc_FoodAndBeverageSectorMember' xlink:type='arc' />
    <link:presentationArc order='130' xlink:arcrole='http://www.xbrl.org/2003/arcrole/parent-child' xlink:from='loc_EquitySecuritiesIndustryMember' xlink:to='loc_GovernmentSectorMember' xlink:type='arc' />
    <link:presentationArc order='140' xlink:arcrole='http://www.xbrl.org/2003/arcrole/parent-child' xlink:from='loc_EquitySecuritiesIndustryMember' xlink:to='loc_HealthcareSectorMember' xlink:type='arc' />
    <link:presentationArc order='150' xlink:arcrole='http://www.xbrl.org/2003/arcrole/parent-child' xlink:from='loc_EquitySecuritiesIndustryMember' xlink:to='loc_InsuranceSectorMember' xlink:type='arc' />
    <link:presentationArc order='160' xlink:arcrole='http://www.xbrl.org/2003/arcrole/parent-child' xlink:from='loc_EquitySecuritiesIndustryMember' xlink:to='loc_RealEstateSectorMember' xlink:type='arc' />
    <link:presentationArc order='170' xlink:arcrole='http://www.xbrl.org/2003/arcrole/parent-child' xlink:from='loc_EquitySecuritiesIndustryMember' xlink:to='loc_RetailSectorMember' xlink:type='arc' />
    <link:presentationArc order='180' xlink:arcrole='http://www.xbrl.org/2003/arcrole/parent-child' xlink:from='loc_EquitySecuritiesIndustryMember' xlink:to='loc_TechnologySectorMember' xlink:type='arc' />
    <link:presentationArc order='190' xlink:arcrole='http://www.xbrl.org/2003/arcrole/parent-child' xlink:from='loc_EquitySecuritiesIndustryMember' xlink:to='loc_TransportationSectorMember' xlink:type='arc' />
    <link:presentationArc order='50' xlink:arcrole='http://www.xbrl.org/2003/arcrole/parent-child' xlink:from='loc_ScheduleOfInvestmentsTable' xlink:to='loc_StatementGeographicalAxis' xlink:type='arc' />
    <link:presentationArc order='10' xlink:arcrole='http://www.xbrl.org/2003/arcrole/parent-child' xlink:from='loc_StatementGeographicalAxis' xlink:to='loc_SegmentGeographicalDomain' xlink:type='arc' />
    <link:presentationArc order='10' xlink:arcrole='http://www.xbrl.org/2003/arcrole/parent-child' xlink:from='loc_SegmentGeographicalDomain' xlink:to='loc_AmericasMember' xlink:type='arc' />
    <link:presentationArc order='10' xlink:arcrole='http://www.xbrl.org/2003/arcrole/parent-child' xlink:from='loc_AmericasMember' xlink:to='loc_CentralAmericaMember' xlink:type='arc' />
    <link:presentationArc order='20' xlink:arcrole='http://www.xbrl.org/2003/arcrole/parent-child' xlink:from='loc_AmericasMember' xlink:to='loc_NorthAmericaMember' xlink:type='arc' />
    <link:presentationArc order='10' xlink:arcrole='http://www.xbrl.org/2003/arcrole/parent-child' xlink:from='loc_NorthAmericaMember' xlink:to='loc_EastRegionMember' xlink:type='arc' />
    <link:presentationArc order='20' xlink:arcrole='http://www.xbrl.org/2003/arcrole/parent-child' xlink:from='loc_NorthAmericaMember' xlink:to='loc_MidwestRegionMember' xlink:type='arc' />
    <link:presentationArc order='30' xlink:arcrole='http://www.xbrl.org/2003/arcrole/parent-child' xlink:from='loc_NorthAmericaMember' xlink:to='loc_NorthRegionMember' xlink:type='arc' />
    <link:presentationArc order='40' xlink:arcrole='http://www.xbrl.org/2003/arcrole/parent-child' xlink:from='loc_NorthAmericaMember' xlink:to='loc_NortheastRegionMember' xlink:type='arc' />
    <link:presentationArc order='50' xlink:arcrole='http://www.xbrl.org/2003/arcrole/parent-child' xlink:from='loc_NorthAmericaMember' xlink:to='loc_NorthwestRegionMember' xlink:type='arc' />
    <link:presentationArc order='60' xlink:arcrole='http://www.xbrl.org/2003/arcrole/parent-child' xlink:from='loc_NorthAmericaMember' xlink:to='loc_SouthRegionMember' xlink:type='arc' />
    <link:presentationArc order='70' xlink:arcrole='http://www.xbrl.org/2003/arcrole/parent-child' xlink:from='loc_NorthAmericaMember' xlink:to='loc_SoutheastRegionMember' xlink:type='arc' />
    <link:presentationArc order='80' xlink:arcrole='http://www.xbrl.org/2003/arcrole/parent-child' xlink:from='loc_NorthAmericaMember' xlink:to='loc_SouthwestRegionMember' xlink:type='arc' />
    <link:presentationArc order='90' xlink:arcrole='http://www.xbrl.org/2003/arcrole/parent-child' xlink:from='loc_NorthAmericaMember' xlink:to='loc_WestRegionMember' xlink:type='arc' />
    <link:presentationArc order='30' xlink:arcrole='http://www.xbrl.org/2003/arcrole/parent-child' xlink:from='loc_AmericasMember' xlink:to='loc_SouthAmericaMember' xlink:type='arc' />
    <link:presentationArc order='20' xlink:arcrole='http://www.xbrl.org/2003/arcrole/parent-child' xlink:from='loc_SegmentGeographicalDomain' xlink:to='loc_AsiaMember' xlink:type='arc' />
    <link:presentationArc order='30' xlink:arcrole='http://www.xbrl.org/2003/arcrole/parent-child' xlink:from='loc_SegmentGeographicalDomain' xlink:to='loc_AsiaPacificMember' xlink:type='arc' />
    <link:presentationArc order='40' xlink:arcrole='http://www.xbrl.org/2003/arcrole/parent-child' xlink:from='loc_SegmentGeographicalDomain' xlink:to='loc_EMEAMember' xlink:type='arc' />
    <link:presentationArc order='10' xlink:arcrole='http://www.xbrl.org/2003/arcrole/parent-child' xlink:from='loc_EMEAMember' xlink:to='loc_AfricaMember' xlink:type='arc' />
    <link:presentationArc order='20' xlink:arcrole='http://www.xbrl.org/2003/arcrole/parent-child' xlink:from='loc_EMEAMember' xlink:to='loc_EuropeMember' xlink:type='arc' />
    <link:presentationArc order='30' xlink:arcrole='http://www.xbrl.org/2003/arcrole/parent-child' xlink:from='loc_EMEAMember' xlink:to='loc_MiddleEastMember' xlink:type='arc' />
    <link:presentationArc order='50' xlink:arcrole='http://www.xbrl.org/2003/arcrole/parent-child' xlink:from='loc_SegmentGeographicalDomain' xlink:to='loc_EuropeanUnionMember' xlink:type='arc' />
    <link:presentationArc order='60' xlink:arcrole='http://www.xbrl.org/2003/arcrole/parent-child' xlink:from='loc_SegmentGeographicalDomain' xlink:to='loc_LatinAmericaMember' xlink:type='arc' />
    <link:presentationArc order='70' xlink:arcrole='http://www.xbrl.org/2003/arcrole/parent-child' xlink:from='loc_SegmentGeographicalDomain' xlink:to='loc_NonUsMember' xlink:type='arc' />
    <link:presentationArc order='60' xlink:arcrole='http://www.xbrl.org/2003/arcrole/parent-child' xlink:from='loc_ScheduleOfInvestmentsTable' xlink:to='loc_InvestmentIssuerNameAxis' xlink:type='arc' />
    <link:presentationArc order='10' xlink:arcrole='http://www.xbrl.org/2003/arcrole/parent-child' xlink:from='loc_InvestmentIssuerNameAxis' xlink:to='loc_InvestmentIssuerNameDomain' xlink:type='arc' />
    <link:presentationArc order='70' xlink:arcrole='http://www.xbrl.org/2003/arcrole/parent-child' xlink:from='loc_ScheduleOfInvestmentsTable' xlink:to='loc_RangeAxis' xlink:type='arc' />
    <link:presentationArc order='10' xlink:arcrole='http://www.xbrl.org/2003/arcrole/parent-child' xlink:from='loc_RangeAxis' xlink:to='loc_RangeMember' xlink:type='arc' />
    <link:presentationArc order='10' xlink:arcrole='http://www.xbrl.org/2003/arcrole/parent-child' xlink:from='loc_RangeMember' xlink:to='loc_MaximumMember' xlink:type='arc' />
    <link:presentationArc order='20' xlink:arcrole='http://www.xbrl.org/2003/arcrole/parent-child' xlink:from='loc_RangeMember' xlink:to='loc_MinimumMember' xlink:type='arc' />
    <link:presentationArc order='80' xlink:arcrole='http://www.xbrl.org/2003/arcrole/parent-child' xlink:from='loc_ScheduleOfInvestmentsTable' xlink:to='loc_InvestmentsInAndAdvancesToAffiliatesLineItems' xlink:type='arc' />
    <link:presentationArc order='10' xlink:arcrole='http://www.xbrl.org/2003/arcrole/parent-child' xlink:from='loc_InvestmentsInAndAdvancesToAffiliatesLineItems' xlink:to='loc_InvestmentsInAndAdvancesToAffiliatesBalanceAbstract' xlink:type='arc' />
    <link:presentationArc order='10' xlink:arcrole='http://www.xbrl.org/2003/arcrole/parent-child' xlink:from='loc_InvestmentsInAndAdvancesToAffiliatesBalanceAbstract' xlink:to='loc_InvestmentOwnedBalanceShares' xlink:type='arc' />
    <link:presentationArc order='20' xlink:arcrole='http://www.xbrl.org/2003/arcrole/parent-child' xlink:from='loc_InvestmentsInAndAdvancesToAffiliatesBalanceAbstract' xlink:to='loc_InvestmentOwnedBalancePrincipalAmount' xlink:type='arc' />
    <link:presentationArc order='20' xlink:arcrole='http://www.xbrl.org/2003/arcrole/parent-child' xlink:from='loc_InvestmentsInAndAdvancesToAffiliatesLineItems' xlink:to='loc_InvestmentOwnedAtFairValue' xlink:type='arc' />
    <link:presentationArc order='30' xlink:arcrole='http://www.xbrl.org/2003/arcrole/parent-child' xlink:from='loc_InvestmentsInAndAdvancesToAffiliatesLineItems' xlink:to='loc_InvestmentOwnedAtCost' xlink:type='arc' />
    <link:presentationArc order='40' xlink:arcrole='http://www.xbrl.org/2003/arcrole/parent-child' xlink:from='loc_InvestmentsInAndAdvancesToAffiliatesLineItems' xlink:to='loc_InvestmentAcquisitionDate' xlink:type='arc' />
    <link:presentationArc order='50' xlink:arcrole='http://www.xbrl.org/2003/arcrole/parent-child' xlink:from='loc_InvestmentsInAndAdvancesToAffiliatesLineItems' xlink:to='loc_InvestmentMaturityDate' xlink:type='arc' />
    <link:presentationArc order='60' xlink:arcrole='http://www.xbrl.org/2003/arcrole/parent-child' xlink:from='loc_InvestmentsInAndAdvancesToAffiliatesLineItems' xlink:to='loc_InvestmentOwnedOptionExists' xlink:type='arc' />
    <link:presentationArc order='70' xlink:arcrole='http://www.xbrl.org/2003/arcrole/parent-child' xlink:from='loc_InvestmentsInAndAdvancesToAffiliatesLineItems' xlink:to='loc_InvestmentInterestAndDividendRateAbstract' xlink:type='arc' />
    <link:presentationArc order='10' xlink:arcrole='http://www.xbrl.org/2003/arcrole/parent-child' xlink:from='loc_InvestmentInterestAndDividendRateAbstract' xlink:to='loc_InvestmentInterestRate' xlink:type='arc' />
    <link:presentationArc order='20' xlink:arcrole='http://www.xbrl.org/2003/arcrole/parent-child' xlink:from='loc_InvestmentInterestAndDividendRateAbstract' xlink:to='loc_InvestmentBasisSpreadVariableRate' xlink:type='arc' />
    <link:presentationArc order='10' xlink:arcrole='http://www.xbrl.org/2003/arcrole/parent-child' xlink:from='loc_InvestmentBasisSpreadVariableRate' xlink:to='loc_InvestmentVariableInterestRateTypeExtensibleEnumeration' xlink:type='arc' />
    <link:presentationArc order='30' xlink:arcrole='http://www.xbrl.org/2003/arcrole/parent-child' xlink:from='loc_InvestmentInterestAndDividendRateAbstract' xlink:to='loc_InvestmentInterestRatePaidInKind' xlink:type='arc' />
    <link:presentationArc order='40' xlink:arcrole='http://www.xbrl.org/2003/arcrole/parent-child' xlink:from='loc_InvestmentInterestAndDividendRateAbstract' xlink:to='loc_InvestmentInterestRatePaidInCash' xlink:type='arc' />
    <link:presentationArc order='50' xlink:arcrole='http://www.xbrl.org/2003/arcrole/parent-child' xlink:from='loc_InvestmentInterestAndDividendRateAbstract' xlink:to='loc_InvestmentInterestRateFloor' xlink:type='arc' />
    <link:presentationArc order='60' xlink:arcrole='http://www.xbrl.org/2003/arcrole/parent-child' xlink:from='loc_InvestmentInterestAndDividendRateAbstract' xlink:to='loc_PreferredStockDividendRatePercentage' xlink:type='arc' />
    <link:presentationArc order='80' xlink:arcrole='http://www.xbrl.org/2003/arcrole/parent-child' xlink:from='loc_InvestmentsInAndAdvancesToAffiliatesLineItems' xlink:to='loc_InvestmentRestrictionStatus' xlink:type='arc' />
    <link:presentationArc order='90' xlink:arcrole='http://www.xbrl.org/2003/arcrole/parent-child' xlink:from='loc_InvestmentsInAndAdvancesToAffiliatesLineItems' xlink:to='loc_InvestmentSignificantUnobservableInput' xlink:type='arc' />
    <link:presentationArc order='100' xlink:arcrole='http://www.xbrl.org/2003/arcrole/parent-child' xlink:from='loc_InvestmentsInAndAdvancesToAffiliatesLineItems' xlink:to='loc_RepurchaseAgreementDate' xlink:type='arc' />
    <link:presentationArc order='110' xlink:arcrole='http://www.xbrl.org/2003/arcrole/parent-child' xlink:from='loc_InvestmentsInAndAdvancesToAffiliatesLineItems' xlink:to='loc_RepurchaseAgreementDateOfRepurchase' xlink:type='arc' />
    <link:presentationArc order='120' xlink:arcrole='http://www.xbrl.org/2003/arcrole/parent-child' xlink:from='loc_InvestmentsInAndAdvancesToAffiliatesLineItems' xlink:to='loc_SecuritiesSoldUnderAgreementsToRepurchase' xlink:type='arc' />
    <link:presentationArc order='10' xlink:arcrole='http://www.xbrl.org/2003/arcrole/parent-child' xlink:from='loc_SecuritiesSoldUnderAgreementsToRepurchase' xlink:to='loc_SecuritiesSoldUnderAgreementsToRepurchaseCounterpartyNameExtensibleList' xlink:type='arc' />
    <link:presentationArc order='130' xlink:arcrole='http://www.xbrl.org/2003/arcrole/parent-child' xlink:from='loc_InvestmentsInAndAdvancesToAffiliatesLineItems' xlink:to='loc_InvestmentNonIncomeProducing' xlink:type='arc' />
    <link:presentationArc order='140' xlink:arcrole='http://www.xbrl.org/2003/arcrole/parent-child' xlink:from='loc_InvestmentsInAndAdvancesToAffiliatesLineItems' xlink:to='loc_InvestmentPartialInterestPaid' xlink:type='arc' />
    <link:presentationArc order='150' xlink:arcrole='http://www.xbrl.org/2003/arcrole/parent-child' xlink:from='loc_InvestmentsInAndAdvancesToAffiliatesLineItems' xlink:to='loc_InvestmentPartialDividendDeclared' xlink:type='arc' />
    <link:presentationArc order='160' xlink:arcrole='http://www.xbrl.org/2003/arcrole/parent-child' xlink:from='loc_InvestmentsInAndAdvancesToAffiliatesLineItems' xlink:to='loc_InvestmentOwnedPledgedFlag' xlink:type='arc' />
    <link:presentationArc order='170' xlink:arcrole='http://www.xbrl.org/2003/arcrole/parent-child' xlink:from='loc_InvestmentsInAndAdvancesToAffiliatesLineItems' xlink:to='loc_RestrictedInvestmentsNoteAbstract' xlink:type='arc' />
    <link:presentationArc order='10' xlink:arcrole='http://www.xbrl.org/2003/arcrole/parent-child' xlink:from='loc_RestrictedInvestmentsNoteAbstract' xlink:to='loc_RestrictedInvestmentsAtFairValue' xlink:type='arc' />
    <link:presentationArc order='20' xlink:arcrole='http://www.xbrl.org/2003/arcrole/parent-child' xlink:from='loc_RestrictedInvestmentsNoteAbstract' xlink:to='loc_InvestmentOwnedRestrictedCost' xlink:type='arc' />
    <link:presentationArc order='30' xlink:arcrole='http://www.xbrl.org/2003/arcrole/parent-child' xlink:from='loc_RestrictedInvestmentsNoteAbstract' xlink:to='loc_RestrictedInvestmentsPercentOfNetAssets' xlink:type='arc' />
    <link:presentationArc order='40' xlink:arcrole='http://www.xbrl.org/2003/arcrole/parent-child' xlink:from='loc_RestrictedInvestmentsNoteAbstract' xlink:to='loc_InvestmentRestrictedPerUnit' xlink:type='arc' />
    <link:presentationArc order='50' xlink:arcrole='http://www.xbrl.org/2003/arcrole/parent-child' xlink:from='loc_RestrictedInvestmentsNoteAbstract' xlink:to='loc_InvestmentUnrestrictedPurchasePriceDatePerUnit' xlink:type='arc' />
    <link:presentationArc order='60' xlink:arcrole='http://www.xbrl.org/2003/arcrole/parent-child' xlink:from='loc_RestrictedInvestmentsNoteAbstract' xlink:to='loc_InvestmentUnrestrictedEnforceableRightToAcquireDatePerUnit' xlink:type='arc' />
    <link:presentationArc order='180' xlink:arcrole='http://www.xbrl.org/2003/arcrole/parent-child' xlink:from='loc_InvestmentsInAndAdvancesToAffiliatesLineItems' xlink:to='loc_InvestmentExtensibleEnumerationAbstract' xlink:type='arc' />
    <link:presentationArc order='10' xlink:arcrole='http://www.xbrl.org/2003/arcrole/parent-child' xlink:from='loc_InvestmentExtensibleEnumerationAbstract' xlink:to='loc_InvestmentTypeExtensibleEnumeration' xlink:type='arc' />
    <link:presentationArc order='20' xlink:arcrole='http://www.xbrl.org/2003/arcrole/parent-child' xlink:from='loc_InvestmentExtensibleEnumerationAbstract' xlink:to='loc_InvestmentIssuerAffiliationExtensibleEnumeration' xlink:type='arc' />
    <link:presentationArc order='30' xlink:arcrole='http://www.xbrl.org/2003/arcrole/parent-child' xlink:from='loc_InvestmentExtensibleEnumerationAbstract' xlink:to='loc_InvestmentIssuerNameExtensibleEnumeration' xlink:type='arc' />
    <link:presentationArc order='40' xlink:arcrole='http://www.xbrl.org/2003/arcrole/parent-child' xlink:from='loc_InvestmentExtensibleEnumerationAbstract' xlink:to='loc_InvestmentIndustrySectorExtensibleEnumeration' xlink:type='arc' />
    <link:presentationArc order='50' xlink:arcrole='http://www.xbrl.org/2003/arcrole/parent-child' xlink:from='loc_InvestmentExtensibleEnumerationAbstract' xlink:to='loc_InvestmentIssuerGeographicRegionExtensibleEnumeration' xlink:type='arc' />
    <link:presentationArc order='60' xlink:arcrole='http://www.xbrl.org/2003/arcrole/parent-child' xlink:from='loc_InvestmentExtensibleEnumerationAbstract' xlink:to='loc_InvestmentIssuerGeographicRegionBasisExtensibleEnumeration' xlink:type='arc' />
    <link:presentationArc order='70' xlink:arcrole='http://www.xbrl.org/2003/arcrole/parent-child' xlink:from='loc_InvestmentExtensibleEnumerationAbstract' xlink:to='loc_InvestmentVariableInterestRateTypeExtensibleEnumeration' xlink:type='arc' />
    <link:presentationArc order='80' xlink:arcrole='http://www.xbrl.org/2003/arcrole/parent-child' xlink:from='loc_InvestmentExtensibleEnumerationAbstract' xlink:to='loc_SecuritiesBorrowedCounterpartyNameExtensibleList' xlink:type='arc' />
    <link:presentationArc order='20' xlink:arcrole='http://www.xbrl.org/2003/arcrole/parent-child' xlink:from='loc_InvestmentsInAndAdvancesToAffiliatesAbstract' xlink:to='loc_InvestmentsInAndAdvancesToAffiliatesTextBlock' xlink:type='arc' />
    <link:presentationArc order='10' xlink:arcrole='http://www.xbrl.org/2003/arcrole/parent-child' xlink:from='loc_InvestmentsInAndAdvancesToAffiliatesTextBlock' xlink:to='loc_InvestmentsInAndAdvancesToAffiliatesTable' xlink:type='arc' />
    <link:presentationArc order='10' xlink:arcrole='http://www.xbrl.org/2003/arcrole/parent-child' xlink:from='loc_InvestmentsInAndAdvancesToAffiliatesTable' xlink:to='loc_InvestmentIdentifierAxis' xlink:type='arc' />
    <link:presentationArc order='20' xlink:arcrole='http://www.xbrl.org/2003/arcrole/parent-child' xlink:from='loc_InvestmentsInAndAdvancesToAffiliatesTable' xlink:to='loc_InvestmentIssuerAffiliationAxis' xlink:type='arc' />
    <link:presentationArc order='30' xlink:arcrole='http://www.xbrl.org/2003/arcrole/parent-child' xlink:from='loc_InvestmentsInAndAdvancesToAffiliatesTable' xlink:to='loc_InvestmentInAffiliateActivityLineItems' xlink:type='arc' />
    <link:presentationArc order='10' xlink:arcrole='http://www.xbrl.org/2003/arcrole/parent-child' xlink:from='loc_InvestmentInAffiliateActivityLineItems' xlink:to='loc_DividendIncomeOperatingAbstract' xlink:type='arc' />
    <link:presentationArc order='10' xlink:arcrole='http://www.xbrl.org/2003/arcrole/parent-child' xlink:from='loc_DividendIncomeOperatingAbstract' xlink:to='loc_DividendIncomeOperatingPaidInCash' xlink:type='arc' />
    <link:presentationArc order='20' xlink:arcrole='http://www.xbrl.org/2003/arcrole/parent-child' xlink:from='loc_DividendIncomeOperatingAbstract' xlink:to='loc_DividendIncomeOperatingPaidInKind' xlink:type='arc' />
    <link:presentationArc order='30' preferredLabel='http://www.xbrl.org/2003/role/totalLabel' xlink:arcrole='http://www.xbrl.org/2003/arcrole/parent-child' xlink:from='loc_DividendIncomeOperatingAbstract' xlink:to='loc_DividendIncomeOperating' xlink:type='arc' />
    <link:presentationArc order='20' xlink:arcrole='http://www.xbrl.org/2003/arcrole/parent-child' xlink:from='loc_InvestmentInAffiliateActivityLineItems' xlink:to='loc_InterestIncomeOperatingAbstract' xlink:type='arc' />
    <link:presentationArc order='10' xlink:arcrole='http://www.xbrl.org/2003/arcrole/parent-child' xlink:from='loc_InterestIncomeOperatingAbstract' xlink:to='loc_InterestIncomeOperatingPaidInCash' xlink:type='arc' />
    <link:presentationArc order='20' xlink:arcrole='http://www.xbrl.org/2003/arcrole/parent-child' xlink:from='loc_InterestIncomeOperatingAbstract' xlink:to='loc_InterestIncomeOperatingPaidInKind' xlink:type='arc' />
    <link:presentationArc order='30' preferredLabel='http://www.xbrl.org/2003/role/totalLabel' xlink:arcrole='http://www.xbrl.org/2003/arcrole/parent-child' xlink:from='loc_InterestIncomeOperatingAbstract' xlink:to='loc_InterestIncomeOperating' xlink:type='arc' />
    <link:presentationArc order='30' xlink:arcrole='http://www.xbrl.org/2003/arcrole/parent-child' xlink:from='loc_InvestmentInAffiliateActivityLineItems' xlink:to='loc_InterestAndDividendIncomeSecuritiesOperatingAbstract' xlink:type='arc' />
    <link:presentationArc order='10' xlink:arcrole='http://www.xbrl.org/2003/arcrole/parent-child' xlink:from='loc_InterestAndDividendIncomeSecuritiesOperatingAbstract' xlink:to='loc_InterestAndDividendIncomeOperatingPaidInCash' xlink:type='arc' />
    <link:presentationArc order='20' xlink:arcrole='http://www.xbrl.org/2003/arcrole/parent-child' xlink:from='loc_InterestAndDividendIncomeSecuritiesOperatingAbstract' xlink:to='loc_InterestAndDividendIncomeOperatingPaidInKind' xlink:type='arc' />
    <link:presentationArc order='30' preferredLabel='http://www.xbrl.org/2003/role/totalLabel' xlink:arcrole='http://www.xbrl.org/2003/arcrole/parent-child' xlink:from='loc_InterestAndDividendIncomeSecuritiesOperatingAbstract' xlink:to='loc_InterestAndDividendIncomeSecurities' xlink:type='arc' />
    <link:presentationArc order='40' xlink:arcrole='http://www.xbrl.org/2003/arcrole/parent-child' xlink:from='loc_InvestmentInAffiliateActivityLineItems' xlink:to='loc_DebtAndEquitySecuritiesUnrealizedGainLoss' xlink:type='arc' />
    <link:presentationArc order='50' xlink:arcrole='http://www.xbrl.org/2003/arcrole/parent-child' xlink:from='loc_InvestmentInAffiliateActivityLineItems' xlink:to='loc_DebtAndEquitySecuritiesRealizedGainLoss' xlink:type='arc' />
    <link:presentationArc order='60' xlink:arcrole='http://www.xbrl.org/2003/arcrole/parent-child' xlink:from='loc_InvestmentInAffiliateActivityLineItems' xlink:to='loc_InvestmentsInAndAdvancesToAffiliatesAtFairValueRollForward' xlink:type='arc' />
    <link:presentationArc order='10' preferredLabel='http://www.xbrl.org/2003/role/periodStartLabel' xlink:arcrole='http://www.xbrl.org/2003/arcrole/parent-child' xlink:from='loc_InvestmentsInAndAdvancesToAffiliatesAtFairValueRollForward' xlink:to='loc_InvestmentOwnedAtFairValue' xlink:type='arc' />
    <link:presentationArc order='20' xlink:arcrole='http://www.xbrl.org/2003/arcrole/parent-child' xlink:from='loc_InvestmentsInAndAdvancesToAffiliatesAtFairValueRollForward' xlink:to='loc_InvestmentsInAndAdvancesToAffiliatesAtFairValueGrossAdditions' xlink:type='arc' />
    <link:presentationArc order='30' xlink:arcrole='http://www.xbrl.org/2003/arcrole/parent-child' xlink:from='loc_InvestmentsInAndAdvancesToAffiliatesAtFairValueRollForward' xlink:to='loc_InvestmentsInAndAdvancesToAffiliatesAtFairValueGrossReductions' xlink:type='arc' />
    <link:presentationArc order='40' preferredLabel='http://www.xbrl.org/2003/role/totalLabel' xlink:arcrole='http://www.xbrl.org/2003/arcrole/parent-child' xlink:from='loc_InvestmentsInAndAdvancesToAffiliatesAtFairValueRollForward' xlink:to='loc_InvestmentsInAndAdvancesToAffiliatesAtFairValuePeriodIncreaseDecrease' xlink:type='arc' />
    <link:presentationArc order='50' preferredLabel='http://www.xbrl.org/2003/role/periodEndLabel' xlink:arcrole='http://www.xbrl.org/2003/arcrole/parent-child' xlink:from='loc_InvestmentsInAndAdvancesToAffiliatesAtFairValueRollForward' xlink:to='loc_InvestmentOwnedAtFairValue_1' xlink:type='arc' />
  </link:presentationLink>
</link:linkbase>
