<?xml version='1.0' encoding='UTF-8'?>

<!--
(c) 2010-2024 Financial Accounting Foundation; (c) 2007-2010 XBRL US, Inc.  All Rights Reserved.
Notice: Authorized Uses are Set Forth at https://xbrl.fasb.org/terms/TaxonomiesTermsConditions.html
  -->
<link:linkbase xmlns:link='http://www.xbrl.org/2003/linkbase' xmlns:xlink='http://www.w3.org/1999/xlink' xmlns:xsi='http://www.w3.org/2001/XMLSchema-instance' xsi:schemaLocation='http://www.xbrl.org/2003/linkbase http://www.xbrl.org/2003/xbrl-linkbase-2003-12-31.xsd'>
  <link:roleRef roleURI='http://fasb.org/us-gaap/role/disclosure/FinancialServicesMortgageBanking' xlink:href='../elts/us-roles-2024.xsd#fs-mort' xlink:type='simple' />
  <link:presentationLink xlink:role='http://fasb.org/us-gaap/role/disclosure/FinancialServicesMortgageBanking' xlink:type='extended'>
    <link:loc xlink:href='../elts/us-gaap-2024.xsd#us-gaap_MortgageBankingAbstract' xlink:label='loc_MortgageBankingAbstract' xlink:type='locator' />
    <link:loc xlink:href='../elts/us-gaap-2024.xsd#us-gaap_RegulatoryCapitalRequirementsForMortgageCompaniesDisclosureTextBlock' xlink:label='loc_RegulatoryCapitalRequirementsForMortgageCompaniesDisclosureTextBlock' xlink:type='locator' />
    <link:loc xlink:href='../elts/us-gaap-2024.xsd#us-gaap_DescriptionOfFactorsThatMayAffectMinimumNetWorthRequirements' xlink:label='loc_DescriptionOfFactorsThatMayAffectMinimumNetWorthRequirements' xlink:type='locator' />
    <link:loc xlink:href='../elts/us-gaap-2024.xsd#us-gaap_DescriptionOfPossibleEffectsOfNoncomplianceOrLessThanMinimumNetWorthCapitalRequirements' xlink:label='loc_DescriptionOfPossibleEffectsOfNoncomplianceOrLessThanMinimumNetWorthCapitalRequirements' xlink:type='locator' />
    <link:loc xlink:href='../elts/us-gaap-2024.xsd#us-gaap_DescriptionOfSubstantialDoubtAboutInstitutionsAbilityToContinueAsGoingConcernMortgageCompanies' xlink:label='loc_DescriptionOfSubstantialDoubtAboutInstitutionsAbilityToContinueAsGoingConcernMortgageCompanies' xlink:type='locator' />
    <link:loc xlink:href='../elts/us-gaap-2024.xsd#us-gaap_ScheduleOfComplianceWithRegulatoryCapitalRequirementsForMortgageCompaniesTextBlock' xlink:label='loc_ScheduleOfComplianceWithRegulatoryCapitalRequirementsForMortgageCompaniesTextBlock' xlink:type='locator' />
    <link:loc xlink:href='../elts/us-gaap-2024.xsd#us-gaap_ScheduleOfComplianceWithRegulatoryCapitalRequirementsForMortgageCompaniesTable' xlink:label='loc_ScheduleOfComplianceWithRegulatoryCapitalRequirementsForMortgageCompaniesTable' xlink:type='locator' />
    <link:loc xlink:href='../elts/us-gaap-2024.xsd#us-gaap_RegulatoryCapitalRequirementsForMortgageCompaniesBySecondaryMarketInvestorAxis' xlink:label='loc_RegulatoryCapitalRequirementsForMortgageCompaniesBySecondaryMarketInvestorAxis' xlink:type='locator' />
    <link:loc xlink:href='../elts/us-gaap-2024.xsd#us-gaap_SecondaryMarketInvestorDomain' xlink:label='loc_SecondaryMarketInvestorDomain' xlink:type='locator' />
    <link:loc xlink:href='../elts/us-gaap-2024.xsd#us-gaap_FederalNationalMortgageAssociationFnmaInsuredLoansMember' xlink:label='loc_FederalNationalMortgageAssociationFnmaInsuredLoansMember' xlink:type='locator' />
    <link:loc xlink:href='../elts/us-gaap-2024.xsd#us-gaap_FederalHomeLoanMortgageCorporationFhlmcInsuredLoansMember' xlink:label='loc_FederalHomeLoanMortgageCorporationFhlmcInsuredLoansMember' xlink:type='locator' />
    <link:loc xlink:href='../elts/us-gaap-2024.xsd#us-gaap_GovernmentNationalMortgageAssociationGnmaInsuredLoansMember' xlink:label='loc_GovernmentNationalMortgageAssociationGnmaInsuredLoansMember' xlink:type='locator' />
    <link:loc xlink:href='../elts/us-gaap-2024.xsd#us-gaap_DepartmentOfHousingAndUrbanDevelopmentHudMember' xlink:label='loc_DepartmentOfHousingAndUrbanDevelopmentHudMember' xlink:type='locator' />
    <link:loc xlink:href='../elts/us-gaap-2024.xsd#us-gaap_InvestorMember' xlink:label='loc_InvestorMember' xlink:type='locator' />
    <link:loc xlink:href='../elts/us-gaap-2024.xsd#us-gaap_BankingRegulationMortgageBankingStateMandateAxis' xlink:label='loc_BankingRegulationMortgageBankingStateMandateAxis' xlink:type='locator' />
    <link:loc xlink:href='../elts/us-gaap-2024.xsd#us-gaap_BankingRegulationMortgageBankingStateMandateDomain' xlink:label='loc_BankingRegulationMortgageBankingStateMandateDomain' xlink:type='locator' />
    <link:loc xlink:href='../elts/us-gaap-2024.xsd#us-gaap_ComplianceWithRegulatoryCapitalRequirementsForMortgageCompaniesLineItems' xlink:label='loc_ComplianceWithRegulatoryCapitalRequirementsForMortgageCompaniesLineItems' xlink:type='locator' />
    <link:loc xlink:href='../elts/us-gaap-2024.xsd#us-gaap_MinimumNetWorthRequiredForCompliance' xlink:label='loc_MinimumNetWorthRequiredForCompliance' xlink:type='locator' />
    <link:loc xlink:href='../elts/us-gaap-2024.xsd#us-gaap_BankingRegulationMortgageBankingNetWorthActual' xlink:label='loc_BankingRegulationMortgageBankingNetWorthActual' xlink:type='locator' />
    <link:loc xlink:href='../elts/us-gaap-2024.xsd#us-gaap_BankingRegulationMortgageBankingCompliance' xlink:label='loc_BankingRegulationMortgageBankingCompliance' xlink:type='locator' />
    <link:presentationArc order='10' xlink:arcrole='http://www.xbrl.org/2003/arcrole/parent-child' xlink:from='loc_MortgageBankingAbstract' xlink:to='loc_RegulatoryCapitalRequirementsForMortgageCompaniesDisclosureTextBlock' xlink:type='arc' />
    <link:presentationArc order='10' use='optional' xlink:arcrole='http://www.xbrl.org/2003/arcrole/parent-child' xlink:from='loc_RegulatoryCapitalRequirementsForMortgageCompaniesDisclosureTextBlock' xlink:to='loc_DescriptionOfFactorsThatMayAffectMinimumNetWorthRequirements' xlink:type='arc' />
    <link:presentationArc order='20' use='optional' xlink:arcrole='http://www.xbrl.org/2003/arcrole/parent-child' xlink:from='loc_RegulatoryCapitalRequirementsForMortgageCompaniesDisclosureTextBlock' xlink:to='loc_DescriptionOfPossibleEffectsOfNoncomplianceOrLessThanMinimumNetWorthCapitalRequirements' xlink:type='arc' />
    <link:presentationArc order='30' use='optional' xlink:arcrole='http://www.xbrl.org/2003/arcrole/parent-child' xlink:from='loc_RegulatoryCapitalRequirementsForMortgageCompaniesDisclosureTextBlock' xlink:to='loc_DescriptionOfSubstantialDoubtAboutInstitutionsAbilityToContinueAsGoingConcernMortgageCompanies' xlink:type='arc' />
    <link:presentationArc order='40' xlink:arcrole='http://www.xbrl.org/2003/arcrole/parent-child' xlink:from='loc_RegulatoryCapitalRequirementsForMortgageCompaniesDisclosureTextBlock' xlink:to='loc_ScheduleOfComplianceWithRegulatoryCapitalRequirementsForMortgageCompaniesTextBlock' xlink:type='arc' />
    <link:presentationArc order='10' xlink:arcrole='http://www.xbrl.org/2003/arcrole/parent-child' xlink:from='loc_ScheduleOfComplianceWithRegulatoryCapitalRequirementsForMortgageCompaniesTextBlock' xlink:to='loc_ScheduleOfComplianceWithRegulatoryCapitalRequirementsForMortgageCompaniesTable' xlink:type='arc' />
    <link:presentationArc order='10' xlink:arcrole='http://www.xbrl.org/2003/arcrole/parent-child' xlink:from='loc_ScheduleOfComplianceWithRegulatoryCapitalRequirementsForMortgageCompaniesTable' xlink:to='loc_RegulatoryCapitalRequirementsForMortgageCompaniesBySecondaryMarketInvestorAxis' xlink:type='arc' />
    <link:presentationArc order='10' xlink:arcrole='http://www.xbrl.org/2003/arcrole/parent-child' xlink:from='loc_RegulatoryCapitalRequirementsForMortgageCompaniesBySecondaryMarketInvestorAxis' xlink:to='loc_SecondaryMarketInvestorDomain' xlink:type='arc' />
    <link:presentationArc order='10' xlink:arcrole='http://www.xbrl.org/2003/arcrole/parent-child' xlink:from='loc_SecondaryMarketInvestorDomain' xlink:to='loc_FederalNationalMortgageAssociationFnmaInsuredLoansMember' xlink:type='arc' />
    <link:presentationArc order='20' xlink:arcrole='http://www.xbrl.org/2003/arcrole/parent-child' xlink:from='loc_SecondaryMarketInvestorDomain' xlink:to='loc_FederalHomeLoanMortgageCorporationFhlmcInsuredLoansMember' xlink:type='arc' />
    <link:presentationArc order='30' xlink:arcrole='http://www.xbrl.org/2003/arcrole/parent-child' xlink:from='loc_SecondaryMarketInvestorDomain' xlink:to='loc_GovernmentNationalMortgageAssociationGnmaInsuredLoansMember' xlink:type='arc' />
    <link:presentationArc order='40' xlink:arcrole='http://www.xbrl.org/2003/arcrole/parent-child' xlink:from='loc_SecondaryMarketInvestorDomain' xlink:to='loc_DepartmentOfHousingAndUrbanDevelopmentHudMember' xlink:type='arc' />
    <link:presentationArc order='50' xlink:arcrole='http://www.xbrl.org/2003/arcrole/parent-child' xlink:from='loc_SecondaryMarketInvestorDomain' xlink:to='loc_InvestorMember' xlink:type='arc' />
    <link:presentationArc order='20' xlink:arcrole='http://www.xbrl.org/2003/arcrole/parent-child' xlink:from='loc_ScheduleOfComplianceWithRegulatoryCapitalRequirementsForMortgageCompaniesTable' xlink:to='loc_BankingRegulationMortgageBankingStateMandateAxis' xlink:type='arc' />
    <link:presentationArc order='10' xlink:arcrole='http://www.xbrl.org/2003/arcrole/parent-child' xlink:from='loc_BankingRegulationMortgageBankingStateMandateAxis' xlink:to='loc_BankingRegulationMortgageBankingStateMandateDomain' xlink:type='arc' />
    <link:presentationArc order='30' xlink:arcrole='http://www.xbrl.org/2003/arcrole/parent-child' xlink:from='loc_ScheduleOfComplianceWithRegulatoryCapitalRequirementsForMortgageCompaniesTable' xlink:to='loc_ComplianceWithRegulatoryCapitalRequirementsForMortgageCompaniesLineItems' xlink:type='arc' />
    <link:presentationArc order='10' xlink:arcrole='http://www.xbrl.org/2003/arcrole/parent-child' xlink:from='loc_ComplianceWithRegulatoryCapitalRequirementsForMortgageCompaniesLineItems' xlink:to='loc_MinimumNetWorthRequiredForCompliance' xlink:type='arc' />
    <link:presentationArc order='20' xlink:arcrole='http://www.xbrl.org/2003/arcrole/parent-child' xlink:from='loc_ComplianceWithRegulatoryCapitalRequirementsForMortgageCompaniesLineItems' xlink:to='loc_BankingRegulationMortgageBankingNetWorthActual' xlink:type='arc' />
    <link:presentationArc order='30' xlink:arcrole='http://www.xbrl.org/2003/arcrole/parent-child' xlink:from='loc_ComplianceWithRegulatoryCapitalRequirementsForMortgageCompaniesLineItems' xlink:to='loc_BankingRegulationMortgageBankingCompliance' xlink:type='arc' />
  </link:presentationLink>
</link:linkbase>
