<?xml version='1.0' encoding='UTF-8'?>

<!--
(c) 2010-2024 Financial Accounting Foundation; (c) 2007-2010 XBRL US, Inc.  All Rights Reserved.
Notice: Authorized Uses are Set Forth at https://xbrl.fasb.org/terms/TaxonomiesTermsConditions.html
  -->
<link:linkbase xmlns:link='http://www.xbrl.org/2003/linkbase' xmlns:xlink='http://www.w3.org/1999/xlink' xmlns:xsi='http://www.w3.org/2001/XMLSchema-instance' xsi:schemaLocation='http://www.xbrl.org/2003/linkbase http://www.xbrl.org/2003/xbrl-linkbase-2003-12-31.xsd'>
  <link:roleRef roleURI='http://fasb.org/us-gaap/role/disclosure/ResearchAndDevelopment' xlink:href='../elts/us-roles-2024.xsd#rd' xlink:type='simple' />
  <link:presentationLink xlink:role='http://fasb.org/us-gaap/role/disclosure/ResearchAndDevelopment' xlink:type='extended'>
    <link:loc xlink:href='../elts/us-gaap-2024.xsd#us-gaap_ResearchAndDevelopmentAbstract' xlink:label='loc_ResearchAndDevelopmentAbstract' xlink:type='locator' />
    <link:loc xlink:href='../elts/us-gaap-2024.xsd#us-gaap_ResearchDevelopmentAndComputerSoftwareDisclosureTextBlock' xlink:label='loc_ResearchDevelopmentAndComputerSoftwareDisclosureTextBlock' xlink:type='locator' />
    <link:loc xlink:href='../elts/us-gaap-2024.xsd#us-gaap_ResearchDevelopmentAndComputerSoftwareActivityDescription' xlink:label='loc_ResearchDevelopmentAndComputerSoftwareActivityDescription' xlink:type='locator' />
    <link:loc xlink:href='../elts/us-gaap-2024.xsd#us-gaap_ResearchAndDevelopmentExpenseAbstract' xlink:label='loc_ResearchAndDevelopmentExpenseAbstract' xlink:type='locator' />
    <link:loc xlink:href='../elts/us-gaap-2024.xsd#us-gaap_ResearchAndDevelopmentExpenseExcludingAcquiredInProcessCost' xlink:label='loc_ResearchAndDevelopmentExpenseExcludingAcquiredInProcessCost' xlink:type='locator' />
    <link:loc xlink:href='../elts/us-gaap-2024.xsd#us-gaap_ResearchAndDevelopmentExpenseSoftwareExcludingAcquiredInProcessCost' xlink:label='loc_ResearchAndDevelopmentExpenseSoftwareExcludingAcquiredInProcessCost' xlink:type='locator' />
    <link:loc xlink:href='../elts/us-gaap-2024.xsd#us-gaap_ResearchAndDevelopmentAssetAcquiredOtherThanThroughBusinessCombinationWrittenOff' xlink:label='loc_ResearchAndDevelopmentAssetAcquiredOtherThanThroughBusinessCombinationWrittenOff' xlink:type='locator' />
    <link:loc xlink:href='../elts/us-gaap-2024.xsd#us-gaap_ResearchAndDevelopmentAssetAcquiredOtherThanThroughBusinessCombinationWrittenOffStatementOfIncomeOrComprehensiveIncomeExtensibleEnumeration' xlink:label='loc_ResearchAndDevelopmentAssetAcquiredOtherThanThroughBusinessCombinationWrittenOffStatementOfIncomeOrComprehensiveIncomeExtensibleEnumeration' xlink:type='locator' />
    <link:loc xlink:href='../elts/us-gaap-2024.xsd#us-gaap_ResearchAndDevelopmentExpense' xlink:label='loc_ResearchAndDevelopmentExpense' xlink:type='locator' />
    <link:loc xlink:href='../elts/us-gaap-2024.xsd#us-gaap_CapitalizedComputerSoftwareNetAbstract' xlink:label='loc_CapitalizedComputerSoftwareNetAbstract' xlink:type='locator' />
    <link:loc xlink:href='../elts/us-gaap-2024.xsd#us-gaap_CapitalizedComputerSoftwareGross' xlink:label='loc_CapitalizedComputerSoftwareGross' xlink:type='locator' />
    <link:loc xlink:href='../elts/us-gaap-2024.xsd#us-gaap_CapitalizedComputerSoftwareAccumulatedAmortization' xlink:label='loc_CapitalizedComputerSoftwareAccumulatedAmortization' xlink:type='locator' />
    <link:loc xlink:href='../elts/us-gaap-2024.xsd#us-gaap_CapitalizedComputerSoftwareNet' xlink:label='loc_CapitalizedComputerSoftwareNet_1' xlink:type='locator' />
    <link:loc xlink:href='../elts/us-gaap-2024.xsd#us-gaap_CapitalizedComputerSoftwareNet' xlink:label='loc_CapitalizedComputerSoftwareNet' xlink:type='locator' />
    <link:loc xlink:href='../elts/us-gaap-2024.xsd#us-gaap_MovementInCapitalizedComputerSoftwareNetRollForward' xlink:label='loc_MovementInCapitalizedComputerSoftwareNetRollForward' xlink:type='locator' />
    <link:loc xlink:href='../elts/us-gaap-2024.xsd#us-gaap_CapitalizedComputerSoftwareAdditions' xlink:label='loc_CapitalizedComputerSoftwareAdditions' xlink:type='locator' />
    <link:loc xlink:href='../elts/us-gaap-2024.xsd#us-gaap_CapitalizedComputerSoftwareAmortization1' xlink:label='loc_CapitalizedComputerSoftwareAmortization1' xlink:type='locator' />
    <link:loc xlink:href='../elts/us-gaap-2024.xsd#us-gaap_CapitalizedComputerSoftwareImpairments1' xlink:label='loc_CapitalizedComputerSoftwareImpairments1' xlink:type='locator' />
    <link:loc xlink:href='../elts/us-gaap-2024.xsd#us-gaap_CapitalizedComputerSoftwarePeriodIncreaseDecrease' xlink:label='loc_CapitalizedComputerSoftwarePeriodIncreaseDecrease' xlink:type='locator' />
    <link:loc xlink:href='../elts/us-gaap-2024.xsd#us-gaap_ResearchAndDevelopmentArrangementContractToPerformForOthersTextBlock' xlink:label='loc_ResearchAndDevelopmentArrangementContractToPerformForOthersTextBlock' xlink:type='locator' />
    <link:loc xlink:href='../elts/us-gaap-2024.xsd#us-gaap_ScheduleOfResearchAndDevelopmentArrangementContractToPerformForOthersTable' xlink:label='loc_ScheduleOfResearchAndDevelopmentArrangementContractToPerformForOthersTable' xlink:type='locator' />
    <link:loc xlink:href='../elts/us-gaap-2024.xsd#us-gaap_ResearchAndDevelopmentArrangementContractToPerformForOthersByTypeAxis' xlink:label='loc_ResearchAndDevelopmentArrangementContractToPerformForOthersByTypeAxis' xlink:type='locator' />
    <link:loc xlink:href='../elts/us-gaap-2024.xsd#us-gaap_ResearchAndDevelopmentArrangementContractToPerformForOthersTypeDomain' xlink:label='loc_ResearchAndDevelopmentArrangementContractToPerformForOthersTypeDomain' xlink:type='locator' />
    <link:loc xlink:href='../elts/us-gaap-2024.xsd#us-gaap_RoyaltyAgreementTermsMember' xlink:label='loc_RoyaltyAgreementTermsMember' xlink:type='locator' />
    <link:loc xlink:href='../elts/us-gaap-2024.xsd#us-gaap_PurchaseProvisionTermsMember' xlink:label='loc_PurchaseProvisionTermsMember' xlink:type='locator' />
    <link:loc xlink:href='../elts/us-gaap-2024.xsd#us-gaap_LicenseAgreementTermsMember' xlink:label='loc_LicenseAgreementTermsMember' xlink:type='locator' />
    <link:loc xlink:href='../elts/us-gaap-2024.xsd#us-gaap_AdditionalFundingAgreementTermsMember' xlink:label='loc_AdditionalFundingAgreementTermsMember' xlink:type='locator' />
    <link:loc xlink:href='../elts/us-gaap-2024.xsd#us-gaap_CapitalizedCostsOfUnprovedPropertiesExcludedFromAmortizationByPropertyOrProjectAxis' xlink:label='loc_CapitalizedCostsOfUnprovedPropertiesExcludedFromAmortizationByPropertyOrProjectAxis' xlink:type='locator' />
    <link:loc xlink:href='../elts/us-gaap-2024.xsd#us-gaap_ProjectMember' xlink:label='loc_ProjectMember' xlink:type='locator' />
    <link:loc xlink:href='../elts/us-gaap-2024.xsd#us-gaap_ResearchAndDevelopmentArrangementContractToPerformForOthersLineItems' xlink:label='loc_ResearchAndDevelopmentArrangementContractToPerformForOthersLineItems' xlink:type='locator' />
    <link:loc xlink:href='../elts/us-gaap-2024.xsd#us-gaap_ResearchAndDevelopmentArrangementContractToPerformForOthersDescriptionAndTerms' xlink:label='loc_ResearchAndDevelopmentArrangementContractToPerformForOthersDescriptionAndTerms' xlink:type='locator' />
    <link:loc xlink:href='../elts/us-gaap-2024.xsd#us-gaap_ResearchAndDevelopmentArrangementContractToPerformForOthersCostsIncurredGross' xlink:label='loc_ResearchAndDevelopmentArrangementContractToPerformForOthersCostsIncurredGross' xlink:type='locator' />
    <link:loc xlink:href='../elts/us-gaap-2024.xsd#us-gaap_ResearchAndDevelopmentArrangementContractToPerformForOthersCompensationEarned' xlink:label='loc_ResearchAndDevelopmentArrangementContractToPerformForOthersCompensationEarned' xlink:type='locator' />
    <link:loc xlink:href='../elts/us-gaap-2024.xsd#us-gaap_ResearchAndDevelopmentArrangementWithFederalGovernmentAbstract' xlink:label='loc_ResearchAndDevelopmentArrangementWithFederalGovernmentAbstract' xlink:type='locator' />
    <link:loc xlink:href='../elts/us-gaap-2024.xsd#us-gaap_ResearchAndDevelopmentArrangementWithFederalGovernmentDescriptionAndTerms' xlink:label='loc_ResearchAndDevelopmentArrangementWithFederalGovernmentDescriptionAndTerms' xlink:type='locator' />
    <link:loc xlink:href='../elts/us-gaap-2024.xsd#us-gaap_ResearchAndDevelopmentArrangementWithFederalGovernmentCostsIncurredNet' xlink:label='loc_ResearchAndDevelopmentArrangementWithFederalGovernmentCostsIncurredNet' xlink:type='locator' />
    <link:loc xlink:href='../elts/us-gaap-2024.xsd#us-gaap_ResearchAndDevelopmentArrangementWithFederalGovernmentCustomerFundingToOffsetCostsIncurred' xlink:label='loc_ResearchAndDevelopmentArrangementWithFederalGovernmentCustomerFundingToOffsetCostsIncurred' xlink:type='locator' />
    <link:presentationArc order='10' xlink:arcrole='http://www.xbrl.org/2003/arcrole/parent-child' xlink:from='loc_ResearchAndDevelopmentAbstract' xlink:to='loc_ResearchDevelopmentAndComputerSoftwareDisclosureTextBlock' xlink:type='arc' />
    <link:presentationArc order='10' xlink:arcrole='http://www.xbrl.org/2003/arcrole/parent-child' xlink:from='loc_ResearchDevelopmentAndComputerSoftwareDisclosureTextBlock' xlink:to='loc_ResearchDevelopmentAndComputerSoftwareActivityDescription' xlink:type='arc' />
    <link:presentationArc order='20' xlink:arcrole='http://www.xbrl.org/2003/arcrole/parent-child' xlink:from='loc_ResearchDevelopmentAndComputerSoftwareDisclosureTextBlock' xlink:to='loc_ResearchAndDevelopmentExpenseAbstract' xlink:type='arc' />
    <link:presentationArc order='10' xlink:arcrole='http://www.xbrl.org/2003/arcrole/parent-child' xlink:from='loc_ResearchAndDevelopmentExpenseAbstract' xlink:to='loc_ResearchAndDevelopmentExpenseExcludingAcquiredInProcessCost' xlink:type='arc' />
    <link:presentationArc order='20' xlink:arcrole='http://www.xbrl.org/2003/arcrole/parent-child' xlink:from='loc_ResearchAndDevelopmentExpenseAbstract' xlink:to='loc_ResearchAndDevelopmentExpenseSoftwareExcludingAcquiredInProcessCost' xlink:type='arc' />
    <link:presentationArc order='30' xlink:arcrole='http://www.xbrl.org/2003/arcrole/parent-child' xlink:from='loc_ResearchAndDevelopmentExpenseAbstract' xlink:to='loc_ResearchAndDevelopmentAssetAcquiredOtherThanThroughBusinessCombinationWrittenOff' xlink:type='arc' />
    <link:presentationArc order='10' xlink:arcrole='http://www.xbrl.org/2003/arcrole/parent-child' xlink:from='loc_ResearchAndDevelopmentAssetAcquiredOtherThanThroughBusinessCombinationWrittenOff' xlink:to='loc_ResearchAndDevelopmentAssetAcquiredOtherThanThroughBusinessCombinationWrittenOffStatementOfIncomeOrComprehensiveIncomeExtensibleEnumeration' xlink:type='arc' />
    <link:presentationArc order='40' preferredLabel='http://www.xbrl.org/2003/role/totalLabel' xlink:arcrole='http://www.xbrl.org/2003/arcrole/parent-child' xlink:from='loc_ResearchAndDevelopmentExpenseAbstract' xlink:to='loc_ResearchAndDevelopmentExpense' xlink:type='arc' />
    <link:presentationArc order='30' use='optional' xlink:arcrole='http://www.xbrl.org/2003/arcrole/parent-child' xlink:from='loc_ResearchDevelopmentAndComputerSoftwareDisclosureTextBlock' xlink:to='loc_CapitalizedComputerSoftwareNetAbstract' xlink:type='arc' />
    <link:presentationArc order='10' use='optional' xlink:arcrole='http://www.xbrl.org/2003/arcrole/parent-child' xlink:from='loc_CapitalizedComputerSoftwareNetAbstract' xlink:to='loc_CapitalizedComputerSoftwareGross' xlink:type='arc' />
    <link:presentationArc order='20' use='optional' xlink:arcrole='http://www.xbrl.org/2003/arcrole/parent-child' xlink:from='loc_CapitalizedComputerSoftwareNetAbstract' xlink:to='loc_CapitalizedComputerSoftwareAccumulatedAmortization' xlink:type='arc' />
    <link:presentationArc order='30' preferredLabel='http://www.xbrl.org/2003/role/totalLabel' use='optional' xlink:arcrole='http://www.xbrl.org/2003/arcrole/parent-child' xlink:from='loc_CapitalizedComputerSoftwareNetAbstract' xlink:to='loc_CapitalizedComputerSoftwareNet' xlink:type='arc' />
    <link:presentationArc order='40' xlink:arcrole='http://www.xbrl.org/2003/arcrole/parent-child' xlink:from='loc_ResearchDevelopmentAndComputerSoftwareDisclosureTextBlock' xlink:to='loc_MovementInCapitalizedComputerSoftwareNetRollForward' xlink:type='arc' />
    <link:presentationArc order='10' preferredLabel='http://www.xbrl.org/2003/role/periodStartLabel' xlink:arcrole='http://www.xbrl.org/2003/arcrole/parent-child' xlink:from='loc_MovementInCapitalizedComputerSoftwareNetRollForward' xlink:to='loc_CapitalizedComputerSoftwareNet' xlink:type='arc' />
    <link:presentationArc order='20' xlink:arcrole='http://www.xbrl.org/2003/arcrole/parent-child' xlink:from='loc_MovementInCapitalizedComputerSoftwareNetRollForward' xlink:to='loc_CapitalizedComputerSoftwareAdditions' xlink:type='arc' />
    <link:presentationArc order='30' xlink:arcrole='http://www.xbrl.org/2003/arcrole/parent-child' xlink:from='loc_MovementInCapitalizedComputerSoftwareNetRollForward' xlink:to='loc_CapitalizedComputerSoftwareAmortization1' xlink:type='arc' />
    <link:presentationArc order='40' xlink:arcrole='http://www.xbrl.org/2003/arcrole/parent-child' xlink:from='loc_MovementInCapitalizedComputerSoftwareNetRollForward' xlink:to='loc_CapitalizedComputerSoftwareImpairments1' xlink:type='arc' />
    <link:presentationArc order='50' preferredLabel='http://www.xbrl.org/2003/role/totalLabel' xlink:arcrole='http://www.xbrl.org/2003/arcrole/parent-child' xlink:from='loc_MovementInCapitalizedComputerSoftwareNetRollForward' xlink:to='loc_CapitalizedComputerSoftwarePeriodIncreaseDecrease' xlink:type='arc' />
    <link:presentationArc order='60' preferredLabel='http://www.xbrl.org/2003/role/periodEndLabel' xlink:arcrole='http://www.xbrl.org/2003/arcrole/parent-child' xlink:from='loc_MovementInCapitalizedComputerSoftwareNetRollForward' xlink:to='loc_CapitalizedComputerSoftwareNet_1' xlink:type='arc' />
    <link:presentationArc order='50' xlink:arcrole='http://www.xbrl.org/2003/arcrole/parent-child' xlink:from='loc_ResearchDevelopmentAndComputerSoftwareDisclosureTextBlock' xlink:to='loc_ResearchAndDevelopmentArrangementContractToPerformForOthersTextBlock' xlink:type='arc' />
    <link:presentationArc order='10' xlink:arcrole='http://www.xbrl.org/2003/arcrole/parent-child' xlink:from='loc_ResearchAndDevelopmentArrangementContractToPerformForOthersTextBlock' xlink:to='loc_ScheduleOfResearchAndDevelopmentArrangementContractToPerformForOthersTable' xlink:type='arc' />
    <link:presentationArc order='10' xlink:arcrole='http://www.xbrl.org/2003/arcrole/parent-child' xlink:from='loc_ScheduleOfResearchAndDevelopmentArrangementContractToPerformForOthersTable' xlink:to='loc_ResearchAndDevelopmentArrangementContractToPerformForOthersByTypeAxis' xlink:type='arc' />
    <link:presentationArc order='10' xlink:arcrole='http://www.xbrl.org/2003/arcrole/parent-child' xlink:from='loc_ResearchAndDevelopmentArrangementContractToPerformForOthersByTypeAxis' xlink:to='loc_ResearchAndDevelopmentArrangementContractToPerformForOthersTypeDomain' xlink:type='arc' />
    <link:presentationArc order='10' xlink:arcrole='http://www.xbrl.org/2003/arcrole/parent-child' xlink:from='loc_ResearchAndDevelopmentArrangementContractToPerformForOthersTypeDomain' xlink:to='loc_RoyaltyAgreementTermsMember' xlink:type='arc' />
    <link:presentationArc order='20' xlink:arcrole='http://www.xbrl.org/2003/arcrole/parent-child' xlink:from='loc_ResearchAndDevelopmentArrangementContractToPerformForOthersTypeDomain' xlink:to='loc_PurchaseProvisionTermsMember' xlink:type='arc' />
    <link:presentationArc order='30' xlink:arcrole='http://www.xbrl.org/2003/arcrole/parent-child' xlink:from='loc_ResearchAndDevelopmentArrangementContractToPerformForOthersTypeDomain' xlink:to='loc_LicenseAgreementTermsMember' xlink:type='arc' />
    <link:presentationArc order='40' xlink:arcrole='http://www.xbrl.org/2003/arcrole/parent-child' xlink:from='loc_ResearchAndDevelopmentArrangementContractToPerformForOthersTypeDomain' xlink:to='loc_AdditionalFundingAgreementTermsMember' xlink:type='arc' />
    <link:presentationArc order='20' xlink:arcrole='http://www.xbrl.org/2003/arcrole/parent-child' xlink:from='loc_ScheduleOfResearchAndDevelopmentArrangementContractToPerformForOthersTable' xlink:to='loc_CapitalizedCostsOfUnprovedPropertiesExcludedFromAmortizationByPropertyOrProjectAxis' xlink:type='arc' />
    <link:presentationArc order='10' xlink:arcrole='http://www.xbrl.org/2003/arcrole/parent-child' xlink:from='loc_CapitalizedCostsOfUnprovedPropertiesExcludedFromAmortizationByPropertyOrProjectAxis' xlink:to='loc_ProjectMember' xlink:type='arc' />
    <link:presentationArc order='30' xlink:arcrole='http://www.xbrl.org/2003/arcrole/parent-child' xlink:from='loc_ScheduleOfResearchAndDevelopmentArrangementContractToPerformForOthersTable' xlink:to='loc_ResearchAndDevelopmentArrangementContractToPerformForOthersLineItems' xlink:type='arc' />
    <link:presentationArc order='10' xlink:arcrole='http://www.xbrl.org/2003/arcrole/parent-child' xlink:from='loc_ResearchAndDevelopmentArrangementContractToPerformForOthersLineItems' xlink:to='loc_ResearchAndDevelopmentArrangementContractToPerformForOthersDescriptionAndTerms' xlink:type='arc' />
    <link:presentationArc order='20' xlink:arcrole='http://www.xbrl.org/2003/arcrole/parent-child' xlink:from='loc_ResearchAndDevelopmentArrangementContractToPerformForOthersLineItems' xlink:to='loc_ResearchAndDevelopmentArrangementContractToPerformForOthersCostsIncurredGross' xlink:type='arc' />
    <link:presentationArc order='30' xlink:arcrole='http://www.xbrl.org/2003/arcrole/parent-child' xlink:from='loc_ResearchAndDevelopmentArrangementContractToPerformForOthersLineItems' xlink:to='loc_ResearchAndDevelopmentArrangementContractToPerformForOthersCompensationEarned' xlink:type='arc' />
    <link:presentationArc order='40' xlink:arcrole='http://www.xbrl.org/2003/arcrole/parent-child' xlink:from='loc_ResearchAndDevelopmentArrangementContractToPerformForOthersLineItems' xlink:to='loc_ResearchAndDevelopmentArrangementWithFederalGovernmentAbstract' xlink:type='arc' />
    <link:presentationArc order='10' xlink:arcrole='http://www.xbrl.org/2003/arcrole/parent-child' xlink:from='loc_ResearchAndDevelopmentArrangementWithFederalGovernmentAbstract' xlink:to='loc_ResearchAndDevelopmentArrangementWithFederalGovernmentDescriptionAndTerms' xlink:type='arc' />
    <link:presentationArc order='20' xlink:arcrole='http://www.xbrl.org/2003/arcrole/parent-child' xlink:from='loc_ResearchAndDevelopmentArrangementWithFederalGovernmentAbstract' xlink:to='loc_ResearchAndDevelopmentArrangementWithFederalGovernmentCostsIncurredNet' xlink:type='arc' />
    <link:presentationArc order='30' xlink:arcrole='http://www.xbrl.org/2003/arcrole/parent-child' xlink:from='loc_ResearchAndDevelopmentArrangementWithFederalGovernmentAbstract' xlink:to='loc_ResearchAndDevelopmentArrangementWithFederalGovernmentCustomerFundingToOffsetCostsIncurred' xlink:type='arc' />
  </link:presentationLink>
</link:linkbase>
