<?xml version='1.0' encoding='UTF-8'?>

<!--
(c) 2010-2024 Financial Accounting Foundation; (c) 2007-2010 XBRL US, Inc.  All Rights Reserved.
Notice: Authorized Uses are Set Forth at https://xbrl.fasb.org/terms/TaxonomiesTermsConditions.html
  -->
<link:linkbase xmlns:link='http://www.xbrl.org/2003/linkbase' xmlns:xlink='http://www.w3.org/1999/xlink' xmlns:xsi='http://www.w3.org/2001/XMLSchema-instance' xsi:schemaLocation='http://www.xbrl.org/2003/linkbase http://www.xbrl.org/2003/xbrl-linkbase-2003-12-31.xsd'>  <link:arcroleRef arcroleURI='https://xbrl.org/2023/arcrole/summation-item' xlink:href='https://www.xbrl.org/2023/calculation-1.1.xsd#summation-item' xlink:type='simple'/>
  <link:roleRef roleURI='http://fasb.org/us-gaap/role/disclosure/MiscellaneousIndustries' xlink:href='../elts/us-roles-2024.xsd#oi' xlink:type='simple' />
  <link:calculationLink xlink:role='http://fasb.org/us-gaap/role/disclosure/MiscellaneousIndustries' xlink:type='extended'>
    <link:loc xlink:href='../elts/us-gaap-2024.xsd#us-gaap_FilmCosts' xlink:label='loc_FilmCosts' xlink:type='locator' />
    <link:loc xlink:href='../elts/us-gaap-2024.xsd#us-gaap_FilmMonetizedOnItsOwnCapitalizedCost' xlink:label='loc_FilmMonetizedOnItsOwnCapitalizedCost' xlink:type='locator' />
    <link:loc xlink:href='../elts/us-gaap-2024.xsd#us-gaap_FilmMonetizedOnItsOwnCapitalizedCostDevelopmentAndPreproduction' xlink:label='loc_FilmMonetizedOnItsOwnCapitalizedCostDevelopmentAndPreproduction' xlink:type='locator' />
    <link:loc xlink:href='../elts/us-gaap-2024.xsd#us-gaap_FilmMonetizedOnItsOwnCapitalizedCostProduction' xlink:label='loc_FilmMonetizedOnItsOwnCapitalizedCostProduction' xlink:type='locator' />
    <link:loc xlink:href='../elts/us-gaap-2024.xsd#us-gaap_FilmMonetizedOnItsOwnCapitalizedCostCompletedAndNotReleased' xlink:label='loc_FilmMonetizedOnItsOwnCapitalizedCostCompletedAndNotReleased' xlink:type='locator' />
    <link:loc xlink:href='../elts/us-gaap-2024.xsd#us-gaap_FilmMonetizedOnItsOwnCapitalizedCostReleased' xlink:label='loc_FilmMonetizedOnItsOwnCapitalizedCostReleased' xlink:type='locator' />
    <link:loc xlink:href='../elts/us-gaap-2024.xsd#us-gaap_FilmMonetizedInFilmGroupCapitalizedCost' xlink:label='loc_FilmMonetizedInFilmGroupCapitalizedCost' xlink:type='locator' />
    <link:loc xlink:href='../elts/us-gaap-2024.xsd#us-gaap_FilmMonetizedInFilmGroupCapitalizedCostDevelopmentAndPreproduction' xlink:label='loc_FilmMonetizedInFilmGroupCapitalizedCostDevelopmentAndPreproduction' xlink:type='locator' />
    <link:loc xlink:href='../elts/us-gaap-2024.xsd#us-gaap_FilmMonetizedInFilmGroupCapitalizedCostProduction' xlink:label='loc_FilmMonetizedInFilmGroupCapitalizedCostProduction' xlink:type='locator' />
    <link:loc xlink:href='../elts/us-gaap-2024.xsd#us-gaap_FilmMonetizedInFilmGroupCapitalizedCostCompletedAndNotReleased' xlink:label='loc_FilmMonetizedInFilmGroupCapitalizedCostCompletedAndNotReleased' xlink:type='locator' />
    <link:loc xlink:href='../elts/us-gaap-2024.xsd#us-gaap_FilmMonetizedInFilmGroupCapitalizedCostReleased' xlink:label='loc_FilmMonetizedInFilmGroupCapitalizedCostReleased' xlink:type='locator' />
    <link:loc xlink:href='../elts/us-gaap-2024.xsd#us-gaap_FilmMonetizedOnItsOwnAndFilmMonetizedInFilmGroupAmortizationExpense' xlink:label='loc_FilmMonetizedOnItsOwnAndFilmMonetizedInFilmGroupAmortizationExpense' xlink:type='locator' />
    <link:loc xlink:href='../elts/us-gaap-2024.xsd#us-gaap_FilmMonetizedOnItsOwnAmortizationExpense' xlink:label='loc_FilmMonetizedOnItsOwnAmortizationExpense' xlink:type='locator' />
    <link:loc xlink:href='../elts/us-gaap-2024.xsd#us-gaap_FilmMonetizedInFilmGroupAmortizationExpense' xlink:label='loc_FilmMonetizedInFilmGroupAmortizationExpense' xlink:type='locator' />
    <link:loc xlink:href='../elts/us-gaap-2024.xsd#us-gaap_GovernmentAssistanceAmountCumulative' xlink:label='loc_GovernmentAssistanceAmountCumulative' xlink:type='locator' />
    <link:loc xlink:href='../elts/us-gaap-2024.xsd#us-gaap_GovernmentAssistanceAmountCumulativeCurrent' xlink:label='loc_GovernmentAssistanceAmountCumulativeCurrent' xlink:type='locator' />
    <link:loc xlink:href='../elts/us-gaap-2024.xsd#us-gaap_GovernmentAssistanceAmountCumulativeNoncurrent' xlink:label='loc_GovernmentAssistanceAmountCumulativeNoncurrent' xlink:type='locator' />
    <link:loc xlink:href='../elts/us-gaap-2024.xsd#us-gaap_GovernmentAssistanceAssetIncrease' xlink:label='loc_GovernmentAssistanceAssetIncrease' xlink:type='locator' />
    <link:loc xlink:href='../elts/us-gaap-2024.xsd#us-gaap_GovernmentAssistanceAssetIncreaseCurrent' xlink:label='loc_GovernmentAssistanceAssetIncreaseCurrent' xlink:type='locator' />
    <link:loc xlink:href='../elts/us-gaap-2024.xsd#us-gaap_GovernmentAssistanceAssetIncreaseNoncurrent' xlink:label='loc_GovernmentAssistanceAssetIncreaseNoncurrent' xlink:type='locator' />
    <link:loc xlink:href='../elts/us-gaap-2024.xsd#us-gaap_GovernmentAssistanceAssetDecrease' xlink:label='loc_GovernmentAssistanceAssetDecrease' xlink:type='locator' />
    <link:loc xlink:href='../elts/us-gaap-2024.xsd#us-gaap_GovernmentAssistanceAssetDecreaseCurrent' xlink:label='loc_GovernmentAssistanceAssetDecreaseCurrent' xlink:type='locator' />
    <link:loc xlink:href='../elts/us-gaap-2024.xsd#us-gaap_GovernmentAssistanceAssetDecreaseNoncurrent' xlink:label='loc_GovernmentAssistanceAssetDecreaseNoncurrent' xlink:type='locator' />
    <link:loc xlink:href='../elts/us-gaap-2024.xsd#us-gaap_GovernmentAssistanceLiability' xlink:label='loc_GovernmentAssistanceLiability' xlink:type='locator' />
    <link:loc xlink:href='../elts/us-gaap-2024.xsd#us-gaap_GovernmentAssistanceLiabilityCurrent' xlink:label='loc_GovernmentAssistanceLiabilityCurrent' xlink:type='locator' />
    <link:loc xlink:href='../elts/us-gaap-2024.xsd#us-gaap_GovernmentAssistanceLiabilityNoncurrent' xlink:label='loc_GovernmentAssistanceLiabilityNoncurrent' xlink:type='locator' />
    <link:loc xlink:href='../elts/us-gaap-2024.xsd#us-gaap_GovernmentAssistanceLiabilityIncrease' xlink:label='loc_GovernmentAssistanceLiabilityIncrease' xlink:type='locator' />
    <link:loc xlink:href='../elts/us-gaap-2024.xsd#us-gaap_GovernmentAssistanceLiabilityIncreaseCurrent' xlink:label='loc_GovernmentAssistanceLiabilityIncreaseCurrent' xlink:type='locator' />
    <link:loc xlink:href='../elts/us-gaap-2024.xsd#us-gaap_GovernmentAssistanceLiabilityIncreaseNoncurrent' xlink:label='loc_GovernmentAssistanceLiabilityIncreaseNoncurrent' xlink:type='locator' />
    <link:loc xlink:href='../elts/us-gaap-2024.xsd#us-gaap_GovernmentAssistanceLiabilityDecrease' xlink:label='loc_GovernmentAssistanceLiabilityDecrease' xlink:type='locator' />
    <link:loc xlink:href='../elts/us-gaap-2024.xsd#us-gaap_GovernmentAssistanceLiabilityDecreaseCurrent' xlink:label='loc_GovernmentAssistanceLiabilityDecreaseCurrent' xlink:type='locator' />
    <link:loc xlink:href='../elts/us-gaap-2024.xsd#us-gaap_GovernmentAssistanceLiabilityDecreaseNoncurrent' xlink:label='loc_GovernmentAssistanceLiabilityDecreaseNoncurrent' xlink:type='locator' />
    <link:loc xlink:href='../elts/us-gaap-2024.xsd#us-gaap_GovernmentAssistanceAmount' xlink:label='loc_GovernmentAssistanceAmount' xlink:type='locator' />
    <link:loc xlink:href='../elts/us-gaap-2024.xsd#us-gaap_GovernmentAssistanceNonoperatingIncome' xlink:label='loc_GovernmentAssistanceNonoperatingIncome' xlink:type='locator' />
    <link:loc xlink:href='../elts/us-gaap-2024.xsd#us-gaap_GovernmentAssistanceOperatingIncome' xlink:label='loc_GovernmentAssistanceOperatingIncome' xlink:type='locator' />
    <link:loc xlink:href='../elts/us-gaap-2024.xsd#us-gaap_GovernmentAssistanceExpense' xlink:label='loc_GovernmentAssistanceExpense' xlink:type='locator' />
    <link:loc xlink:href='../elts/us-gaap-2024.xsd#us-gaap_GovernmentAssistanceNonoperatingExpense' xlink:label='loc_GovernmentAssistanceNonoperatingExpense' xlink:type='locator' />
    <link:loc xlink:href='../elts/us-gaap-2024.xsd#us-gaap_GovernmentAssistanceOperatingExpense' xlink:label='loc_GovernmentAssistanceOperatingExpense' xlink:type='locator' />
    <link:loc xlink:href='../elts/us-gaap-2024.xsd#us-gaap_CapitalizedCostsOfUnprovedPropertiesExcludedFromAmortizationCumulative' xlink:label='loc_CapitalizedCostsOfUnprovedPropertiesExcludedFromAmortizationCumulative' xlink:type='locator' />
    <link:loc xlink:href='../elts/us-gaap-2024.xsd#us-gaap_OilAndGasFullCostMethodCapitalizedCostExcludedFromAmortizationIncurredCurrentFiscalYear' xlink:label='loc_OilAndGasFullCostMethodCapitalizedCostExcludedFromAmortizationIncurredCurrentFiscalYear' xlink:type='locator' />
    <link:loc xlink:href='../elts/us-gaap-2024.xsd#us-gaap_OilAndGasFullCostMethodCapitalizedCostExcludedFromAmortizationAcquisitionCostIncurredCurrentFiscalYear' xlink:label='loc_OilAndGasFullCostMethodCapitalizedCostExcludedFromAmortizationAcquisitionCostIncurredCurrentFiscalYear' xlink:type='locator' />
    <link:loc xlink:href='../elts/us-gaap-2024.xsd#us-gaap_OilAndGasFullCostMethodCapitalizedCostExcludedFromAmortizationExplorationCostIncurredCurrentFiscalYear' xlink:label='loc_OilAndGasFullCostMethodCapitalizedCostExcludedFromAmortizationExplorationCostIncurredCurrentFiscalYear' xlink:type='locator' />
    <link:loc xlink:href='../elts/us-gaap-2024.xsd#us-gaap_OilAndGasFullCostMethodCapitalizedCostExcludedFromAmortizationDevelopmentCostIncurredCurrentFiscalYear' xlink:label='loc_OilAndGasFullCostMethodCapitalizedCostExcludedFromAmortizationDevelopmentCostIncurredCurrentFiscalYear' xlink:type='locator' />
    <link:loc xlink:href='../elts/us-gaap-2024.xsd#us-gaap_OilAndGasFullCostMethodCapitalizedCostExcludedFromAmortizationCapitalizedInterestIncurredCurrentFiscalYear' xlink:label='loc_OilAndGasFullCostMethodCapitalizedCostExcludedFromAmortizationCapitalizedInterestIncurredCurrentFiscalYear' xlink:type='locator' />
    <link:loc xlink:href='../elts/us-gaap-2024.xsd#us-gaap_OilAndGasFullCostMethodCapitalizedCostExcludedFromAmortizationIncurredFiscalYearBeforeCurrentFiscalYear' xlink:label='loc_OilAndGasFullCostMethodCapitalizedCostExcludedFromAmortizationIncurredFiscalYearBeforeCurrentFiscalYear' xlink:type='locator' />
    <link:loc xlink:href='../elts/us-gaap-2024.xsd#us-gaap_OilAndGasFullCostMethodCapitalizedCostExcludedFromAmortizationAcquisitionCostIncurredFiscalYearBeforeCurrentFiscalYear' xlink:label='loc_OilAndGasFullCostMethodCapitalizedCostExcludedFromAmortizationAcquisitionCostIncurredFiscalYearBeforeCurrentFiscalYear' xlink:type='locator' />
    <link:loc xlink:href='../elts/us-gaap-2024.xsd#us-gaap_OilAndGasFullCostMethodCapitalizedCostExcludedFromAmortizationExplorationCostIncurredFiscalYearBeforeCurrentFiscalYear' xlink:label='loc_OilAndGasFullCostMethodCapitalizedCostExcludedFromAmortizationExplorationCostIncurredFiscalYearBeforeCurrentFiscalYear' xlink:type='locator' />
    <link:loc xlink:href='../elts/us-gaap-2024.xsd#us-gaap_OilAndGasFullCostMethodCapitalizedCostExcludedFromAmortizationDevelopmentCostIncurredFiscalYearBeforeCurrentFiscalYear' xlink:label='loc_OilAndGasFullCostMethodCapitalizedCostExcludedFromAmortizationDevelopmentCostIncurredFiscalYearBeforeCurrentFiscalYear' xlink:type='locator' />
    <link:loc xlink:href='../elts/us-gaap-2024.xsd#us-gaap_OilAndGasFullCostMethodCapitalizedCostExcludedFromAmortizationCapitalizedInterestIncurredFiscalYearBeforeCurrentFiscalYear' xlink:label='loc_OilAndGasFullCostMethodCapitalizedCostExcludedFromAmortizationCapitalizedInterestIncurredFiscalYearBeforeCurrentFiscalYear' xlink:type='locator' />
    <link:loc xlink:href='../elts/us-gaap-2024.xsd#us-gaap_OilAndGasFullCostMethodCapitalizedCostExcludedFromAmortizationIncurredTwoYearsBeforeCurrentFiscalYear' xlink:label='loc_OilAndGasFullCostMethodCapitalizedCostExcludedFromAmortizationIncurredTwoYearsBeforeCurrentFiscalYear' xlink:type='locator' />
    <link:loc xlink:href='../elts/us-gaap-2024.xsd#us-gaap_OilAndGasFullCostMethodCapitalizedCostExcludedFromAmortizationAcquisitionCostIncurredTwoYearsBeforeCurrentFiscalYear' xlink:label='loc_OilAndGasFullCostMethodCapitalizedCostExcludedFromAmortizationAcquisitionCostIncurredTwoYearsBeforeCurrentFiscalYear' xlink:type='locator' />
    <link:loc xlink:href='../elts/us-gaap-2024.xsd#us-gaap_OilAndGasFullCostMethodCapitalizedCostExcludedFromAmortizationExplorationCostIncurredTwoYearsBeforeCurrentFiscalYear' xlink:label='loc_OilAndGasFullCostMethodCapitalizedCostExcludedFromAmortizationExplorationCostIncurredTwoYearsBeforeCurrentFiscalYear' xlink:type='locator' />
    <link:loc xlink:href='../elts/us-gaap-2024.xsd#us-gaap_OilAndGasFullCostMethodCapitalizedCostExcludedFromAmortizationDevelopmentCostIncurredTwoYearsBeforeCurrentFiscalYear' xlink:label='loc_OilAndGasFullCostMethodCapitalizedCostExcludedFromAmortizationDevelopmentCostIncurredTwoYearsBeforeCurrentFiscalYear' xlink:type='locator' />
    <link:loc xlink:href='../elts/us-gaap-2024.xsd#us-gaap_OilAndGasFullCostMethodCapitalizedCostExcludedFromAmortizationCapitalizedInterestIncurredTwoYearsBeforeCurrentFiscalYear' xlink:label='loc_OilAndGasFullCostMethodCapitalizedCostExcludedFromAmortizationCapitalizedInterestIncurredTwoYearsBeforeCurrentFiscalYear' xlink:type='locator' />
    <link:loc xlink:href='../elts/us-gaap-2024.xsd#us-gaap_OilAndGasFullCostMethodCapitalizedCostExcludedFromAmortizationIncurredMoreThanThreeYearsBeforeCurrentFiscalYear' xlink:label='loc_OilAndGasFullCostMethodCapitalizedCostExcludedFromAmortizationIncurredMoreThanThreeYearsBeforeCurrentFiscalYear' xlink:type='locator' />
    <link:loc xlink:href='../elts/us-gaap-2024.xsd#us-gaap_OilAndGasFullCostMethodCapitalizedCostExcludedFromAmortizationAcquisitionCostIncurredMoreThanThreeYearsBeforeCurrentFiscalYear' xlink:label='loc_OilAndGasFullCostMethodCapitalizedCostExcludedFromAmortizationAcquisitionCostIncurredMoreThanThreeYearsBeforeCurrentFiscalYear' xlink:type='locator' />
    <link:loc xlink:href='../elts/us-gaap-2024.xsd#us-gaap_OilAndGasFullCostMethodCapitalizedCostExcludedFromAmortizationExplorationCostIncurredMoreThanThreeYearsBeforeCurrentFiscalYear' xlink:label='loc_OilAndGasFullCostMethodCapitalizedCostExcludedFromAmortizationExplorationCostIncurredMoreThanThreeYearsBeforeCurrentFiscalYear' xlink:type='locator' />
    <link:loc xlink:href='../elts/us-gaap-2024.xsd#us-gaap_OilAndGasFullCostMethodCapitalizedCostExcludedFromAmortizationDevelopmentCostIncurredMoreThanThreeYearsBeforeCurrentFiscalYear' xlink:label='loc_OilAndGasFullCostMethodCapitalizedCostExcludedFromAmortizationDevelopmentCostIncurredMoreThanThreeYearsBeforeCurrentFiscalYear' xlink:type='locator' />
    <link:loc xlink:href='../elts/us-gaap-2024.xsd#us-gaap_OilAndGasFullCostMethodCapitalizedCostExcludedFromAmortizationCapitalizedInterestIncurredMoreThanThreeYearsBeforeCurrentFiscalYear' xlink:label='loc_OilAndGasFullCostMethodCapitalizedCostExcludedFromAmortizationCapitalizedInterestIncurredMoreThanThreeYearsBeforeCurrentFiscalYear' xlink:type='locator' />
    <link:loc xlink:href='https://xbrl.fasb.org/srt/2024/elts/srt-2024.xsd#srt_ProvedDevelopedAndUndevelopedReservesNet' xlink:label='loc_ProvedDevelopedAndUndevelopedReservesNet' xlink:type='locator' />
    <link:loc xlink:href='https://xbrl.fasb.org/srt/2024/elts/srt-2024.xsd#srt_ProvedDevelopedReservesVolume' xlink:label='loc_ProvedDevelopedReservesVolume' xlink:type='locator' />
    <link:loc xlink:href='https://xbrl.fasb.org/srt/2024/elts/srt-2024.xsd#srt_ProvedUndevelopedReserveVolume' xlink:label='loc_ProvedUndevelopedReserveVolume' xlink:type='locator' />
    <link:loc xlink:href='https://xbrl.fasb.org/srt/2024/elts/srt-2024.xsd#srt_ProvedDevelopedAndUndevelopedReserveNetEnergy' xlink:label='loc_ProvedDevelopedAndUndevelopedReserveNetEnergy' xlink:type='locator' />
    <link:loc xlink:href='https://xbrl.fasb.org/srt/2024/elts/srt-2024.xsd#srt_ProvedDevelopedReservesBOE1' xlink:label='loc_ProvedDevelopedReservesBOE1' xlink:type='locator' />
    <link:loc xlink:href='https://xbrl.fasb.org/srt/2024/elts/srt-2024.xsd#srt_ProvedUndevelopedReserveBOE1' xlink:label='loc_ProvedUndevelopedReserveBOE1' xlink:type='locator' />
    <link:calculationArc order='10' weight='1.0' xlink:arcrole='https://xbrl.org/2023/arcrole/summation-item' xlink:from='loc_FilmCosts' xlink:to='loc_FilmMonetizedOnItsOwnCapitalizedCost' xlink:type='arc' />
    <link:calculationArc order='10' weight='1.0' xlink:arcrole='https://xbrl.org/2023/arcrole/summation-item' xlink:from='loc_FilmMonetizedOnItsOwnCapitalizedCost' xlink:to='loc_FilmMonetizedOnItsOwnCapitalizedCostDevelopmentAndPreproduction' xlink:type='arc' />
    <link:calculationArc order='20' weight='1.0' xlink:arcrole='https://xbrl.org/2023/arcrole/summation-item' xlink:from='loc_FilmMonetizedOnItsOwnCapitalizedCost' xlink:to='loc_FilmMonetizedOnItsOwnCapitalizedCostProduction' xlink:type='arc' />
    <link:calculationArc order='30' weight='1.0' xlink:arcrole='https://xbrl.org/2023/arcrole/summation-item' xlink:from='loc_FilmMonetizedOnItsOwnCapitalizedCost' xlink:to='loc_FilmMonetizedOnItsOwnCapitalizedCostCompletedAndNotReleased' xlink:type='arc' />
    <link:calculationArc order='40' weight='1.0' xlink:arcrole='https://xbrl.org/2023/arcrole/summation-item' xlink:from='loc_FilmMonetizedOnItsOwnCapitalizedCost' xlink:to='loc_FilmMonetizedOnItsOwnCapitalizedCostReleased' xlink:type='arc' />
    <link:calculationArc order='20' weight='1.0' xlink:arcrole='https://xbrl.org/2023/arcrole/summation-item' xlink:from='loc_FilmCosts' xlink:to='loc_FilmMonetizedInFilmGroupCapitalizedCost' xlink:type='arc' />
    <link:calculationArc order='10' weight='1.0' xlink:arcrole='https://xbrl.org/2023/arcrole/summation-item' xlink:from='loc_FilmMonetizedInFilmGroupCapitalizedCost' xlink:to='loc_FilmMonetizedInFilmGroupCapitalizedCostDevelopmentAndPreproduction' xlink:type='arc' />
    <link:calculationArc order='20' weight='1.0' xlink:arcrole='https://xbrl.org/2023/arcrole/summation-item' xlink:from='loc_FilmMonetizedInFilmGroupCapitalizedCost' xlink:to='loc_FilmMonetizedInFilmGroupCapitalizedCostProduction' xlink:type='arc' />
    <link:calculationArc order='30' weight='1.0' xlink:arcrole='https://xbrl.org/2023/arcrole/summation-item' xlink:from='loc_FilmMonetizedInFilmGroupCapitalizedCost' xlink:to='loc_FilmMonetizedInFilmGroupCapitalizedCostCompletedAndNotReleased' xlink:type='arc' />
    <link:calculationArc order='40' weight='1.0' xlink:arcrole='https://xbrl.org/2023/arcrole/summation-item' xlink:from='loc_FilmMonetizedInFilmGroupCapitalizedCost' xlink:to='loc_FilmMonetizedInFilmGroupCapitalizedCostReleased' xlink:type='arc' />
    <link:calculationArc order='10' weight='1.0' xlink:arcrole='https://xbrl.org/2023/arcrole/summation-item' xlink:from='loc_FilmMonetizedOnItsOwnAndFilmMonetizedInFilmGroupAmortizationExpense' xlink:to='loc_FilmMonetizedOnItsOwnAmortizationExpense' xlink:type='arc' />
    <link:calculationArc order='20' weight='1.0' xlink:arcrole='https://xbrl.org/2023/arcrole/summation-item' xlink:from='loc_FilmMonetizedOnItsOwnAndFilmMonetizedInFilmGroupAmortizationExpense' xlink:to='loc_FilmMonetizedInFilmGroupAmortizationExpense' xlink:type='arc' />
    <link:calculationArc order='10' weight='1.0' xlink:arcrole='https://xbrl.org/2023/arcrole/summation-item' xlink:from='loc_GovernmentAssistanceAmountCumulative' xlink:to='loc_GovernmentAssistanceAmountCumulativeCurrent' xlink:type='arc' />
    <link:calculationArc order='20' weight='1.0' xlink:arcrole='https://xbrl.org/2023/arcrole/summation-item' xlink:from='loc_GovernmentAssistanceAmountCumulative' xlink:to='loc_GovernmentAssistanceAmountCumulativeNoncurrent' xlink:type='arc' />
    <link:calculationArc order='10' weight='1.0' xlink:arcrole='https://xbrl.org/2023/arcrole/summation-item' xlink:from='loc_GovernmentAssistanceAssetIncrease' xlink:to='loc_GovernmentAssistanceAssetIncreaseCurrent' xlink:type='arc' />
    <link:calculationArc order='20' weight='1.0' xlink:arcrole='https://xbrl.org/2023/arcrole/summation-item' xlink:from='loc_GovernmentAssistanceAssetIncrease' xlink:to='loc_GovernmentAssistanceAssetIncreaseNoncurrent' xlink:type='arc' />
    <link:calculationArc order='10' weight='1.0' xlink:arcrole='https://xbrl.org/2023/arcrole/summation-item' xlink:from='loc_GovernmentAssistanceAssetDecrease' xlink:to='loc_GovernmentAssistanceAssetDecreaseCurrent' xlink:type='arc' />
    <link:calculationArc order='20' weight='1.0' xlink:arcrole='https://xbrl.org/2023/arcrole/summation-item' xlink:from='loc_GovernmentAssistanceAssetDecrease' xlink:to='loc_GovernmentAssistanceAssetDecreaseNoncurrent' xlink:type='arc' />
    <link:calculationArc order='10' weight='1.0' xlink:arcrole='https://xbrl.org/2023/arcrole/summation-item' xlink:from='loc_GovernmentAssistanceLiability' xlink:to='loc_GovernmentAssistanceLiabilityCurrent' xlink:type='arc' />
    <link:calculationArc order='20' weight='1.0' xlink:arcrole='https://xbrl.org/2023/arcrole/summation-item' xlink:from='loc_GovernmentAssistanceLiability' xlink:to='loc_GovernmentAssistanceLiabilityNoncurrent' xlink:type='arc' />
    <link:calculationArc order='10' weight='1.0' xlink:arcrole='https://xbrl.org/2023/arcrole/summation-item' xlink:from='loc_GovernmentAssistanceLiabilityIncrease' xlink:to='loc_GovernmentAssistanceLiabilityIncreaseCurrent' xlink:type='arc' />
    <link:calculationArc order='20' weight='1.0' xlink:arcrole='https://xbrl.org/2023/arcrole/summation-item' xlink:from='loc_GovernmentAssistanceLiabilityIncrease' xlink:to='loc_GovernmentAssistanceLiabilityIncreaseNoncurrent' xlink:type='arc' />
    <link:calculationArc order='10' weight='1.0' xlink:arcrole='https://xbrl.org/2023/arcrole/summation-item' xlink:from='loc_GovernmentAssistanceLiabilityDecrease' xlink:to='loc_GovernmentAssistanceLiabilityDecreaseCurrent' xlink:type='arc' />
    <link:calculationArc order='20' weight='1.0' xlink:arcrole='https://xbrl.org/2023/arcrole/summation-item' xlink:from='loc_GovernmentAssistanceLiabilityDecrease' xlink:to='loc_GovernmentAssistanceLiabilityDecreaseNoncurrent' xlink:type='arc' />
    <link:calculationArc order='10' weight='1.0' xlink:arcrole='https://xbrl.org/2023/arcrole/summation-item' xlink:from='loc_GovernmentAssistanceAmount' xlink:to='loc_GovernmentAssistanceNonoperatingIncome' xlink:type='arc' />
    <link:calculationArc order='20' weight='1.0' xlink:arcrole='https://xbrl.org/2023/arcrole/summation-item' xlink:from='loc_GovernmentAssistanceAmount' xlink:to='loc_GovernmentAssistanceOperatingIncome' xlink:type='arc' />
    <link:calculationArc order='10' weight='1.0' xlink:arcrole='https://xbrl.org/2023/arcrole/summation-item' xlink:from='loc_GovernmentAssistanceExpense' xlink:to='loc_GovernmentAssistanceNonoperatingExpense' xlink:type='arc' />
    <link:calculationArc order='20' weight='1.0' xlink:arcrole='https://xbrl.org/2023/arcrole/summation-item' xlink:from='loc_GovernmentAssistanceExpense' xlink:to='loc_GovernmentAssistanceOperatingExpense' xlink:type='arc' />
    <link:calculationArc order='10' weight='1.0' xlink:arcrole='https://xbrl.org/2023/arcrole/summation-item' xlink:from='loc_CapitalizedCostsOfUnprovedPropertiesExcludedFromAmortizationCumulative' xlink:to='loc_OilAndGasFullCostMethodCapitalizedCostExcludedFromAmortizationIncurredCurrentFiscalYear' xlink:type='arc' />
    <link:calculationArc order='10' weight='1.0' xlink:arcrole='https://xbrl.org/2023/arcrole/summation-item' xlink:from='loc_OilAndGasFullCostMethodCapitalizedCostExcludedFromAmortizationIncurredCurrentFiscalYear' xlink:to='loc_OilAndGasFullCostMethodCapitalizedCostExcludedFromAmortizationAcquisitionCostIncurredCurrentFiscalYear' xlink:type='arc' />
    <link:calculationArc order='20' weight='1.0' xlink:arcrole='https://xbrl.org/2023/arcrole/summation-item' xlink:from='loc_OilAndGasFullCostMethodCapitalizedCostExcludedFromAmortizationIncurredCurrentFiscalYear' xlink:to='loc_OilAndGasFullCostMethodCapitalizedCostExcludedFromAmortizationExplorationCostIncurredCurrentFiscalYear' xlink:type='arc' />
    <link:calculationArc order='30' weight='1.0' xlink:arcrole='https://xbrl.org/2023/arcrole/summation-item' xlink:from='loc_OilAndGasFullCostMethodCapitalizedCostExcludedFromAmortizationIncurredCurrentFiscalYear' xlink:to='loc_OilAndGasFullCostMethodCapitalizedCostExcludedFromAmortizationDevelopmentCostIncurredCurrentFiscalYear' xlink:type='arc' />
    <link:calculationArc order='40' weight='1.0' xlink:arcrole='https://xbrl.org/2023/arcrole/summation-item' xlink:from='loc_OilAndGasFullCostMethodCapitalizedCostExcludedFromAmortizationIncurredCurrentFiscalYear' xlink:to='loc_OilAndGasFullCostMethodCapitalizedCostExcludedFromAmortizationCapitalizedInterestIncurredCurrentFiscalYear' xlink:type='arc' />
    <link:calculationArc order='20' weight='1.0' xlink:arcrole='https://xbrl.org/2023/arcrole/summation-item' xlink:from='loc_CapitalizedCostsOfUnprovedPropertiesExcludedFromAmortizationCumulative' xlink:to='loc_OilAndGasFullCostMethodCapitalizedCostExcludedFromAmortizationIncurredFiscalYearBeforeCurrentFiscalYear' xlink:type='arc' />
    <link:calculationArc order='10' weight='1.0' xlink:arcrole='https://xbrl.org/2023/arcrole/summation-item' xlink:from='loc_OilAndGasFullCostMethodCapitalizedCostExcludedFromAmortizationIncurredFiscalYearBeforeCurrentFiscalYear' xlink:to='loc_OilAndGasFullCostMethodCapitalizedCostExcludedFromAmortizationAcquisitionCostIncurredFiscalYearBeforeCurrentFiscalYear' xlink:type='arc' />
    <link:calculationArc order='20' weight='1.0' xlink:arcrole='https://xbrl.org/2023/arcrole/summation-item' xlink:from='loc_OilAndGasFullCostMethodCapitalizedCostExcludedFromAmortizationIncurredFiscalYearBeforeCurrentFiscalYear' xlink:to='loc_OilAndGasFullCostMethodCapitalizedCostExcludedFromAmortizationExplorationCostIncurredFiscalYearBeforeCurrentFiscalYear' xlink:type='arc' />
    <link:calculationArc order='30' weight='1.0' xlink:arcrole='https://xbrl.org/2023/arcrole/summation-item' xlink:from='loc_OilAndGasFullCostMethodCapitalizedCostExcludedFromAmortizationIncurredFiscalYearBeforeCurrentFiscalYear' xlink:to='loc_OilAndGasFullCostMethodCapitalizedCostExcludedFromAmortizationDevelopmentCostIncurredFiscalYearBeforeCurrentFiscalYear' xlink:type='arc' />
    <link:calculationArc order='40' weight='1.0' xlink:arcrole='https://xbrl.org/2023/arcrole/summation-item' xlink:from='loc_OilAndGasFullCostMethodCapitalizedCostExcludedFromAmortizationIncurredFiscalYearBeforeCurrentFiscalYear' xlink:to='loc_OilAndGasFullCostMethodCapitalizedCostExcludedFromAmortizationCapitalizedInterestIncurredFiscalYearBeforeCurrentFiscalYear' xlink:type='arc' />
    <link:calculationArc order='30' weight='1.0' xlink:arcrole='https://xbrl.org/2023/arcrole/summation-item' xlink:from='loc_CapitalizedCostsOfUnprovedPropertiesExcludedFromAmortizationCumulative' xlink:to='loc_OilAndGasFullCostMethodCapitalizedCostExcludedFromAmortizationIncurredTwoYearsBeforeCurrentFiscalYear' xlink:type='arc' />
    <link:calculationArc order='10' weight='1.0' xlink:arcrole='https://xbrl.org/2023/arcrole/summation-item' xlink:from='loc_OilAndGasFullCostMethodCapitalizedCostExcludedFromAmortizationIncurredTwoYearsBeforeCurrentFiscalYear' xlink:to='loc_OilAndGasFullCostMethodCapitalizedCostExcludedFromAmortizationAcquisitionCostIncurredTwoYearsBeforeCurrentFiscalYear' xlink:type='arc' />
    <link:calculationArc order='20' weight='1.0' xlink:arcrole='https://xbrl.org/2023/arcrole/summation-item' xlink:from='loc_OilAndGasFullCostMethodCapitalizedCostExcludedFromAmortizationIncurredTwoYearsBeforeCurrentFiscalYear' xlink:to='loc_OilAndGasFullCostMethodCapitalizedCostExcludedFromAmortizationExplorationCostIncurredTwoYearsBeforeCurrentFiscalYear' xlink:type='arc' />
    <link:calculationArc order='30' weight='1.0' xlink:arcrole='https://xbrl.org/2023/arcrole/summation-item' xlink:from='loc_OilAndGasFullCostMethodCapitalizedCostExcludedFromAmortizationIncurredTwoYearsBeforeCurrentFiscalYear' xlink:to='loc_OilAndGasFullCostMethodCapitalizedCostExcludedFromAmortizationDevelopmentCostIncurredTwoYearsBeforeCurrentFiscalYear' xlink:type='arc' />
    <link:calculationArc order='40' weight='1.0' xlink:arcrole='https://xbrl.org/2023/arcrole/summation-item' xlink:from='loc_OilAndGasFullCostMethodCapitalizedCostExcludedFromAmortizationIncurredTwoYearsBeforeCurrentFiscalYear' xlink:to='loc_OilAndGasFullCostMethodCapitalizedCostExcludedFromAmortizationCapitalizedInterestIncurredTwoYearsBeforeCurrentFiscalYear' xlink:type='arc' />
    <link:calculationArc order='40' weight='1.0' xlink:arcrole='https://xbrl.org/2023/arcrole/summation-item' xlink:from='loc_CapitalizedCostsOfUnprovedPropertiesExcludedFromAmortizationCumulative' xlink:to='loc_OilAndGasFullCostMethodCapitalizedCostExcludedFromAmortizationIncurredMoreThanThreeYearsBeforeCurrentFiscalYear' xlink:type='arc' />
    <link:calculationArc order='10' weight='1.0' xlink:arcrole='https://xbrl.org/2023/arcrole/summation-item' xlink:from='loc_OilAndGasFullCostMethodCapitalizedCostExcludedFromAmortizationIncurredMoreThanThreeYearsBeforeCurrentFiscalYear' xlink:to='loc_OilAndGasFullCostMethodCapitalizedCostExcludedFromAmortizationAcquisitionCostIncurredMoreThanThreeYearsBeforeCurrentFiscalYear' xlink:type='arc' />
    <link:calculationArc order='20' weight='1.0' xlink:arcrole='https://xbrl.org/2023/arcrole/summation-item' xlink:from='loc_OilAndGasFullCostMethodCapitalizedCostExcludedFromAmortizationIncurredMoreThanThreeYearsBeforeCurrentFiscalYear' xlink:to='loc_OilAndGasFullCostMethodCapitalizedCostExcludedFromAmortizationExplorationCostIncurredMoreThanThreeYearsBeforeCurrentFiscalYear' xlink:type='arc' />
    <link:calculationArc order='30' weight='1.0' xlink:arcrole='https://xbrl.org/2023/arcrole/summation-item' xlink:from='loc_OilAndGasFullCostMethodCapitalizedCostExcludedFromAmortizationIncurredMoreThanThreeYearsBeforeCurrentFiscalYear' xlink:to='loc_OilAndGasFullCostMethodCapitalizedCostExcludedFromAmortizationDevelopmentCostIncurredMoreThanThreeYearsBeforeCurrentFiscalYear' xlink:type='arc' />
    <link:calculationArc order='40' weight='1.0' xlink:arcrole='https://xbrl.org/2023/arcrole/summation-item' xlink:from='loc_OilAndGasFullCostMethodCapitalizedCostExcludedFromAmortizationIncurredMoreThanThreeYearsBeforeCurrentFiscalYear' xlink:to='loc_OilAndGasFullCostMethodCapitalizedCostExcludedFromAmortizationCapitalizedInterestIncurredMoreThanThreeYearsBeforeCurrentFiscalYear' xlink:type='arc' />
    <link:calculationArc order='10' weight='1.0' xlink:arcrole='https://xbrl.org/2023/arcrole/summation-item' xlink:from='loc_ProvedDevelopedAndUndevelopedReservesNet' xlink:to='loc_ProvedDevelopedReservesVolume' xlink:type='arc' />
    <link:calculationArc order='20' weight='1.0' xlink:arcrole='https://xbrl.org/2023/arcrole/summation-item' xlink:from='loc_ProvedDevelopedAndUndevelopedReservesNet' xlink:to='loc_ProvedUndevelopedReserveVolume' xlink:type='arc' />
    <link:calculationArc order='10' weight='1.0' xlink:arcrole='https://xbrl.org/2023/arcrole/summation-item' xlink:from='loc_ProvedDevelopedAndUndevelopedReserveNetEnergy' xlink:to='loc_ProvedDevelopedReservesBOE1' xlink:type='arc' />
    <link:calculationArc order='20' weight='1.0' xlink:arcrole='https://xbrl.org/2023/arcrole/summation-item' xlink:from='loc_ProvedDevelopedAndUndevelopedReserveNetEnergy' xlink:to='loc_ProvedUndevelopedReserveBOE1' xlink:type='arc' />
  </link:calculationLink>
</link:linkbase>
