<?xml version='1.0' encoding='UTF-8'?>

<!--
(c) 2010-2024 Financial Accounting Foundation; (c) 2007-2010 XBRL US, Inc.  All Rights Reserved.
Notice: Authorized Uses are Set Forth at https://xbrl.fasb.org/terms/TaxonomiesTermsConditions.html
  -->
<link:linkbase xmlns:link='http://www.xbrl.org/2003/linkbase' xmlns:xlink='http://www.w3.org/1999/xlink' xmlns:xsi='http://www.w3.org/2001/XMLSchema-instance' xsi:schemaLocation='http://www.xbrl.org/2003/linkbase http://www.xbrl.org/2003/xbrl-linkbase-2003-12-31.xsd'>  <link:arcroleRef arcroleURI='https://xbrl.org/2023/arcrole/summation-item' xlink:href='https://www.xbrl.org/2023/calculation-1.1.xsd#summation-item' xlink:type='simple'/>
  <link:roleRef roleURI='http://fasb.org/us-gaap/role/disclosure/Leases842' xlink:href='../elts/us-roles-2024.xsd#leas' xlink:type='simple' />
  <link:calculationLink xlink:role='http://fasb.org/us-gaap/role/disclosure/Leases842' xlink:type='extended'>
    <link:loc xlink:href='../elts/us-gaap-2024.xsd#us-gaap_LeveragedLeasesBalanceSheetInvestmentInLeveragedLeasesNet' xlink:label='loc_LeveragedLeasesBalanceSheetInvestmentInLeveragedLeasesNet' xlink:type='locator' />
    <link:loc xlink:href='../elts/us-gaap-2024.xsd#us-gaap_LeveragedLeasesBalanceSheetInvestmentInLeveragedLeases' xlink:label='loc_LeveragedLeasesBalanceSheetInvestmentInLeveragedLeases' xlink:type='locator' />
    <link:loc xlink:href='../elts/us-gaap-2024.xsd#us-gaap_LeveragedLeasesBalanceSheetDeferredTaxesArisingFromLeveragedLeases' xlink:label='loc_LeveragedLeasesBalanceSheetDeferredTaxesArisingFromLeveragedLeases' xlink:type='locator' />
    <link:loc xlink:href='../elts/us-gaap-2024.xsd#us-gaap_LeveragedLeasesNetInvestmentInLeveragedLeasesDisclosureInvestmentInLeveragedLeasesNet' xlink:label='loc_LeveragedLeasesNetInvestmentInLeveragedLeasesDisclosureInvestmentInLeveragedLeasesNet' xlink:type='locator' />
    <link:loc xlink:href='../elts/us-gaap-2024.xsd#us-gaap_LeveragedLeasesNetInvestmentInLeveragedLeasesDisclosureInvestmentTaxCreditReceivable' xlink:label='loc_LeveragedLeasesNetInvestmentInLeveragedLeasesDisclosureInvestmentTaxCreditReceivable' xlink:type='locator' />
    <link:loc xlink:href='../elts/us-gaap-2024.xsd#us-gaap_LeveragedLeasesNetInvestmentInLeveragedLeasesDisclosureResidualValueOfLeasedAssets' xlink:label='loc_LeveragedLeasesNetInvestmentInLeveragedLeasesDisclosureResidualValueOfLeasedAssets' xlink:type='locator' />
    <link:loc xlink:href='../elts/us-gaap-2024.xsd#us-gaap_LeveragedLeasesNetInvestmentInLeveragedLeasesDisclosureDeferredIncome' xlink:label='loc_LeveragedLeasesNetInvestmentInLeveragedLeasesDisclosureDeferredIncome' xlink:type='locator' />
    <link:loc xlink:href='../elts/us-gaap-2024.xsd#us-gaap_LeveragedLeasesNetInvestmentInLeveragedLeasesDisclosureDeferredTaxesArisingFromLeveragedLeases' xlink:label='loc_LeveragedLeasesNetInvestmentInLeveragedLeasesDisclosureDeferredTaxesArisingFromLeveragedLeases' xlink:type='locator' />
    <link:loc xlink:href='../elts/us-gaap-2024.xsd#us-gaap_LeveragedLeasesNetInvestmentInLeveragedLeasesDisclosureRentalReceivablesNet' xlink:label='loc_LeveragedLeasesNetInvestmentInLeveragedLeasesDisclosureRentalReceivablesNet' xlink:type='locator' />
    <link:loc xlink:href='../elts/us-gaap-2024.xsd#us-gaap_LeveragedLeasesNetInvestmentInLeveragedLeasesDisclosureRentalReceivablesGross' xlink:label='loc_LeveragedLeasesNetInvestmentInLeveragedLeasesDisclosureRentalReceivablesGross' xlink:type='locator' />
    <link:loc xlink:href='../elts/us-gaap-2024.xsd#us-gaap_LeveragedLeasesNetInvestmentInLeveragedLeasesDisclosureNonrecourseDebtService' xlink:label='loc_LeveragedLeasesNetInvestmentInLeveragedLeasesDisclosureNonrecourseDebtService' xlink:type='locator' />
    <link:loc xlink:href='../elts/us-gaap-2024.xsd#us-gaap_SaleLeasebackTransactionNetBookValue' xlink:label='loc_SaleLeasebackTransactionNetBookValue' xlink:type='locator' />
    <link:loc xlink:href='../elts/us-gaap-2024.xsd#us-gaap_SaleLeasebackTransactionHistoricalCost' xlink:label='loc_SaleLeasebackTransactionHistoricalCost' xlink:type='locator' />
    <link:loc xlink:href='../elts/us-gaap-2024.xsd#us-gaap_SaleLeasebackTransactionAccumulatedDepreciation' xlink:label='loc_SaleLeasebackTransactionAccumulatedDepreciation' xlink:type='locator' />
    <link:loc xlink:href='../elts/us-gaap-2024.xsd#us-gaap_FinanceLeaseRightOfUseAsset' xlink:label='loc_FinanceLeaseRightOfUseAsset' xlink:type='locator' />
    <link:loc xlink:href='../elts/us-gaap-2024.xsd#us-gaap_FinanceLeaseRightOfUseAssetBeforeAccumulatedAmortization' xlink:label='loc_FinanceLeaseRightOfUseAssetBeforeAccumulatedAmortization' xlink:type='locator' />
    <link:loc xlink:href='../elts/us-gaap-2024.xsd#us-gaap_FinanceLeaseRightOfUseAssetAccumulatedAmortization' xlink:label='loc_FinanceLeaseRightOfUseAssetAccumulatedAmortization' xlink:type='locator' />
    <link:loc xlink:href='../elts/us-gaap-2024.xsd#us-gaap_PropertyPlantAndEquipmentAndFinanceLeaseRightOfUseAssetAfterAccumulatedDepreciationAndAmortization' xlink:label='loc_PropertyPlantAndEquipmentAndFinanceLeaseRightOfUseAssetAfterAccumulatedDepreciationAndAmortization' xlink:type='locator' />
    <link:loc xlink:href='../elts/us-gaap-2024.xsd#us-gaap_PropertyPlantAndEquipmentAndFinanceLeaseRightOfUseAssetBeforeAccumulatedDepreciationAndAmortization' xlink:label='loc_PropertyPlantAndEquipmentAndFinanceLeaseRightOfUseAssetBeforeAccumulatedDepreciationAndAmortization' xlink:type='locator' />
    <link:loc xlink:href='../elts/us-gaap-2024.xsd#us-gaap_PropertyPlantAndEquipmentGross' xlink:label='loc_PropertyPlantAndEquipmentGross' xlink:type='locator' />
    <link:loc xlink:href='../elts/us-gaap-2024.xsd#us-gaap_PropertyPlantAndEquipmentAndFinanceLeaseRightOfUseAssetAccumulatedDepreciationAndAmortization' xlink:label='loc_PropertyPlantAndEquipmentAndFinanceLeaseRightOfUseAssetAccumulatedDepreciationAndAmortization' xlink:type='locator' />
    <link:loc xlink:href='../elts/us-gaap-2024.xsd#us-gaap_AccumulatedDepreciationDepletionAndAmortizationPropertyPlantAndEquipment' xlink:label='loc_AccumulatedDepreciationDepletionAndAmortizationPropertyPlantAndEquipment' xlink:type='locator' />
    <link:loc xlink:href='../elts/us-gaap-2024.xsd#us-gaap_NetInvestmentInLease' xlink:label='loc_NetInvestmentInLease' xlink:type='locator' />
    <link:loc xlink:href='../elts/us-gaap-2024.xsd#us-gaap_NetInvestmentInLeaseCurrent' xlink:label='loc_NetInvestmentInLeaseCurrent' xlink:type='locator' />
    <link:loc xlink:href='../elts/us-gaap-2024.xsd#us-gaap_NetInvestmentInLeaseNoncurrent' xlink:label='loc_NetInvestmentInLeaseNoncurrent' xlink:type='locator' />
    <link:loc xlink:href='../elts/us-gaap-2024.xsd#us-gaap_SalesTypeLeaseNetInvestmentInLease' xlink:label='loc_SalesTypeLeaseNetInvestmentInLease' xlink:type='locator' />
    <link:loc xlink:href='../elts/us-gaap-2024.xsd#us-gaap_SalesTypeLeaseNetInvestmentInLeaseBeforeAllowanceForCreditLossCurrent' xlink:label='loc_SalesTypeLeaseNetInvestmentInLeaseBeforeAllowanceForCreditLossCurrent' xlink:type='locator' />
    <link:loc xlink:href='../elts/us-gaap-2024.xsd#us-gaap_SalesTypeLeaseNetInvestmentInLeaseBeforeAllowanceForCreditLossNoncurrent' xlink:label='loc_SalesTypeLeaseNetInvestmentInLeaseBeforeAllowanceForCreditLossNoncurrent' xlink:type='locator' />
    <link:loc xlink:href='../elts/us-gaap-2024.xsd#us-gaap_DirectFinancingLeaseNetInvestmentInLease' xlink:label='loc_DirectFinancingLeaseNetInvestmentInLease' xlink:type='locator' />
    <link:loc xlink:href='../elts/us-gaap-2024.xsd#us-gaap_DirectFinancingLeaseNetInvestmentInLeaseBeforeAllowanceForCreditLossCurrent' xlink:label='loc_DirectFinancingLeaseNetInvestmentInLeaseBeforeAllowanceForCreditLossCurrent' xlink:type='locator' />
    <link:loc xlink:href='../elts/us-gaap-2024.xsd#us-gaap_DirectFinancingLeaseNetInvestmentInLeaseBeforeAllowanceForCreditLossNoncurrent' xlink:label='loc_DirectFinancingLeaseNetInvestmentInLeaseBeforeAllowanceForCreditLossNoncurrent' xlink:type='locator' />
    <link:loc xlink:href='../elts/us-gaap-2024.xsd#us-gaap_PropertyPlantAndEquipmentExcludingLessorAssetUnderOperatingLeaseAfterAccumulatedDepreciation' xlink:label='loc_PropertyPlantAndEquipmentExcludingLessorAssetUnderOperatingLeaseAfterAccumulatedDepreciation' xlink:type='locator' />
    <link:loc xlink:href='../elts/us-gaap-2024.xsd#us-gaap_PropertyPlantAndEquipmentExcludingLessorAssetUnderOperatingLeaseBeforeAccumulatedDepreciation' xlink:label='loc_PropertyPlantAndEquipmentExcludingLessorAssetUnderOperatingLeaseBeforeAccumulatedDepreciation' xlink:type='locator' />
    <link:loc xlink:href='../elts/us-gaap-2024.xsd#us-gaap_PropertyPlantAndEquipmentExcludingLessorAssetUnderOperatingLeaseAccumulatedDepreciation' xlink:label='loc_PropertyPlantAndEquipmentExcludingLessorAssetUnderOperatingLeaseAccumulatedDepreciation' xlink:type='locator' />
    <link:loc xlink:href='../elts/us-gaap-2024.xsd#us-gaap_Depreciation' xlink:label='loc_Depreciation' xlink:type='locator' />
    <link:loc xlink:href='../elts/us-gaap-2024.xsd#us-gaap_DepreciationExcludingLessorAssetUnderOperatingLease' xlink:label='loc_DepreciationExcludingLessorAssetUnderOperatingLease' xlink:type='locator' />
    <link:loc xlink:href='../elts/us-gaap-2024.xsd#us-gaap_OperatingLeasesIncomeStatementDepreciationExpenseOnPropertySubjectToOrHeldForLease' xlink:label='loc_OperatingLeasesIncomeStatementDepreciationExpenseOnPropertySubjectToOrHeldForLease' xlink:type='locator' />
    <link:loc xlink:href='../elts/us-gaap-2024.xsd#us-gaap_PropertySubjectToOrAvailableForOperatingLeaseNet' xlink:label='loc_PropertySubjectToOrAvailableForOperatingLeaseNet' xlink:type='locator' />
    <link:loc xlink:href='../elts/us-gaap-2024.xsd#us-gaap_PropertySubjectToOrAvailableForOperatingLeaseGross' xlink:label='loc_PropertySubjectToOrAvailableForOperatingLeaseGross' xlink:type='locator' />
    <link:loc xlink:href='../elts/us-gaap-2024.xsd#us-gaap_PropertySubjectToOrAvailableForOperatingLeaseAccumulatedDepreciation' xlink:label='loc_PropertySubjectToOrAvailableForOperatingLeaseAccumulatedDepreciation' xlink:type='locator' />
    <link:calculationArc order='10' weight='1.0' xlink:arcrole='https://xbrl.org/2023/arcrole/summation-item' xlink:from='loc_LeveragedLeasesBalanceSheetInvestmentInLeveragedLeasesNet' xlink:to='loc_LeveragedLeasesBalanceSheetInvestmentInLeveragedLeases' xlink:type='arc' />
    <link:calculationArc order='20' weight='-1.0' xlink:arcrole='https://xbrl.org/2023/arcrole/summation-item' xlink:from='loc_LeveragedLeasesBalanceSheetInvestmentInLeveragedLeasesNet' xlink:to='loc_LeveragedLeasesBalanceSheetDeferredTaxesArisingFromLeveragedLeases' xlink:type='arc' />
    <link:calculationArc order='10' weight='1.0' xlink:arcrole='https://xbrl.org/2023/arcrole/summation-item' xlink:from='loc_LeveragedLeasesNetInvestmentInLeveragedLeasesDisclosureInvestmentInLeveragedLeasesNet' xlink:to='loc_LeveragedLeasesNetInvestmentInLeveragedLeasesDisclosureInvestmentTaxCreditReceivable' xlink:type='arc' />
    <link:calculationArc order='20' weight='1.0' xlink:arcrole='https://xbrl.org/2023/arcrole/summation-item' xlink:from='loc_LeveragedLeasesNetInvestmentInLeveragedLeasesDisclosureInvestmentInLeveragedLeasesNet' xlink:to='loc_LeveragedLeasesNetInvestmentInLeveragedLeasesDisclosureResidualValueOfLeasedAssets' xlink:type='arc' />
    <link:calculationArc order='30' weight='-1.0' xlink:arcrole='https://xbrl.org/2023/arcrole/summation-item' xlink:from='loc_LeveragedLeasesNetInvestmentInLeveragedLeasesDisclosureInvestmentInLeveragedLeasesNet' xlink:to='loc_LeveragedLeasesNetInvestmentInLeveragedLeasesDisclosureDeferredIncome' xlink:type='arc' />
    <link:calculationArc order='40' weight='-1.0' xlink:arcrole='https://xbrl.org/2023/arcrole/summation-item' xlink:from='loc_LeveragedLeasesNetInvestmentInLeveragedLeasesDisclosureInvestmentInLeveragedLeasesNet' xlink:to='loc_LeveragedLeasesNetInvestmentInLeveragedLeasesDisclosureDeferredTaxesArisingFromLeveragedLeases' xlink:type='arc' />
    <link:calculationArc order='50' weight='1.0' xlink:arcrole='https://xbrl.org/2023/arcrole/summation-item' xlink:from='loc_LeveragedLeasesNetInvestmentInLeveragedLeasesDisclosureInvestmentInLeveragedLeasesNet' xlink:to='loc_LeveragedLeasesNetInvestmentInLeveragedLeasesDisclosureRentalReceivablesNet' xlink:type='arc' />
    <link:calculationArc order='10' weight='1.0' xlink:arcrole='https://xbrl.org/2023/arcrole/summation-item' xlink:from='loc_LeveragedLeasesNetInvestmentInLeveragedLeasesDisclosureRentalReceivablesNet' xlink:to='loc_LeveragedLeasesNetInvestmentInLeveragedLeasesDisclosureRentalReceivablesGross' xlink:type='arc' />
    <link:calculationArc order='20' weight='-1.0' xlink:arcrole='https://xbrl.org/2023/arcrole/summation-item' xlink:from='loc_LeveragedLeasesNetInvestmentInLeveragedLeasesDisclosureRentalReceivablesNet' xlink:to='loc_LeveragedLeasesNetInvestmentInLeveragedLeasesDisclosureNonrecourseDebtService' xlink:type='arc' />
    <link:calculationArc order='10' weight='1.0' xlink:arcrole='https://xbrl.org/2023/arcrole/summation-item' xlink:from='loc_SaleLeasebackTransactionNetBookValue' xlink:to='loc_SaleLeasebackTransactionHistoricalCost' xlink:type='arc' />
    <link:calculationArc order='20' weight='-1.0' xlink:arcrole='https://xbrl.org/2023/arcrole/summation-item' xlink:from='loc_SaleLeasebackTransactionNetBookValue' xlink:to='loc_SaleLeasebackTransactionAccumulatedDepreciation' xlink:type='arc' />
    <link:calculationArc order='10' weight='1.0' xlink:arcrole='https://xbrl.org/2023/arcrole/summation-item' xlink:from='loc_FinanceLeaseRightOfUseAsset' xlink:to='loc_FinanceLeaseRightOfUseAssetBeforeAccumulatedAmortization' xlink:type='arc' />
    <link:calculationArc order='20' weight='-1.0' xlink:arcrole='https://xbrl.org/2023/arcrole/summation-item' xlink:from='loc_FinanceLeaseRightOfUseAsset' xlink:to='loc_FinanceLeaseRightOfUseAssetAccumulatedAmortization' xlink:type='arc' />
    <link:calculationArc order='10' weight='1.0' xlink:arcrole='https://xbrl.org/2023/arcrole/summation-item' xlink:from='loc_PropertyPlantAndEquipmentAndFinanceLeaseRightOfUseAssetAfterAccumulatedDepreciationAndAmortization' xlink:to='loc_PropertyPlantAndEquipmentAndFinanceLeaseRightOfUseAssetBeforeAccumulatedDepreciationAndAmortization' xlink:type='arc' />
    <link:calculationArc order='10' weight='1.0' xlink:arcrole='https://xbrl.org/2023/arcrole/summation-item' xlink:from='loc_PropertyPlantAndEquipmentAndFinanceLeaseRightOfUseAssetBeforeAccumulatedDepreciationAndAmortization' xlink:to='loc_FinanceLeaseRightOfUseAssetBeforeAccumulatedAmortization' xlink:type='arc' />
    <link:calculationArc order='20' weight='1.0' xlink:arcrole='https://xbrl.org/2023/arcrole/summation-item' xlink:from='loc_PropertyPlantAndEquipmentAndFinanceLeaseRightOfUseAssetBeforeAccumulatedDepreciationAndAmortization' xlink:to='loc_PropertyPlantAndEquipmentGross' xlink:type='arc' />
    <link:calculationArc order='20' weight='-1.0' xlink:arcrole='https://xbrl.org/2023/arcrole/summation-item' xlink:from='loc_PropertyPlantAndEquipmentAndFinanceLeaseRightOfUseAssetAfterAccumulatedDepreciationAndAmortization' xlink:to='loc_PropertyPlantAndEquipmentAndFinanceLeaseRightOfUseAssetAccumulatedDepreciationAndAmortization' xlink:type='arc' />
    <link:calculationArc order='10' weight='1.0' xlink:arcrole='https://xbrl.org/2023/arcrole/summation-item' xlink:from='loc_PropertyPlantAndEquipmentAndFinanceLeaseRightOfUseAssetAccumulatedDepreciationAndAmortization' xlink:to='loc_AccumulatedDepreciationDepletionAndAmortizationPropertyPlantAndEquipment' xlink:type='arc' />
    <link:calculationArc order='20' weight='1.0' xlink:arcrole='https://xbrl.org/2023/arcrole/summation-item' xlink:from='loc_PropertyPlantAndEquipmentAndFinanceLeaseRightOfUseAssetAccumulatedDepreciationAndAmortization' xlink:to='loc_FinanceLeaseRightOfUseAssetAccumulatedAmortization' xlink:type='arc' />
    <link:calculationArc order='10' weight='1.0' xlink:arcrole='https://xbrl.org/2023/arcrole/summation-item' xlink:from='loc_NetInvestmentInLease' xlink:to='loc_NetInvestmentInLeaseCurrent' xlink:type='arc' />
    <link:calculationArc order='20' weight='1.0' xlink:arcrole='https://xbrl.org/2023/arcrole/summation-item' xlink:from='loc_NetInvestmentInLease' xlink:to='loc_NetInvestmentInLeaseNoncurrent' xlink:type='arc' />
    <link:calculationArc order='10' weight='1.0' xlink:arcrole='https://xbrl.org/2023/arcrole/summation-item' xlink:from='loc_SalesTypeLeaseNetInvestmentInLease' xlink:to='loc_SalesTypeLeaseNetInvestmentInLeaseBeforeAllowanceForCreditLossCurrent' xlink:type='arc' />
    <link:calculationArc order='20' weight='1.0' xlink:arcrole='https://xbrl.org/2023/arcrole/summation-item' xlink:from='loc_SalesTypeLeaseNetInvestmentInLease' xlink:to='loc_SalesTypeLeaseNetInvestmentInLeaseBeforeAllowanceForCreditLossNoncurrent' xlink:type='arc' />
    <link:calculationArc order='10' weight='1.0' xlink:arcrole='https://xbrl.org/2023/arcrole/summation-item' xlink:from='loc_DirectFinancingLeaseNetInvestmentInLease' xlink:to='loc_DirectFinancingLeaseNetInvestmentInLeaseBeforeAllowanceForCreditLossCurrent' xlink:type='arc' />
    <link:calculationArc order='20' weight='1.0' xlink:arcrole='https://xbrl.org/2023/arcrole/summation-item' xlink:from='loc_DirectFinancingLeaseNetInvestmentInLease' xlink:to='loc_DirectFinancingLeaseNetInvestmentInLeaseBeforeAllowanceForCreditLossNoncurrent' xlink:type='arc' />
    <link:calculationArc order='10' weight='1.0' xlink:arcrole='https://xbrl.org/2023/arcrole/summation-item' xlink:from='loc_PropertyPlantAndEquipmentExcludingLessorAssetUnderOperatingLeaseAfterAccumulatedDepreciation' xlink:to='loc_PropertyPlantAndEquipmentExcludingLessorAssetUnderOperatingLeaseBeforeAccumulatedDepreciation' xlink:type='arc' />
    <link:calculationArc order='20' weight='-1.0' xlink:arcrole='https://xbrl.org/2023/arcrole/summation-item' xlink:from='loc_PropertyPlantAndEquipmentExcludingLessorAssetUnderOperatingLeaseAfterAccumulatedDepreciation' xlink:to='loc_PropertyPlantAndEquipmentExcludingLessorAssetUnderOperatingLeaseAccumulatedDepreciation' xlink:type='arc' />
    <link:calculationArc order='10' weight='1.0' xlink:arcrole='https://xbrl.org/2023/arcrole/summation-item' xlink:from='loc_Depreciation' xlink:to='loc_DepreciationExcludingLessorAssetUnderOperatingLease' xlink:type='arc' />
    <link:calculationArc order='20' weight='1.0' xlink:arcrole='https://xbrl.org/2023/arcrole/summation-item' xlink:from='loc_Depreciation' xlink:to='loc_OperatingLeasesIncomeStatementDepreciationExpenseOnPropertySubjectToOrHeldForLease' xlink:type='arc' />
    <link:calculationArc order='10' weight='1.0' xlink:arcrole='https://xbrl.org/2023/arcrole/summation-item' xlink:from='loc_PropertySubjectToOrAvailableForOperatingLeaseNet' xlink:to='loc_PropertySubjectToOrAvailableForOperatingLeaseGross' xlink:type='arc' />
    <link:calculationArc order='20' weight='-1.0' xlink:arcrole='https://xbrl.org/2023/arcrole/summation-item' xlink:from='loc_PropertySubjectToOrAvailableForOperatingLeaseNet' xlink:to='loc_PropertySubjectToOrAvailableForOperatingLeaseAccumulatedDepreciation' xlink:type='arc' />
  </link:calculationLink>
</link:linkbase>
