<?xml version='1.0' encoding='UTF-8'?>

<!--
(c) 2010-2024 Financial Accounting Foundation; (c) 2007-2010 XBRL US, Inc.  All Rights Reserved.
Notice: Authorized Uses are Set Forth at https://xbrl.fasb.org/terms/TaxonomiesTermsConditions.html
  -->
<link:linkbase xmlns:link='http://www.xbrl.org/2003/linkbase' xmlns:xlink='http://www.w3.org/1999/xlink' xmlns:xsi='http://www.w3.org/2001/XMLSchema-instance' xsi:schemaLocation='http://www.xbrl.org/2003/linkbase http://www.xbrl.org/2003/xbrl-linkbase-2003-12-31.xsd'>  <link:arcroleRef arcroleURI='https://xbrl.org/2023/arcrole/summation-item' xlink:href='https://www.xbrl.org/2023/calculation-1.1.xsd#summation-item' xlink:type='simple'/>
  <link:roleRef roleURI='http://fasb.org/us-gaap/role/disclosure/FinancialServicesFederalHomeLoanBanks' xlink:href='../elts/us-roles-2024.xsd#fs-fhlb' xlink:type='simple' />
  <link:calculationLink xlink:role='http://fasb.org/us-gaap/role/disclosure/FinancialServicesFederalHomeLoanBanks' xlink:type='extended'>
    <link:loc xlink:href='../elts/us-gaap-2024.xsd#us-gaap_FederalHomeLoanBankAdvancesParValue' xlink:label='loc_FederalHomeLoanBankAdvancesParValue' xlink:type='locator' />
    <link:loc xlink:href='../elts/us-gaap-2024.xsd#us-gaap_DepositLiabilitiesReclassifiedAsLoansReceivable1' xlink:label='loc_DepositLiabilitiesReclassifiedAsLoansReceivable1' xlink:type='locator' />
    <link:loc xlink:href='../elts/us-gaap-2024.xsd#us-gaap_FederalHomeLoanBankAdvancesEarlierOfContractualMaturityOrNextCallDateInNextRollingTwelveMonths' xlink:label='loc_FederalHomeLoanBankAdvancesEarlierOfContractualMaturityOrNextCallDateInNextRollingTwelveMonths' xlink:type='locator' />
    <link:loc xlink:href='../elts/us-gaap-2024.xsd#us-gaap_FederalHomeLoanBankAdvancesEarlierOfContractualMaturityOrNextCallDateInRollingYearTwo' xlink:label='loc_FederalHomeLoanBankAdvancesEarlierOfContractualMaturityOrNextCallDateInRollingYearTwo' xlink:type='locator' />
    <link:loc xlink:href='../elts/us-gaap-2024.xsd#us-gaap_FederalHomeLoanBankAdvancesEarlierOfContractualMaturityOrNextCallDateInRollingYearThree' xlink:label='loc_FederalHomeLoanBankAdvancesEarlierOfContractualMaturityOrNextCallDateInRollingYearThree' xlink:type='locator' />
    <link:loc xlink:href='../elts/us-gaap-2024.xsd#us-gaap_FederalHomeLoanBankAdvancesEarlierOfContractualMaturityOrNextCallDateInRollingYearFour' xlink:label='loc_FederalHomeLoanBankAdvancesEarlierOfContractualMaturityOrNextCallDateInRollingYearFour' xlink:type='locator' />
    <link:loc xlink:href='../elts/us-gaap-2024.xsd#us-gaap_FederalHomeLoanBankAdvancesEarlierOfContractualMaturityOrNextCallDateInRollingYearFive' xlink:label='loc_FederalHomeLoanBankAdvancesEarlierOfContractualMaturityOrNextCallDateInRollingYearFive' xlink:type='locator' />
    <link:loc xlink:href='../elts/us-gaap-2024.xsd#us-gaap_FederalHomeLoanBankAdvancesEarlierOfContractualMaturityOrNextCallDateAfterRollingYearFive' xlink:label='loc_FederalHomeLoanBankAdvancesEarlierOfContractualMaturityOrNextCallDateAfterRollingYearFive' xlink:type='locator' />
    <link:loc xlink:href='../elts/us-gaap-2024.xsd#us-gaap_FederalHomeLoanBankAdvancesIndexAmortizing' xlink:label='loc_FederalHomeLoanBankAdvancesIndexAmortizing' xlink:type='locator' />
    <link:loc xlink:href='../elts/us-gaap-2024.xsd#us-gaap_AffordableHousingProgramObligationPeriodIncreaseDecrease' xlink:label='loc_AffordableHousingProgramObligationPeriodIncreaseDecrease' xlink:type='locator' />
    <link:loc xlink:href='../elts/us-gaap-2024.xsd#us-gaap_AffordableHousingProgramAssessments' xlink:label='loc_AffordableHousingProgramAssessments' xlink:type='locator' />
    <link:loc xlink:href='../elts/us-gaap-2024.xsd#us-gaap_PaymentsForAffordableHousingPrograms' xlink:label='loc_PaymentsForAffordableHousingPrograms' xlink:type='locator' />
    <link:loc xlink:href='../elts/us-gaap-2024.xsd#us-gaap_FederalHomeLoanBankAssessments' xlink:label='loc_FederalHomeLoanBankAssessments' xlink:type='locator' />
    <link:loc xlink:href='../elts/us-gaap-2024.xsd#us-gaap_CongressionallyMandatedFederalHomeLoanBankAssessments' xlink:label='loc_CongressionallyMandatedFederalHomeLoanBankAssessments' xlink:type='locator' />
    <link:loc xlink:href='../elts/us-gaap-2024.xsd#us-gaap_FederalHomeLoanBankConsolidatedObligations' xlink:label='loc_FederalHomeLoanBankConsolidatedObligations' xlink:type='locator' />
    <link:loc xlink:href='../elts/us-gaap-2024.xsd#us-gaap_FederalHomeLoanBankConsolidatedObligationsBonds' xlink:label='loc_FederalHomeLoanBankConsolidatedObligationsBonds' xlink:type='locator' />
    <link:loc xlink:href='../elts/us-gaap-2024.xsd#us-gaap_FederalHomeLoanBankConsolidatedObligationsDiscountNotes' xlink:label='loc_FederalHomeLoanBankConsolidatedObligationsDiscountNotes' xlink:type='locator' />
    <link:calculationArc order='10' weight='1.0' xlink:arcrole='https://xbrl.org/2023/arcrole/summation-item' xlink:from='loc_FederalHomeLoanBankAdvancesParValue' xlink:to='loc_DepositLiabilitiesReclassifiedAsLoansReceivable1' xlink:type='arc' />
    <link:calculationArc order='20' weight='1.0' xlink:arcrole='https://xbrl.org/2023/arcrole/summation-item' xlink:from='loc_FederalHomeLoanBankAdvancesParValue' xlink:to='loc_FederalHomeLoanBankAdvancesEarlierOfContractualMaturityOrNextCallDateInNextRollingTwelveMonths' xlink:type='arc' />
    <link:calculationArc order='30' weight='1.0' xlink:arcrole='https://xbrl.org/2023/arcrole/summation-item' xlink:from='loc_FederalHomeLoanBankAdvancesParValue' xlink:to='loc_FederalHomeLoanBankAdvancesEarlierOfContractualMaturityOrNextCallDateInRollingYearTwo' xlink:type='arc' />
    <link:calculationArc order='40' weight='1.0' xlink:arcrole='https://xbrl.org/2023/arcrole/summation-item' xlink:from='loc_FederalHomeLoanBankAdvancesParValue' xlink:to='loc_FederalHomeLoanBankAdvancesEarlierOfContractualMaturityOrNextCallDateInRollingYearThree' xlink:type='arc' />
    <link:calculationArc order='50' weight='1.0' xlink:arcrole='https://xbrl.org/2023/arcrole/summation-item' xlink:from='loc_FederalHomeLoanBankAdvancesParValue' xlink:to='loc_FederalHomeLoanBankAdvancesEarlierOfContractualMaturityOrNextCallDateInRollingYearFour' xlink:type='arc' />
    <link:calculationArc order='60' weight='1.0' xlink:arcrole='https://xbrl.org/2023/arcrole/summation-item' xlink:from='loc_FederalHomeLoanBankAdvancesParValue' xlink:to='loc_FederalHomeLoanBankAdvancesEarlierOfContractualMaturityOrNextCallDateInRollingYearFive' xlink:type='arc' />
    <link:calculationArc order='70' weight='1.0' xlink:arcrole='https://xbrl.org/2023/arcrole/summation-item' xlink:from='loc_FederalHomeLoanBankAdvancesParValue' xlink:to='loc_FederalHomeLoanBankAdvancesEarlierOfContractualMaturityOrNextCallDateAfterRollingYearFive' xlink:type='arc' />
    <link:calculationArc order='80' weight='1.0' xlink:arcrole='https://xbrl.org/2023/arcrole/summation-item' xlink:from='loc_FederalHomeLoanBankAdvancesParValue' xlink:to='loc_FederalHomeLoanBankAdvancesIndexAmortizing' xlink:type='arc' />
    <link:calculationArc order='10' weight='1.0' xlink:arcrole='https://xbrl.org/2023/arcrole/summation-item' xlink:from='loc_AffordableHousingProgramObligationPeriodIncreaseDecrease' xlink:to='loc_AffordableHousingProgramAssessments' xlink:type='arc' />
    <link:calculationArc order='20' weight='-1.0' xlink:arcrole='https://xbrl.org/2023/arcrole/summation-item' xlink:from='loc_AffordableHousingProgramObligationPeriodIncreaseDecrease' xlink:to='loc_PaymentsForAffordableHousingPrograms' xlink:type='arc' />
    <link:calculationArc order='10' weight='1.0' xlink:arcrole='https://xbrl.org/2023/arcrole/summation-item' xlink:from='loc_FederalHomeLoanBankAssessments' xlink:to='loc_AffordableHousingProgramAssessments' xlink:type='arc' />
    <link:calculationArc order='20' weight='1.0' xlink:arcrole='https://xbrl.org/2023/arcrole/summation-item' xlink:from='loc_FederalHomeLoanBankAssessments' xlink:to='loc_CongressionallyMandatedFederalHomeLoanBankAssessments' xlink:type='arc' />
    <link:calculationArc order='10' weight='1.0' xlink:arcrole='https://xbrl.org/2023/arcrole/summation-item' xlink:from='loc_FederalHomeLoanBankConsolidatedObligations' xlink:to='loc_FederalHomeLoanBankConsolidatedObligationsBonds' xlink:type='arc' />
    <link:calculationArc order='20' weight='1.0' xlink:arcrole='https://xbrl.org/2023/arcrole/summation-item' xlink:from='loc_FederalHomeLoanBankConsolidatedObligations' xlink:to='loc_FederalHomeLoanBankConsolidatedObligationsDiscountNotes' xlink:type='arc' />
  </link:calculationLink>
</link:linkbase>
