<?xml version='1.0' encoding='UTF-8'?>

<!--
(c) 2010-2024 Financial Accounting Foundation; (c) 2007-2010 XBRL US, Inc.  All Rights Reserved.
Notice: Authorized Uses are Set Forth at https://xbrl.fasb.org/terms/TaxonomiesTermsConditions.html
  -->
<link:linkbase xmlns:link='http://www.xbrl.org/2003/linkbase' xmlns:xlink='http://www.w3.org/1999/xlink' xmlns:xsi='http://www.w3.org/2001/XMLSchema-instance' xsi:schemaLocation='http://www.xbrl.org/2003/linkbase http://www.xbrl.org/2003/xbrl-linkbase-2003-12-31.xsd'>  <link:arcroleRef arcroleURI='https://xbrl.org/2023/arcrole/summation-item' xlink:href='https://www.xbrl.org/2023/calculation-1.1.xsd#summation-item' xlink:type='simple'/>
  <link:roleRef roleURI='http://fasb.org/us-gaap/role/disclosure/Debt' xlink:href='../elts/us-roles-2024.xsd#debt' xlink:type='simple' />
  <link:calculationLink xlink:role='http://fasb.org/us-gaap/role/disclosure/Debt' xlink:type='extended'>
    <link:loc xlink:href='../elts/us-gaap-2024.xsd#us-gaap_DeferredFinanceCostsOwnshareLendingArrangementIssuanceCostsAmortizationExpensePeriodIncreaseDecrease' xlink:label='loc_DeferredFinanceCostsOwnshareLendingArrangementIssuanceCostsAmortizationExpensePeriodIncreaseDecrease' xlink:type='locator' />
    <link:loc xlink:href='../elts/us-gaap-2024.xsd#us-gaap_DeferredFinanceCostsOwnShareLendingArrangementIssuanceCostsAmortizationExpense1' xlink:label='loc_DeferredFinanceCostsOwnShareLendingArrangementIssuanceCostsAmortizationExpense1' xlink:type='locator' />
    <link:loc xlink:href='../elts/us-gaap-2024.xsd#us-gaap_DeferredFinanceCostsOwnshareLendingArrangementIssuanceCostsAccumulatedAmortizationAdjustment' xlink:label='loc_DeferredFinanceCostsOwnshareLendingArrangementIssuanceCostsAccumulatedAmortizationAdjustment' xlink:type='locator' />
    <link:loc xlink:href='../elts/us-gaap-2024.xsd#us-gaap_TroubledDebtRestructuringDebtorCurrentPeriodGainLossOnRestructuringNetOfTax' xlink:label='loc_TroubledDebtRestructuringDebtorCurrentPeriodGainLossOnRestructuringNetOfTax' xlink:type='locator' />
    <link:loc xlink:href='../elts/us-gaap-2024.xsd#us-gaap_GainsLossesOnRestructuringOfDebt' xlink:label='loc_GainsLossesOnRestructuringOfDebt' xlink:type='locator' />
    <link:loc xlink:href='../elts/us-gaap-2024.xsd#us-gaap_TroubledDebtRestructuringDebtorCurrentPeriodGainLossOnRestructuringTaxEffect' xlink:label='loc_TroubledDebtRestructuringDebtorCurrentPeriodGainLossOnRestructuringTaxEffect' xlink:type='locator' />
    <link:loc xlink:href='../elts/us-gaap-2024.xsd#us-gaap_LineOfCreditFacilityIncreaseDecreaseForPeriodNet' xlink:label='loc_LineOfCreditFacilityIncreaseDecreaseForPeriodNet' xlink:type='locator' />
    <link:loc xlink:href='../elts/us-gaap-2024.xsd#us-gaap_ProceedsFromLinesOfCredit' xlink:label='loc_ProceedsFromLinesOfCredit' xlink:type='locator' />
    <link:loc xlink:href='../elts/us-gaap-2024.xsd#us-gaap_RepaymentsOfLinesOfCredit' xlink:label='loc_RepaymentsOfLinesOfCredit' xlink:type='locator' />
    <link:loc xlink:href='../elts/us-gaap-2024.xsd#us-gaap_LineOfCreditFacilityDecreaseForgiveness1' xlink:label='loc_LineOfCreditFacilityDecreaseForgiveness1' xlink:type='locator' />
    <link:loc xlink:href='../elts/us-gaap-2024.xsd#us-gaap_LineOfCreditFacilityIncreaseAccruedInterest' xlink:label='loc_LineOfCreditFacilityIncreaseAccruedInterest' xlink:type='locator' />
    <link:loc xlink:href='../elts/us-gaap-2024.xsd#us-gaap_LineOfCreditFacilityIncreaseDecreaseOtherNet' xlink:label='loc_LineOfCreditFacilityIncreaseDecreaseOtherNet' xlink:type='locator' />
    <link:loc xlink:href='../elts/us-gaap-2024.xsd#us-gaap_DebtInstrumentIncreaseDecreaseForPeriodNet' xlink:label='loc_DebtInstrumentIncreaseDecreaseForPeriodNet' xlink:type='locator' />
    <link:loc xlink:href='../elts/us-gaap-2024.xsd#us-gaap_DebtInstrumentIncreaseAccruedInterest' xlink:label='loc_DebtInstrumentIncreaseAccruedInterest' xlink:type='locator' />
    <link:loc xlink:href='../elts/us-gaap-2024.xsd#us-gaap_ProceedsFromIssuanceOfDebt' xlink:label='loc_ProceedsFromIssuanceOfDebt' xlink:type='locator' />
    <link:loc xlink:href='../elts/us-gaap-2024.xsd#us-gaap_RepaymentsOfDebt' xlink:label='loc_RepaymentsOfDebt' xlink:type='locator' />
    <link:loc xlink:href='../elts/us-gaap-2024.xsd#us-gaap_DebtInstrumentDecreaseForgiveness' xlink:label='loc_DebtInstrumentDecreaseForgiveness' xlink:type='locator' />
    <link:loc xlink:href='../elts/us-gaap-2024.xsd#us-gaap_DebtInstrumentIncreaseDecreaseOtherNet' xlink:label='loc_DebtInstrumentIncreaseDecreaseOtherNet' xlink:type='locator' />
    <link:loc xlink:href='../elts/us-gaap-2024.xsd#us-gaap_LineOfCreditFacilityCurrentBorrowingCapacity' xlink:label='loc_LineOfCreditFacilityCurrentBorrowingCapacity' xlink:type='locator' />
    <link:loc xlink:href='../elts/us-gaap-2024.xsd#us-gaap_LineOfCredit' xlink:label='loc_LineOfCredit' xlink:type='locator' />
    <link:loc xlink:href='../elts/us-gaap-2024.xsd#us-gaap_LineOfCreditFacilityRemainingBorrowingCapacity' xlink:label='loc_LineOfCreditFacilityRemainingBorrowingCapacity' xlink:type='locator' />
    <link:calculationArc order='10' weight='1.0' xlink:arcrole='https://xbrl.org/2023/arcrole/summation-item' xlink:from='loc_DeferredFinanceCostsOwnshareLendingArrangementIssuanceCostsAmortizationExpensePeriodIncreaseDecrease' xlink:to='loc_DeferredFinanceCostsOwnShareLendingArrangementIssuanceCostsAmortizationExpense1' xlink:type='arc' />
    <link:calculationArc order='20' weight='1.0' xlink:arcrole='https://xbrl.org/2023/arcrole/summation-item' xlink:from='loc_DeferredFinanceCostsOwnshareLendingArrangementIssuanceCostsAmortizationExpensePeriodIncreaseDecrease' xlink:to='loc_DeferredFinanceCostsOwnshareLendingArrangementIssuanceCostsAccumulatedAmortizationAdjustment' xlink:type='arc' />
    <link:calculationArc order='10' weight='1.0' xlink:arcrole='https://xbrl.org/2023/arcrole/summation-item' xlink:from='loc_TroubledDebtRestructuringDebtorCurrentPeriodGainLossOnRestructuringNetOfTax' xlink:to='loc_GainsLossesOnRestructuringOfDebt' xlink:type='arc' />
    <link:calculationArc order='20' weight='-1.0' xlink:arcrole='https://xbrl.org/2023/arcrole/summation-item' xlink:from='loc_TroubledDebtRestructuringDebtorCurrentPeriodGainLossOnRestructuringNetOfTax' xlink:to='loc_TroubledDebtRestructuringDebtorCurrentPeriodGainLossOnRestructuringTaxEffect' xlink:type='arc' />
    <link:calculationArc order='10' weight='-1.0' xlink:arcrole='https://xbrl.org/2023/arcrole/summation-item' xlink:from='loc_LineOfCreditFacilityIncreaseDecreaseForPeriodNet' xlink:to='loc_ProceedsFromLinesOfCredit' xlink:type='arc' />
    <link:calculationArc order='20' weight='1.0' xlink:arcrole='https://xbrl.org/2023/arcrole/summation-item' xlink:from='loc_LineOfCreditFacilityIncreaseDecreaseForPeriodNet' xlink:to='loc_RepaymentsOfLinesOfCredit' xlink:type='arc' />
    <link:calculationArc order='30' weight='-1.0' xlink:arcrole='https://xbrl.org/2023/arcrole/summation-item' xlink:from='loc_LineOfCreditFacilityIncreaseDecreaseForPeriodNet' xlink:to='loc_LineOfCreditFacilityDecreaseForgiveness1' xlink:type='arc' />
    <link:calculationArc order='40' weight='1.0' xlink:arcrole='https://xbrl.org/2023/arcrole/summation-item' xlink:from='loc_LineOfCreditFacilityIncreaseDecreaseForPeriodNet' xlink:to='loc_LineOfCreditFacilityIncreaseAccruedInterest' xlink:type='arc' />
    <link:calculationArc order='50' weight='1.0' xlink:arcrole='https://xbrl.org/2023/arcrole/summation-item' xlink:from='loc_LineOfCreditFacilityIncreaseDecreaseForPeriodNet' xlink:to='loc_LineOfCreditFacilityIncreaseDecreaseOtherNet' xlink:type='arc' />
    <link:calculationArc order='10' weight='1.0' xlink:arcrole='https://xbrl.org/2023/arcrole/summation-item' xlink:from='loc_DebtInstrumentIncreaseDecreaseForPeriodNet' xlink:to='loc_DebtInstrumentIncreaseAccruedInterest' xlink:type='arc' />
    <link:calculationArc order='20' weight='-1.0' xlink:arcrole='https://xbrl.org/2023/arcrole/summation-item' xlink:from='loc_DebtInstrumentIncreaseDecreaseForPeriodNet' xlink:to='loc_ProceedsFromIssuanceOfDebt' xlink:type='arc' />
    <link:calculationArc order='30' weight='1.0' xlink:arcrole='https://xbrl.org/2023/arcrole/summation-item' xlink:from='loc_DebtInstrumentIncreaseDecreaseForPeriodNet' xlink:to='loc_RepaymentsOfDebt' xlink:type='arc' />
    <link:calculationArc order='40' weight='-1.0' xlink:arcrole='https://xbrl.org/2023/arcrole/summation-item' xlink:from='loc_DebtInstrumentIncreaseDecreaseForPeriodNet' xlink:to='loc_DebtInstrumentDecreaseForgiveness' xlink:type='arc' />
    <link:calculationArc order='50' weight='1.0' xlink:arcrole='https://xbrl.org/2023/arcrole/summation-item' xlink:from='loc_DebtInstrumentIncreaseDecreaseForPeriodNet' xlink:to='loc_DebtInstrumentIncreaseDecreaseOtherNet' xlink:type='arc' />
    <link:calculationArc order='10' weight='1.0' xlink:arcrole='https://xbrl.org/2023/arcrole/summation-item' xlink:from='loc_LineOfCreditFacilityCurrentBorrowingCapacity' xlink:to='loc_LineOfCredit' xlink:type='arc' />
    <link:calculationArc order='20' weight='1.0' xlink:arcrole='https://xbrl.org/2023/arcrole/summation-item' xlink:from='loc_LineOfCreditFacilityCurrentBorrowingCapacity' xlink:to='loc_LineOfCreditFacilityRemainingBorrowingCapacity' xlink:type='arc' />
  </link:calculationLink>
</link:linkbase>
