<?xml version='1.0' encoding='UTF-8'?>

<!--
(c) 2010-2024 Financial Accounting Foundation; (c) 2007-2010 XBRL US, Inc.  All Rights Reserved.
Notice: Authorized Uses are Set Forth at https://xbrl.fasb.org/terms/TaxonomiesTermsConditions.html
  -->
<link:linkbase xmlns:link='http://www.xbrl.org/2003/linkbase' xmlns:xlink='http://www.w3.org/1999/xlink' xmlns:xsi='http://www.w3.org/2001/XMLSchema-instance' xsi:schemaLocation='http://www.xbrl.org/2003/linkbase http://www.xbrl.org/2003/xbrl-linkbase-2003-12-31.xsd'>  <link:arcroleRef arcroleURI='https://xbrl.org/2023/arcrole/summation-item' xlink:href='https://www.xbrl.org/2023/calculation-1.1.xsd#summation-item' xlink:type='simple'/>
  <link:roleRef roleURI='http://fasb.org/us-gaap/role/disclosure/FinancialServicesBankingAndThriftCalc1' xlink:href='../elts/us-roles-2024.xsd#fs-bt1' xlink:type='simple' />
  <link:calculationLink xlink:role='http://fasb.org/us-gaap/role/disclosure/FinancialServicesBankingAndThriftCalc1' xlink:type='extended'>
    <link:loc xlink:href='../elts/us-gaap-2024.xsd#us-gaap_FederalHomeLoanBankAdvancesMaturitiesSummaryByInterestRateTypeOneToFiveYears' xlink:label='loc_FederalHomeLoanBankAdvancesMaturitiesSummaryByInterestRateTypeOneToFiveYears' xlink:type='locator' />
    <link:loc xlink:href='../elts/us-gaap-2024.xsd#us-gaap_FederalHomeLoanBankAdvancesMaturitiesSummaryDueFromOneToTwoYearsOfBalanceSheetDate' xlink:label='loc_FederalHomeLoanBankAdvancesMaturitiesSummaryDueFromOneToTwoYearsOfBalanceSheetDate' xlink:type='locator' />
    <link:loc xlink:href='../elts/us-gaap-2024.xsd#us-gaap_FederalHomeLoanBankAdvancesMaturitiesSummaryDueFromTwoToThreeYearsOfBalanceSheetDate' xlink:label='loc_FederalHomeLoanBankAdvancesMaturitiesSummaryDueFromTwoToThreeYearsOfBalanceSheetDate' xlink:type='locator' />
    <link:loc xlink:href='../elts/us-gaap-2024.xsd#us-gaap_FederalHomeLoanBankAdvancesMaturitiesSummaryDueFromThreeToFourYearsOfBalanceSheetDate' xlink:label='loc_FederalHomeLoanBankAdvancesMaturitiesSummaryDueFromThreeToFourYearsOfBalanceSheetDate' xlink:type='locator' />
    <link:loc xlink:href='../elts/us-gaap-2024.xsd#us-gaap_FederalHomeLoanBankAdvancesMaturitiesSummaryDueFromFourToFiveYearsOfBalanceSheetDate' xlink:label='loc_FederalHomeLoanBankAdvancesMaturitiesSummaryDueFromFourToFiveYearsOfBalanceSheetDate' xlink:type='locator' />
    <link:loc xlink:href='../elts/us-gaap-2024.xsd#us-gaap_TimeDeposits' xlink:label='loc_TimeDeposits' xlink:type='locator' />
    <link:loc xlink:href='../elts/us-gaap-2024.xsd#us-gaap_TimeDeposits100000OrMore' xlink:label='loc_TimeDeposits100000OrMore' xlink:type='locator' />
    <link:loc xlink:href='../elts/us-gaap-2024.xsd#us-gaap_TimeDepositsAtOrAboveFDICInsuranceLimit' xlink:label='loc_TimeDepositsAtOrAboveFDICInsuranceLimit' xlink:type='locator' />
    <link:loc xlink:href='../elts/us-gaap-2024.xsd#us-gaap_TimeDepositsLessThan100000' xlink:label='loc_TimeDepositsLessThan100000' xlink:type='locator' />
    <link:loc xlink:href='../elts/us-gaap-2024.xsd#us-gaap_AdvancesFromFederalHomeLoanBanks' xlink:label='loc_AdvancesFromFederalHomeLoanBanks' xlink:type='locator' />
    <link:loc xlink:href='../elts/us-gaap-2024.xsd#us-gaap_FederalHomeLoanBankAdvancesMaturitiesSummaryDueInNextRollingTwelveMonths' xlink:label='loc_FederalHomeLoanBankAdvancesMaturitiesSummaryDueInNextRollingTwelveMonths' xlink:type='locator' />
    <link:loc xlink:href='../elts/us-gaap-2024.xsd#us-gaap_FederalHomeLoanBankAdvancesMaturitiesSummaryDueInRollingYearTwo' xlink:label='loc_FederalHomeLoanBankAdvancesMaturitiesSummaryDueInRollingYearTwo' xlink:type='locator' />
    <link:loc xlink:href='../elts/us-gaap-2024.xsd#us-gaap_FederalHomeLoanBankAdvancesMaturitiesSummaryDueInRollingYearThree' xlink:label='loc_FederalHomeLoanBankAdvancesMaturitiesSummaryDueInRollingYearThree' xlink:type='locator' />
    <link:loc xlink:href='../elts/us-gaap-2024.xsd#us-gaap_FederalHomeLoanBankAdvancesMaturitiesSummaryDueInRollingYearFour' xlink:label='loc_FederalHomeLoanBankAdvancesMaturitiesSummaryDueInRollingYearFour' xlink:type='locator' />
    <link:loc xlink:href='../elts/us-gaap-2024.xsd#us-gaap_FederalHomeLoanBankAdvancesMaturitiesSummaryDueInRollingYearFive' xlink:label='loc_FederalHomeLoanBankAdvancesMaturitiesSummaryDueInRollingYearFive' xlink:type='locator' />
    <link:loc xlink:href='../elts/us-gaap-2024.xsd#us-gaap_FederalHomeLoanBankAdvancesMaturitiesSummaryDueAfterRollingYearFive' xlink:label='loc_FederalHomeLoanBankAdvancesMaturitiesSummaryDueAfterRollingYearFive' xlink:type='locator' />
    <link:loc xlink:href='../elts/us-gaap-2024.xsd#us-gaap_BenefitsLossesAndExpenses' xlink:label='loc_BenefitsLossesAndExpenses' xlink:type='locator' />
    <link:loc xlink:href='../elts/us-gaap-2024.xsd#us-gaap_PolicyholderBenefitsAndClaimsIncurredNet' xlink:label='loc_PolicyholderBenefitsAndClaimsIncurredNet' xlink:type='locator' />
    <link:loc xlink:href='../elts/us-gaap-2024.xsd#us-gaap_LiabilityForFuturePolicyBenefitsPeriodExpense' xlink:label='loc_LiabilityForFuturePolicyBenefitsPeriodExpense' xlink:type='locator' />
    <link:loc xlink:href='../elts/us-gaap-2024.xsd#us-gaap_InterestCreditedToPolicyholdersAccountBalances' xlink:label='loc_InterestCreditedToPolicyholdersAccountBalances' xlink:type='locator' />
    <link:loc xlink:href='../elts/us-gaap-2024.xsd#us-gaap_PolicyholderDividends' xlink:label='loc_PolicyholderDividends' xlink:type='locator' />
    <link:loc xlink:href='../elts/us-gaap-2024.xsd#us-gaap_OperatingExpenses' xlink:label='loc_OperatingExpenses' xlink:type='locator' />
    <link:loc xlink:href='../elts/us-gaap-2024.xsd#us-gaap_FloorBrokerageExchangeAndClearanceFees' xlink:label='loc_FloorBrokerageExchangeAndClearanceFees' xlink:type='locator' />
    <link:loc xlink:href='../elts/us-gaap-2024.xsd#us-gaap_MarketingAndAdvertisingExpense' xlink:label='loc_MarketingAndAdvertisingExpense' xlink:type='locator' />
    <link:loc xlink:href='../elts/us-gaap-2024.xsd#us-gaap_DepreciationAndAmortization' xlink:label='loc_DepreciationAndAmortization' xlink:type='locator' />
    <link:loc xlink:href='../elts/us-gaap-2024.xsd#us-gaap_AmortizationOfMortgageServicingRightsMSRs' xlink:label='loc_AmortizationOfMortgageServicingRightsMSRs' xlink:type='locator' />
    <link:loc xlink:href='../elts/us-gaap-2024.xsd#us-gaap_RestructuringSettlementAndImpairmentProvisions' xlink:label='loc_RestructuringSettlementAndImpairmentProvisions' xlink:type='locator' />
    <link:loc xlink:href='../elts/us-gaap-2024.xsd#us-gaap_OtherNonrecurringIncomeExpense' xlink:label='loc_OtherNonrecurringIncomeExpense' xlink:type='locator' />
    <link:loc xlink:href='../elts/us-gaap-2024.xsd#us-gaap_OtherExpenses' xlink:label='loc_OtherExpenses' xlink:type='locator' />
    <link:loc xlink:href='../elts/us-gaap-2024.xsd#us-gaap_RoyaltyExpense' xlink:label='loc_RoyaltyExpense' xlink:type='locator' />
    <link:loc xlink:href='../elts/us-gaap-2024.xsd#us-gaap_AccretionExpenseIncludingAssetRetirementObligations' xlink:label='loc_AccretionExpenseIncludingAssetRetirementObligations' xlink:type='locator' />
    <link:loc xlink:href='../elts/us-gaap-2024.xsd#us-gaap_PreOpeningCosts' xlink:label='loc_PreOpeningCosts' xlink:type='locator' />
    <link:loc xlink:href='../elts/us-gaap-2024.xsd#us-gaap_LegalFees' xlink:label='loc_LegalFees' xlink:type='locator' />
    <link:loc xlink:href='../elts/us-gaap-2024.xsd#us-gaap_GainLossOnRepurchaseOfDebtInstrument' xlink:label='loc_GainLossOnRepurchaseOfDebtInstrument' xlink:type='locator' />
    <link:loc xlink:href='../elts/us-gaap-2024.xsd#us-gaap_InducedConversionOfConvertibleDebtExpense' xlink:label='loc_InducedConversionOfConvertibleDebtExpense' xlink:type='locator' />
    <link:loc xlink:href='../elts/us-gaap-2024.xsd#us-gaap_GeneralAndAdministrativeExpense' xlink:label='loc_GeneralAndAdministrativeExpense' xlink:type='locator' />
    <link:loc xlink:href='../elts/us-gaap-2024.xsd#us-gaap_GainsLossesOnSalesOfAssets' xlink:label='loc_GainsLossesOnSalesOfAssets' xlink:type='locator' />
    <link:loc xlink:href='../elts/us-gaap-2024.xsd#us-gaap_GainLossOnSaleOfLeasedAssetsNetOperatingLeases' xlink:label='loc_GainLossOnSaleOfLeasedAssetsNetOperatingLeases' xlink:type='locator' />
    <link:loc xlink:href='../elts/us-gaap-2024.xsd#us-gaap_GainsLossesOnSalesOfOtherRealEstate' xlink:label='loc_GainsLossesOnSalesOfOtherRealEstate' xlink:type='locator' />
    <link:loc xlink:href='../elts/us-gaap-2024.xsd#us-gaap_GainLossOnSaleOfStockInSubsidiaryOrEquityMethodInvestee' xlink:label='loc_GainLossOnSaleOfStockInSubsidiaryOrEquityMethodInvestee' xlink:type='locator' />
    <link:loc xlink:href='../elts/us-gaap-2024.xsd#us-gaap_GainLossOnSaleOfPropertyPlantEquipment' xlink:label='loc_GainLossOnSaleOfPropertyPlantEquipment' xlink:type='locator' />
    <link:loc xlink:href='../elts/us-gaap-2024.xsd#us-gaap_GainLossOnSaleOfBusiness' xlink:label='loc_GainLossOnSaleOfBusiness' xlink:type='locator' />
    <link:loc xlink:href='../elts/us-gaap-2024.xsd#us-gaap_GainsLossesOnExtinguishmentOfDebt' xlink:label='loc_GainsLossesOnExtinguishmentOfDebt' xlink:type='locator' />
    <link:loc xlink:href='../elts/us-gaap-2024.xsd#us-gaap_GainLossOnDerivativeInstrumentsNetPretax' xlink:label='loc_GainLossOnDerivativeInstrumentsNetPretax' xlink:type='locator' />
    <link:loc xlink:href='../elts/us-gaap-2024.xsd#us-gaap_BusinessCombinationIntegrationRelatedCosts' xlink:label='loc_BusinessCombinationIntegrationRelatedCosts' xlink:type='locator' />
    <link:loc xlink:href='../elts/us-gaap-2024.xsd#us-gaap_DeferredPolicyAcquisitionCostAmortizationExpense' xlink:label='loc_DeferredPolicyAcquisitionCostAmortizationExpense' xlink:type='locator' />
    <link:loc xlink:href='../elts/us-gaap-2024.xsd#us-gaap_DeferredPolicyAcquisitionCostsAmortizationExpenseAccruedInterest' xlink:label='loc_DeferredPolicyAcquisitionCostsAmortizationExpenseAccruedInterest' xlink:type='locator' />
    <link:loc xlink:href='../elts/us-gaap-2024.xsd#us-gaap_DeferredPolicyAcquisitionCostsAmortizationExpenseExcludingAccruedInterest' xlink:label='loc_DeferredPolicyAcquisitionCostsAmortizationExpenseExcludingAccruedInterest' xlink:type='locator' />
    <link:loc xlink:href='../elts/us-gaap-2024.xsd#us-gaap_DeferredPolicyAcquisitionCostAmortizationExpenseNetInvestmentGainsLosses' xlink:label='loc_DeferredPolicyAcquisitionCostAmortizationExpenseNetInvestmentGainsLosses' xlink:type='locator' />
    <link:loc xlink:href='../elts/us-gaap-2024.xsd#us-gaap_DeferredPolicyAcquisitionCostAmortizationExpenseEffectOfAdjustmentsToEstimatedGrossProfitOrEstimatedGrossMargin' xlink:label='loc_DeferredPolicyAcquisitionCostAmortizationExpenseEffectOfAdjustmentsToEstimatedGrossProfitOrEstimatedGrossMargin' xlink:type='locator' />
    <link:loc xlink:href='../elts/us-gaap-2024.xsd#us-gaap_DeferredPolicyAcquisitionCostAmortizationExpenseOther' xlink:label='loc_DeferredPolicyAcquisitionCostAmortizationExpenseOther' xlink:type='locator' />
    <link:loc xlink:href='../elts/us-gaap-2024.xsd#us-gaap_DeferredPolicyAcquisitionCostAmortizationExpenseAssumptionChange' xlink:label='loc_DeferredPolicyAcquisitionCostAmortizationExpenseAssumptionChange' xlink:type='locator' />
    <link:loc xlink:href='../elts/us-gaap-2024.xsd#us-gaap_AmortizationOfValueOfBusinessAcquiredVOBA' xlink:label='loc_AmortizationOfValueOfBusinessAcquiredVOBA' xlink:type='locator' />
    <link:loc xlink:href='../elts/us-gaap-2024.xsd#us-gaap_NotesReceivableGross' xlink:label='loc_NotesReceivableGross' xlink:type='locator' />
    <link:loc xlink:href='../elts/us-gaap-2024.xsd#us-gaap_FinancingReceivableBeforeAllowanceForCreditLossMaturityRollingWithinOneYear' xlink:label='loc_FinancingReceivableBeforeAllowanceForCreditLossMaturityRollingWithinOneYear' xlink:type='locator' />
    <link:loc xlink:href='../elts/us-gaap-2024.xsd#us-gaap_FinancingReceivableBeforeAllowanceForCreditLossMaturityRollingAfterYearOneThroughFiveYears' xlink:label='loc_FinancingReceivableBeforeAllowanceForCreditLossMaturityRollingAfterYearOneThroughFiveYears' xlink:type='locator' />
    <link:loc xlink:href='../elts/us-gaap-2024.xsd#us-gaap_FinancingReceivableBeforeAllowanceForCreditLossMaturityRollingAfterYearFiveThoughFifteenYears' xlink:label='loc_FinancingReceivableBeforeAllowanceForCreditLossMaturityRollingAfterYearFiveThoughFifteenYears' xlink:type='locator' />
    <link:loc xlink:href='../elts/us-gaap-2024.xsd#us-gaap_FinancingReceivableBeforeAllowanceForCreditLossMaturityRollingAfterYear15' xlink:label='loc_FinancingReceivableBeforeAllowanceForCreditLossMaturityRollingAfterYear15' xlink:type='locator' />
    <link:calculationArc order='10' weight='1.0' xlink:arcrole='https://xbrl.org/2023/arcrole/summation-item' xlink:from='loc_FederalHomeLoanBankAdvancesMaturitiesSummaryByInterestRateTypeOneToFiveYears' xlink:to='loc_FederalHomeLoanBankAdvancesMaturitiesSummaryDueFromOneToTwoYearsOfBalanceSheetDate' xlink:type='arc' />
    <link:calculationArc order='20' weight='1.0' xlink:arcrole='https://xbrl.org/2023/arcrole/summation-item' xlink:from='loc_FederalHomeLoanBankAdvancesMaturitiesSummaryByInterestRateTypeOneToFiveYears' xlink:to='loc_FederalHomeLoanBankAdvancesMaturitiesSummaryDueFromTwoToThreeYearsOfBalanceSheetDate' xlink:type='arc' />
    <link:calculationArc order='30' weight='1.0' xlink:arcrole='https://xbrl.org/2023/arcrole/summation-item' xlink:from='loc_FederalHomeLoanBankAdvancesMaturitiesSummaryByInterestRateTypeOneToFiveYears' xlink:to='loc_FederalHomeLoanBankAdvancesMaturitiesSummaryDueFromThreeToFourYearsOfBalanceSheetDate' xlink:type='arc' />
    <link:calculationArc order='40' weight='1.0' xlink:arcrole='https://xbrl.org/2023/arcrole/summation-item' xlink:from='loc_FederalHomeLoanBankAdvancesMaturitiesSummaryByInterestRateTypeOneToFiveYears' xlink:to='loc_FederalHomeLoanBankAdvancesMaturitiesSummaryDueFromFourToFiveYearsOfBalanceSheetDate' xlink:type='arc' />
    <link:calculationArc order='10' weight='1.0' xlink:arcrole='https://xbrl.org/2023/arcrole/summation-item' xlink:from='loc_TimeDeposits' xlink:to='loc_TimeDeposits100000OrMore' xlink:type='arc' />
    <link:calculationArc order='20' weight='1.0' xlink:arcrole='https://xbrl.org/2023/arcrole/summation-item' xlink:from='loc_TimeDeposits' xlink:to='loc_TimeDepositsAtOrAboveFDICInsuranceLimit' xlink:type='arc' />
    <link:calculationArc order='30' weight='1.0' xlink:arcrole='https://xbrl.org/2023/arcrole/summation-item' xlink:from='loc_TimeDeposits' xlink:to='loc_TimeDepositsLessThan100000' xlink:type='arc' />
    <link:calculationArc order='10' weight='1.0' xlink:arcrole='https://xbrl.org/2023/arcrole/summation-item' xlink:from='loc_AdvancesFromFederalHomeLoanBanks' xlink:to='loc_FederalHomeLoanBankAdvancesMaturitiesSummaryDueInNextRollingTwelveMonths' xlink:type='arc' />
    <link:calculationArc order='20' weight='1.0' xlink:arcrole='https://xbrl.org/2023/arcrole/summation-item' xlink:from='loc_AdvancesFromFederalHomeLoanBanks' xlink:to='loc_FederalHomeLoanBankAdvancesMaturitiesSummaryDueInRollingYearTwo' xlink:type='arc' />
    <link:calculationArc order='30' weight='1.0' xlink:arcrole='https://xbrl.org/2023/arcrole/summation-item' xlink:from='loc_AdvancesFromFederalHomeLoanBanks' xlink:to='loc_FederalHomeLoanBankAdvancesMaturitiesSummaryDueInRollingYearThree' xlink:type='arc' />
    <link:calculationArc order='40' weight='1.0' xlink:arcrole='https://xbrl.org/2023/arcrole/summation-item' xlink:from='loc_AdvancesFromFederalHomeLoanBanks' xlink:to='loc_FederalHomeLoanBankAdvancesMaturitiesSummaryDueInRollingYearFour' xlink:type='arc' />
    <link:calculationArc order='50' weight='1.0' xlink:arcrole='https://xbrl.org/2023/arcrole/summation-item' xlink:from='loc_AdvancesFromFederalHomeLoanBanks' xlink:to='loc_FederalHomeLoanBankAdvancesMaturitiesSummaryDueInRollingYearFive' xlink:type='arc' />
    <link:calculationArc order='60' weight='1.0' xlink:arcrole='https://xbrl.org/2023/arcrole/summation-item' xlink:from='loc_AdvancesFromFederalHomeLoanBanks' xlink:to='loc_FederalHomeLoanBankAdvancesMaturitiesSummaryDueAfterRollingYearFive' xlink:type='arc' />
    <link:calculationArc order='10' weight='1.0' xlink:arcrole='https://xbrl.org/2023/arcrole/summation-item' xlink:from='loc_BenefitsLossesAndExpenses' xlink:to='loc_PolicyholderBenefitsAndClaimsIncurredNet' xlink:type='arc' />
    <link:calculationArc order='20' weight='1.0' xlink:arcrole='https://xbrl.org/2023/arcrole/summation-item' xlink:from='loc_BenefitsLossesAndExpenses' xlink:to='loc_LiabilityForFuturePolicyBenefitsPeriodExpense' xlink:type='arc' />
    <link:calculationArc order='30' weight='1.0' xlink:arcrole='https://xbrl.org/2023/arcrole/summation-item' xlink:from='loc_BenefitsLossesAndExpenses' xlink:to='loc_InterestCreditedToPolicyholdersAccountBalances' xlink:type='arc' />
    <link:calculationArc order='40' weight='1.0' xlink:arcrole='https://xbrl.org/2023/arcrole/summation-item' xlink:from='loc_BenefitsLossesAndExpenses' xlink:to='loc_PolicyholderDividends' xlink:type='arc' />
    <link:calculationArc order='50' weight='1.0' xlink:arcrole='https://xbrl.org/2023/arcrole/summation-item' xlink:from='loc_BenefitsLossesAndExpenses' xlink:to='loc_OperatingExpenses' xlink:type='arc' />
    <link:calculationArc order='10' weight='1.0' xlink:arcrole='https://xbrl.org/2023/arcrole/summation-item' xlink:from='loc_OperatingExpenses' xlink:to='loc_FloorBrokerageExchangeAndClearanceFees' xlink:type='arc' />
    <link:calculationArc order='20' weight='1.0' xlink:arcrole='https://xbrl.org/2023/arcrole/summation-item' xlink:from='loc_OperatingExpenses' xlink:to='loc_MarketingAndAdvertisingExpense' xlink:type='arc' />
    <link:calculationArc order='30' weight='1.0' xlink:arcrole='https://xbrl.org/2023/arcrole/summation-item' xlink:from='loc_OperatingExpenses' xlink:to='loc_DepreciationAndAmortization' xlink:type='arc' />
    <link:calculationArc order='40' weight='1.0' xlink:arcrole='https://xbrl.org/2023/arcrole/summation-item' xlink:from='loc_OperatingExpenses' xlink:to='loc_AmortizationOfMortgageServicingRightsMSRs' xlink:type='arc' />
    <link:calculationArc order='50' weight='1.0' xlink:arcrole='https://xbrl.org/2023/arcrole/summation-item' xlink:from='loc_OperatingExpenses' xlink:to='loc_RestructuringSettlementAndImpairmentProvisions' xlink:type='arc' />
    <link:calculationArc order='60' weight='1.0' xlink:arcrole='https://xbrl.org/2023/arcrole/summation-item' xlink:from='loc_OperatingExpenses' xlink:to='loc_OtherNonrecurringIncomeExpense' xlink:type='arc' />
    <link:calculationArc order='70' weight='1.0' xlink:arcrole='https://xbrl.org/2023/arcrole/summation-item' xlink:from='loc_OperatingExpenses' xlink:to='loc_OtherExpenses' xlink:type='arc' />
    <link:calculationArc order='80' weight='1.0' xlink:arcrole='https://xbrl.org/2023/arcrole/summation-item' xlink:from='loc_OperatingExpenses' xlink:to='loc_RoyaltyExpense' xlink:type='arc' />
    <link:calculationArc order='90' weight='1.0' xlink:arcrole='https://xbrl.org/2023/arcrole/summation-item' xlink:from='loc_OperatingExpenses' xlink:to='loc_AccretionExpenseIncludingAssetRetirementObligations' xlink:type='arc' />
    <link:calculationArc order='100' weight='1.0' xlink:arcrole='https://xbrl.org/2023/arcrole/summation-item' xlink:from='loc_OperatingExpenses' xlink:to='loc_PreOpeningCosts' xlink:type='arc' />
    <link:calculationArc order='110' weight='1.0' xlink:arcrole='https://xbrl.org/2023/arcrole/summation-item' xlink:from='loc_OperatingExpenses' xlink:to='loc_LegalFees' xlink:type='arc' />
    <link:calculationArc order='120' weight='-1.0' xlink:arcrole='https://xbrl.org/2023/arcrole/summation-item' xlink:from='loc_OperatingExpenses' xlink:to='loc_GainLossOnRepurchaseOfDebtInstrument' xlink:type='arc' />
    <link:calculationArc order='130' weight='1.0' xlink:arcrole='https://xbrl.org/2023/arcrole/summation-item' xlink:from='loc_OperatingExpenses' xlink:to='loc_InducedConversionOfConvertibleDebtExpense' xlink:type='arc' />
    <link:calculationArc order='140' weight='1.0' xlink:arcrole='https://xbrl.org/2023/arcrole/summation-item' xlink:from='loc_OperatingExpenses' xlink:to='loc_GeneralAndAdministrativeExpense' xlink:type='arc' />
    <link:calculationArc order='150' weight='-1.0' xlink:arcrole='https://xbrl.org/2023/arcrole/summation-item' xlink:from='loc_OperatingExpenses' xlink:to='loc_GainsLossesOnSalesOfAssets' xlink:type='arc' />
    <link:calculationArc order='160' weight='-1.0' xlink:arcrole='https://xbrl.org/2023/arcrole/summation-item' xlink:from='loc_OperatingExpenses' xlink:to='loc_GainLossOnSaleOfLeasedAssetsNetOperatingLeases' xlink:type='arc' />
    <link:calculationArc order='170' weight='-1.0' xlink:arcrole='https://xbrl.org/2023/arcrole/summation-item' xlink:from='loc_OperatingExpenses' xlink:to='loc_GainsLossesOnSalesOfOtherRealEstate' xlink:type='arc' />
    <link:calculationArc order='180' weight='-1.0' xlink:arcrole='https://xbrl.org/2023/arcrole/summation-item' xlink:from='loc_OperatingExpenses' xlink:to='loc_GainLossOnSaleOfStockInSubsidiaryOrEquityMethodInvestee' xlink:type='arc' />
    <link:calculationArc order='190' weight='-1.0' xlink:arcrole='https://xbrl.org/2023/arcrole/summation-item' xlink:from='loc_OperatingExpenses' xlink:to='loc_GainLossOnSaleOfPropertyPlantEquipment' xlink:type='arc' />
    <link:calculationArc order='200' weight='-1.0' xlink:arcrole='https://xbrl.org/2023/arcrole/summation-item' xlink:from='loc_OperatingExpenses' xlink:to='loc_GainLossOnSaleOfBusiness' xlink:type='arc' />
    <link:calculationArc order='210' weight='-1.0' xlink:arcrole='https://xbrl.org/2023/arcrole/summation-item' xlink:from='loc_OperatingExpenses' xlink:to='loc_GainsLossesOnExtinguishmentOfDebt' xlink:type='arc' />
    <link:calculationArc order='220' weight='-1.0' xlink:arcrole='https://xbrl.org/2023/arcrole/summation-item' xlink:from='loc_OperatingExpenses' xlink:to='loc_GainLossOnDerivativeInstrumentsNetPretax' xlink:type='arc' />
    <link:calculationArc order='230' weight='1.0' xlink:arcrole='https://xbrl.org/2023/arcrole/summation-item' xlink:from='loc_OperatingExpenses' xlink:to='loc_BusinessCombinationIntegrationRelatedCosts' xlink:type='arc' />
    <link:calculationArc order='60' weight='1.0' xlink:arcrole='https://xbrl.org/2023/arcrole/summation-item' xlink:from='loc_BenefitsLossesAndExpenses' xlink:to='loc_DeferredPolicyAcquisitionCostAmortizationExpense' xlink:type='arc' />
    <link:calculationArc order='10' weight='1.0' xlink:arcrole='https://xbrl.org/2023/arcrole/summation-item' xlink:from='loc_DeferredPolicyAcquisitionCostAmortizationExpense' xlink:to='loc_DeferredPolicyAcquisitionCostsAmortizationExpenseAccruedInterest' xlink:type='arc' />
    <link:calculationArc order='20' weight='1.0' xlink:arcrole='https://xbrl.org/2023/arcrole/summation-item' xlink:from='loc_DeferredPolicyAcquisitionCostAmortizationExpense' xlink:to='loc_DeferredPolicyAcquisitionCostsAmortizationExpenseExcludingAccruedInterest' xlink:type='arc' />
    <link:calculationArc order='10' weight='1.0' xlink:arcrole='https://xbrl.org/2023/arcrole/summation-item' xlink:from='loc_DeferredPolicyAcquisitionCostsAmortizationExpenseExcludingAccruedInterest' xlink:to='loc_DeferredPolicyAcquisitionCostAmortizationExpenseNetInvestmentGainsLosses' xlink:type='arc' />
    <link:calculationArc order='20' weight='1.0' xlink:arcrole='https://xbrl.org/2023/arcrole/summation-item' xlink:from='loc_DeferredPolicyAcquisitionCostsAmortizationExpenseExcludingAccruedInterest' xlink:to='loc_DeferredPolicyAcquisitionCostAmortizationExpenseEffectOfAdjustmentsToEstimatedGrossProfitOrEstimatedGrossMargin' xlink:type='arc' />
    <link:calculationArc order='30' weight='1.0' xlink:arcrole='https://xbrl.org/2023/arcrole/summation-item' xlink:from='loc_DeferredPolicyAcquisitionCostsAmortizationExpenseExcludingAccruedInterest' xlink:to='loc_DeferredPolicyAcquisitionCostAmortizationExpenseOther' xlink:type='arc' />
    <link:calculationArc order='40' weight='1.0' xlink:arcrole='https://xbrl.org/2023/arcrole/summation-item' xlink:from='loc_DeferredPolicyAcquisitionCostsAmortizationExpenseExcludingAccruedInterest' xlink:to='loc_DeferredPolicyAcquisitionCostAmortizationExpenseAssumptionChange' xlink:type='arc' />
    <link:calculationArc order='70' weight='1.0' xlink:arcrole='https://xbrl.org/2023/arcrole/summation-item' xlink:from='loc_BenefitsLossesAndExpenses' xlink:to='loc_AmortizationOfValueOfBusinessAcquiredVOBA' xlink:type='arc' />
    <link:calculationArc order='10' weight='1.0' xlink:arcrole='https://xbrl.org/2023/arcrole/summation-item' xlink:from='loc_NotesReceivableGross' xlink:to='loc_FinancingReceivableBeforeAllowanceForCreditLossMaturityRollingWithinOneYear' xlink:type='arc' />
    <link:calculationArc order='20' weight='1.0' xlink:arcrole='https://xbrl.org/2023/arcrole/summation-item' xlink:from='loc_NotesReceivableGross' xlink:to='loc_FinancingReceivableBeforeAllowanceForCreditLossMaturityRollingAfterYearOneThroughFiveYears' xlink:type='arc' />
    <link:calculationArc order='30' weight='1.0' xlink:arcrole='https://xbrl.org/2023/arcrole/summation-item' xlink:from='loc_NotesReceivableGross' xlink:to='loc_FinancingReceivableBeforeAllowanceForCreditLossMaturityRollingAfterYearFiveThoughFifteenYears' xlink:type='arc' />
    <link:calculationArc order='40' weight='1.0' xlink:arcrole='https://xbrl.org/2023/arcrole/summation-item' xlink:from='loc_NotesReceivableGross' xlink:to='loc_FinancingReceivableBeforeAllowanceForCreditLossMaturityRollingAfterYear15' xlink:type='arc' />
  </link:calculationLink>
</link:linkbase>
