<?xml version='1.0' encoding='UTF-8'?>

<!--
(c) 2010-2024 Financial Accounting Foundation; (c) 2007-2010 XBRL US, Inc.  All Rights Reserved.
Notice: Authorized Uses are Set Forth at https://xbrl.fasb.org/terms/TaxonomiesTermsConditions.html
  -->
<link:linkbase xmlns:link='http://www.xbrl.org/2003/linkbase' xmlns:xlink='http://www.w3.org/1999/xlink' xmlns:xsi='http://www.w3.org/2001/XMLSchema-instance' xsi:schemaLocation='http://www.xbrl.org/2003/linkbase http://www.xbrl.org/2003/xbrl-linkbase-2003-12-31.xsd'>  <link:arcroleRef arcroleURI='https://xbrl.org/2023/arcrole/summation-item' xlink:href='https://www.xbrl.org/2023/calculation-1.1.xsd#summation-item' xlink:type='simple'/>
  <link:roleRef roleURI='http://fasb.org/us-gaap/role/statement/StatementOfOtherComprehensiveIncome' xlink:href='../elts/us-roles-2024.xsd#soc' xlink:type='simple' />
  <link:calculationLink xlink:role='http://fasb.org/us-gaap/role/statement/StatementOfOtherComprehensiveIncome' xlink:type='extended'>
    <link:loc xlink:href='../elts/us-gaap-2024.xsd#us-gaap_ComprehensiveIncomeNetOfTax' xlink:label='loc_ComprehensiveIncomeNetOfTax' xlink:type='locator' />
    <link:loc xlink:href='../elts/us-gaap-2024.xsd#us-gaap_ComprehensiveIncomeNetOfTaxIncludingPortionAttributableToNoncontrollingInterest' xlink:label='loc_ComprehensiveIncomeNetOfTaxIncludingPortionAttributableToNoncontrollingInterest' xlink:type='locator' />
    <link:loc xlink:href='../elts/us-gaap-2024.xsd#us-gaap_OtherComprehensiveIncomeLossNetOfTax' xlink:label='loc_OtherComprehensiveIncomeLossNetOfTax' xlink:type='locator' />
    <link:loc xlink:href='../elts/us-gaap-2024.xsd#us-gaap_OtherComprehensiveIncomeLossBeforeTax' xlink:label='loc_OtherComprehensiveIncomeLossBeforeTax' xlink:type='locator' />
    <link:loc xlink:href='../elts/us-gaap-2024.xsd#us-gaap_OtherComprehensiveIncomeLossAvailableForSaleSecuritiesAdjustmentBeforeTax' xlink:label='loc_OtherComprehensiveIncomeLossAvailableForSaleSecuritiesAdjustmentBeforeTax' xlink:type='locator' />
    <link:loc xlink:href='../elts/us-gaap-2024.xsd#us-gaap_OtherComprehensiveIncomeLossCashFlowHedgeGainLossAfterReclassificationBeforeTax' xlink:label='loc_OtherComprehensiveIncomeLossCashFlowHedgeGainLossAfterReclassificationBeforeTax' xlink:type='locator' />
    <link:loc xlink:href='../elts/us-gaap-2024.xsd#us-gaap_OtherComprehensiveIncomeLossForeignCurrencyTransactionAndTranslationAdjustmentBeforeTax' xlink:label='loc_OtherComprehensiveIncomeLossForeignCurrencyTransactionAndTranslationAdjustmentBeforeTax' xlink:type='locator' />
    <link:loc xlink:href='../elts/us-gaap-2024.xsd#us-gaap_OtherComprehensiveIncomeLossPensionAndOtherPostretirementBenefitPlansAdjustmentBeforeTax' xlink:label='loc_OtherComprehensiveIncomeLossPensionAndOtherPostretirementBenefitPlansAdjustmentBeforeTax' xlink:type='locator' />
    <link:loc xlink:href='../elts/us-gaap-2024.xsd#us-gaap_OtherComprehensiveIncomeLossPensionAndOtherPostretirementBenefitPlansAdjustmentBeforeReclassificationAdjustmentsAndTax' xlink:label='loc_OtherComprehensiveIncomeLossPensionAndOtherPostretirementBenefitPlansAdjustmentBeforeReclassificationAdjustmentsAndTax' xlink:type='locator' />
    <link:loc xlink:href='../elts/us-gaap-2024.xsd#us-gaap_OtherComprehensiveIncomeLossPensionAndOtherPostretirementBenefitPlansNetUnamortizedGainLossArisingDuringPeriodBeforeTax' xlink:label='loc_OtherComprehensiveIncomeLossPensionAndOtherPostretirementBenefitPlansNetUnamortizedGainLossArisingDuringPeriodBeforeTax' xlink:type='locator' />
    <link:loc xlink:href='../elts/us-gaap-2024.xsd#us-gaap_OtherComprehensiveIncomeDefinedBenefitPlanNetPriorServiceCostCreditArisingDuringPeriodBeforeTax' xlink:label='loc_OtherComprehensiveIncomeDefinedBenefitPlanNetPriorServiceCostCreditArisingDuringPeriodBeforeTax' xlink:type='locator' />
    <link:loc xlink:href='../elts/us-gaap-2024.xsd#us-gaap_OtherComprehensiveIncomeLossFinalizationOfPensionAndNonPensionPostretirementPlanValuationBeforeTax' xlink:label='loc_OtherComprehensiveIncomeLossFinalizationOfPensionAndNonPensionPostretirementPlanValuationBeforeTax' xlink:type='locator' />
    <link:loc xlink:href='../elts/us-gaap-2024.xsd#us-gaap_OtherComprehensiveIncomeLossReclassificationAdjustmentFromAOCIPensionAndOtherPostretirementBenefitPlansBeforeTax' xlink:label='loc_OtherComprehensiveIncomeLossReclassificationAdjustmentFromAOCIPensionAndOtherPostretirementBenefitPlansBeforeTax' xlink:type='locator' />
    <link:loc xlink:href='../elts/us-gaap-2024.xsd#us-gaap_OtherComprehensiveIncomeLossReclassificationAdjustmentFromAOCIPensionAndOtherPostretirementBenefitPlansForNetGainLossBeforeTax' xlink:label='loc_OtherComprehensiveIncomeLossReclassificationAdjustmentFromAOCIPensionAndOtherPostretirementBenefitPlansForNetGainLossBeforeTax' xlink:type='locator' />
    <link:loc xlink:href='../elts/us-gaap-2024.xsd#us-gaap_OtherComprehensiveIncomeLossAmortizationAdjustmentFromAOCIPensionAndOtherPostretirementBenefitPlansForNetPriorServiceCostCreditBeforeTax' xlink:label='loc_OtherComprehensiveIncomeLossAmortizationAdjustmentFromAOCIPensionAndOtherPostretirementBenefitPlansForNetPriorServiceCostCreditBeforeTax' xlink:type='locator' />
    <link:loc xlink:href='../elts/us-gaap-2024.xsd#us-gaap_OtherComprehensiveIncomeLossReclassificationAdjustmentFromAOCIPensionAndOtherPostretirementBenefitPlansForNetTransitionAssetObligationBeforeTax' xlink:label='loc_OtherComprehensiveIncomeLossReclassificationAdjustmentFromAOCIPensionAndOtherPostretirementBenefitPlansForNetTransitionAssetObligationBeforeTax' xlink:type='locator' />
    <link:loc xlink:href='../elts/us-gaap-2024.xsd#us-gaap_OtherComprehensiveIncomeLossFinancialLiabilityFairValueOptionBeforeTaxAfterReclassificationAdjustment' xlink:label='loc_OtherComprehensiveIncomeLossFinancialLiabilityFairValueOptionBeforeTaxAfterReclassificationAdjustment' xlink:type='locator' />
    <link:loc xlink:href='../elts/us-gaap-2024.xsd#us-gaap_OtherComprehensiveIncomeLossDerivativeExcludedComponentIncreaseDecreaseAfterAdjustmentsBeforeTax' xlink:label='loc_OtherComprehensiveIncomeLossDerivativeExcludedComponentIncreaseDecreaseAfterAdjustmentsBeforeTax' xlink:type='locator' />
    <link:loc xlink:href='../elts/us-gaap-2024.xsd#us-gaap_OciEquityMethodInvestmentBeforeTax' xlink:label='loc_OciEquityMethodInvestmentBeforeTax' xlink:type='locator' />
    <link:loc xlink:href='../elts/us-gaap-2024.xsd#us-gaap_OciLiabilityForFuturePolicyBenefitGainLossAfterReclassificationAdjustmentBeforeTax' xlink:label='loc_OciLiabilityForFuturePolicyBenefitGainLossAfterReclassificationAdjustmentBeforeTax' xlink:type='locator' />
    <link:loc xlink:href='../elts/us-gaap-2024.xsd#us-gaap_OciLiabilityForFuturePolicyBenefitGainLossBeforeReclassificationAdjustmentAndTax' xlink:label='loc_OciLiabilityForFuturePolicyBenefitGainLossBeforeReclassificationAdjustmentAndTax' xlink:type='locator' />
    <link:loc xlink:href='../elts/us-gaap-2024.xsd#us-gaap_OciLiabilityForFuturePolicyBenefitGainLossReclassificationAdjustmentFromAociBeforeTax' xlink:label='loc_OciLiabilityForFuturePolicyBenefitGainLossReclassificationAdjustmentFromAociBeforeTax' xlink:type='locator' />
    <link:loc xlink:href='../elts/us-gaap-2024.xsd#us-gaap_OciMarketRiskBenefitInstrumentSpecificCreditRiskGainLossAfterAdjustmentsBeforeTax' xlink:label='loc_OciMarketRiskBenefitInstrumentSpecificCreditRiskGainLossAfterAdjustmentsBeforeTax' xlink:type='locator' />
    <link:loc xlink:href='../elts/us-gaap-2024.xsd#us-gaap_OciMarketRiskBenefitInstrumentSpecificCreditRiskGainLossBeforeAdjustmentsAndTax' xlink:label='loc_OciMarketRiskBenefitInstrumentSpecificCreditRiskGainLossBeforeAdjustmentsAndTax' xlink:type='locator' />
    <link:loc xlink:href='../elts/us-gaap-2024.xsd#us-gaap_OciMarketRiskBenefitInstrumentSpecificCreditRiskGainLossReclassificationAdjustmentFromAociBeforeTax' xlink:label='loc_OciMarketRiskBenefitInstrumentSpecificCreditRiskGainLossReclassificationAdjustmentFromAociBeforeTax' xlink:type='locator' />
    <link:loc xlink:href='../elts/us-gaap-2024.xsd#us-gaap_OciMarketRiskBenefitInstrumentSpecificCreditRiskAdjustmentFromAociForDerecognitionBeforeTax' xlink:label='loc_OciMarketRiskBenefitInstrumentSpecificCreditRiskAdjustmentFromAociForDerecognitionBeforeTax' xlink:type='locator' />
    <link:loc xlink:href='../elts/us-gaap-2024.xsd#us-gaap_OtherComprehensiveIncomeLossTax' xlink:label='loc_OtherComprehensiveIncomeLossTax' xlink:type='locator' />
    <link:loc xlink:href='../elts/us-gaap-2024.xsd#us-gaap_OtherComprehensiveIncomeLossAvailableForSaleSecuritiesTax' xlink:label='loc_OtherComprehensiveIncomeLossAvailableForSaleSecuritiesTax' xlink:type='locator' />
    <link:loc xlink:href='../elts/us-gaap-2024.xsd#us-gaap_OtherComprehensiveIncomeLossCashFlowHedgeGainLossAfterReclassificationTax' xlink:label='loc_OtherComprehensiveIncomeLossCashFlowHedgeGainLossAfterReclassificationTax' xlink:type='locator' />
    <link:loc xlink:href='../elts/us-gaap-2024.xsd#us-gaap_OtherComprehensiveIncomeLossForeignCurrencyTranslationAdjustmentTax' xlink:label='loc_OtherComprehensiveIncomeLossForeignCurrencyTranslationAdjustmentTax' xlink:type='locator' />
    <link:loc xlink:href='../elts/us-gaap-2024.xsd#us-gaap_OtherComprehensiveIncomeLossPensionAndOtherPostretirementBenefitPlansTax' xlink:label='loc_OtherComprehensiveIncomeLossPensionAndOtherPostretirementBenefitPlansTax' xlink:type='locator' />
    <link:loc xlink:href='../elts/us-gaap-2024.xsd#us-gaap_OtherComprehensiveIncomeLossPensionAndOtherPostretirementBenefitPlansBeforeReclassificationAdjustmentsTax' xlink:label='loc_OtherComprehensiveIncomeLossPensionAndOtherPostretirementBenefitPlansBeforeReclassificationAdjustmentsTax' xlink:type='locator' />
    <link:loc xlink:href='../elts/us-gaap-2024.xsd#us-gaap_OtherComprehensiveIncomeDefinedBenefitPlansNetUnamortizedGainLossArisingDuringPeriodTax' xlink:label='loc_OtherComprehensiveIncomeDefinedBenefitPlansNetUnamortizedGainLossArisingDuringPeriodTax' xlink:type='locator' />
    <link:loc xlink:href='../elts/us-gaap-2024.xsd#us-gaap_OtherComprehensiveIncomeLossPensionAndOtherPostretirementBenefitPlansPlanAmendmentsTaxEffect' xlink:label='loc_OtherComprehensiveIncomeLossPensionAndOtherPostretirementBenefitPlansPlanAmendmentsTaxEffect' xlink:type='locator' />
    <link:loc xlink:href='../elts/us-gaap-2024.xsd#us-gaap_OtherComprehensiveIncomeLossPensionAndOtherPostretirementBenefitPlansBenefitPlanImprovementTaxEffect' xlink:label='loc_OtherComprehensiveIncomeLossPensionAndOtherPostretirementBenefitPlansBenefitPlanImprovementTaxEffect' xlink:type='locator' />
    <link:loc xlink:href='../elts/us-gaap-2024.xsd#us-gaap_OtherComprehensiveIncomeFinalizationOfPensionAndNonPensionPostretirementPlanValuationTax' xlink:label='loc_OtherComprehensiveIncomeFinalizationOfPensionAndNonPensionPostretirementPlanValuationTax' xlink:type='locator' />
    <link:loc xlink:href='../elts/us-gaap-2024.xsd#us-gaap_OtherComprehensiveIncomeLossReclassificationAdjustmentFromAOCIPensionAndOtherPostretirementBenefitPlansTax' xlink:label='loc_OtherComprehensiveIncomeLossReclassificationAdjustmentFromAOCIPensionAndOtherPostretirementBenefitPlansTax' xlink:type='locator' />
    <link:loc xlink:href='../elts/us-gaap-2024.xsd#us-gaap_OtherComprehensiveIncomeLossReclassificationAdjustmentFromAOCIPensionAndOtherPostretirementBenefitPlansForNetGainLossTax' xlink:label='loc_OtherComprehensiveIncomeLossReclassificationAdjustmentFromAOCIPensionAndOtherPostretirementBenefitPlansForNetGainLossTax' xlink:type='locator' />
    <link:loc xlink:href='../elts/us-gaap-2024.xsd#us-gaap_OtherComprehensiveIncomeLossAmortizationAdjustmentFromAOCIPensionAndOtherPostretirementBenefitPlansForNetPriorServiceCostCreditTax' xlink:label='loc_OtherComprehensiveIncomeLossAmortizationAdjustmentFromAOCIPensionAndOtherPostretirementBenefitPlansForNetPriorServiceCostCreditTax' xlink:type='locator' />
    <link:loc xlink:href='../elts/us-gaap-2024.xsd#us-gaap_OtherComprehensiveIncomeLossReclassificationAdjustmentFromAOCIPensionAndOtherPostretirementBenefitPlansForNetTransitionAssetObligationTax' xlink:label='loc_OtherComprehensiveIncomeLossReclassificationAdjustmentFromAOCIPensionAndOtherPostretirementBenefitPlansForNetTransitionAssetObligationTax' xlink:type='locator' />
    <link:loc xlink:href='../elts/us-gaap-2024.xsd#us-gaap_OtherComprehensiveIncomeLossFinancialLiabilityFairValueOptionAfterReclassificationAdjustmentTax' xlink:label='loc_OtherComprehensiveIncomeLossFinancialLiabilityFairValueOptionAfterReclassificationAdjustmentTax' xlink:type='locator' />
    <link:loc xlink:href='../elts/us-gaap-2024.xsd#us-gaap_OtherComprehensiveIncomeLossDerivativeExcludedComponentIncreaseDecreaseAfterAdjustmentsTax' xlink:label='loc_OtherComprehensiveIncomeLossDerivativeExcludedComponentIncreaseDecreaseAfterAdjustmentsTax' xlink:type='locator' />
    <link:loc xlink:href='../elts/us-gaap-2024.xsd#us-gaap_OciEquityMethodInvestmentTax' xlink:label='loc_OciEquityMethodInvestmentTax' xlink:type='locator' />
    <link:loc xlink:href='../elts/us-gaap-2024.xsd#us-gaap_OciLiabilityForFuturePolicyBenefitGainLossAfterReclassificationAdjustmentTax' xlink:label='loc_OciLiabilityForFuturePolicyBenefitGainLossAfterReclassificationAdjustmentTax' xlink:type='locator' />
    <link:loc xlink:href='../elts/us-gaap-2024.xsd#us-gaap_OciLiabilityForFuturePolicyBenefitGainLossBeforeReclassificationAdjustmentTax' xlink:label='loc_OciLiabilityForFuturePolicyBenefitGainLossBeforeReclassificationAdjustmentTax' xlink:type='locator' />
    <link:loc xlink:href='../elts/us-gaap-2024.xsd#us-gaap_OciLiabilityForFuturePolicyBenefitGainLossReclassificationAdjustmentFromAociTax' xlink:label='loc_OciLiabilityForFuturePolicyBenefitGainLossReclassificationAdjustmentFromAociTax' xlink:type='locator' />
    <link:loc xlink:href='../elts/us-gaap-2024.xsd#us-gaap_OciMarketRiskBenefitInstrumentSpecificCreditRiskGainLossAfterAdjustmentsTax' xlink:label='loc_OciMarketRiskBenefitInstrumentSpecificCreditRiskGainLossAfterAdjustmentsTax' xlink:type='locator' />
    <link:loc xlink:href='../elts/us-gaap-2024.xsd#us-gaap_OciMarketRiskBenefitInstrumentSpecificCreditRiskGainLossReclassificationAdjustmentFromAociTax' xlink:label='loc_OciMarketRiskBenefitInstrumentSpecificCreditRiskGainLossReclassificationAdjustmentFromAociTax' xlink:type='locator' />
    <link:loc xlink:href='../elts/us-gaap-2024.xsd#us-gaap_OciMarketRiskBenefitInstrumentSpecificCreditRiskAdjustmentFromAociTax' xlink:label='loc_OciMarketRiskBenefitInstrumentSpecificCreditRiskAdjustmentFromAociTax' xlink:type='locator' />
    <link:loc xlink:href='../elts/us-gaap-2024.xsd#us-gaap_OciMarketRiskBenefitInstrumentSpecificCreditRiskGainLossBeforeAdjustmentsTax' xlink:label='loc_OciMarketRiskBenefitInstrumentSpecificCreditRiskGainLossBeforeAdjustmentsTax' xlink:type='locator' />
    <link:loc xlink:href='../elts/us-gaap-2024.xsd#us-gaap_NetIncomeLossIncludingPortionAttributableToNonredeemableNoncontrollingInterest' xlink:label='loc_NetIncomeLossIncludingPortionAttributableToNonredeemableNoncontrollingInterest' xlink:type='locator' />
    <link:loc xlink:href='../elts/us-gaap-2024.xsd#us-gaap_ProfitLoss' xlink:label='loc_ProfitLoss' xlink:type='locator' />
    <link:loc xlink:href='../elts/us-gaap-2024.xsd#us-gaap_NetIncomeLossAttributableToRedeemableNoncontrollingInterest' xlink:label='loc_NetIncomeLossAttributableToRedeemableNoncontrollingInterest' xlink:type='locator' />
    <link:loc xlink:href='../elts/us-gaap-2024.xsd#us-gaap_ComprehensiveIncomeNetOfTaxAttributableToNoncontrollingInterest' xlink:label='loc_ComprehensiveIncomeNetOfTaxAttributableToNoncontrollingInterest' xlink:type='locator' />
    <link:loc xlink:href='../elts/us-gaap-2024.xsd#us-gaap_NetIncomeLossAttributableToNoncontrollingInterest' xlink:label='loc_NetIncomeLossAttributableToNoncontrollingInterest' xlink:type='locator' />
    <link:loc xlink:href='../elts/us-gaap-2024.xsd#us-gaap_OtherComprehensiveIncomeLossNetOfTaxPortionAttributableToNoncontrollingInterest' xlink:label='loc_OtherComprehensiveIncomeLossNetOfTaxPortionAttributableToNoncontrollingInterest' xlink:type='locator' />
    <link:loc xlink:href='../elts/us-gaap-2024.xsd#us-gaap_OtherComprehensiveIncomeLossBeforeTaxPortionAttributableToNoncontrollingInterest' xlink:label='loc_OtherComprehensiveIncomeLossBeforeTaxPortionAttributableToNoncontrollingInterest' xlink:type='locator' />
    <link:loc xlink:href='../elts/us-gaap-2024.xsd#us-gaap_OtherComprehensiveIncomeAvailableforsaleSecuritiesAdjustmentBeforeTaxPortionAttributableToNoncontrollingInterest' xlink:label='loc_OtherComprehensiveIncomeAvailableforsaleSecuritiesAdjustmentBeforeTaxPortionAttributableToNoncontrollingInterest' xlink:type='locator' />
    <link:loc xlink:href='../elts/us-gaap-2024.xsd#us-gaap_OtherComprehensiveIncomeLossCashFlowHedgeGainLossAfterReclassificationBeforeTaxNoncontrollingInterest' xlink:label='loc_OtherComprehensiveIncomeLossCashFlowHedgeGainLossAfterReclassificationBeforeTaxNoncontrollingInterest' xlink:type='locator' />
    <link:loc xlink:href='../elts/us-gaap-2024.xsd#us-gaap_OtherComprehensiveIncomeForeignCurrencyTransactionAndTranslationAdjustmentBeforeTaxPortionAttributableToNoncontrollingInterest' xlink:label='loc_OtherComprehensiveIncomeForeignCurrencyTransactionAndTranslationAdjustmentBeforeTaxPortionAttributableToNoncontrollingInterest' xlink:type='locator' />
    <link:loc xlink:href='../elts/us-gaap-2024.xsd#us-gaap_OtherComprehensiveIncomeDefinedBenefitPlansAdjustmentBeforeTaxPortionAttributableToNoncontrollingInterest' xlink:label='loc_OtherComprehensiveIncomeDefinedBenefitPlansAdjustmentBeforeTaxPortionAttributableToNoncontrollingInterest' xlink:type='locator' />
    <link:loc xlink:href='../elts/us-gaap-2024.xsd#us-gaap_OtherComprehensiveIncomeLossFinancialLiabilityFairValueOptionBeforeTaxAfterReclassificationAdjustmentAttributableToNoncontrollingInterest' xlink:label='loc_OtherComprehensiveIncomeLossFinancialLiabilityFairValueOptionBeforeTaxAfterReclassificationAdjustmentAttributableToNoncontrollingInterest' xlink:type='locator' />
    <link:loc xlink:href='../elts/us-gaap-2024.xsd#us-gaap_OtherComprehensiveIncomeLossDerivativeExcludedComponentIncreaseDecreaseAfterAdjustmentsBeforeTaxNoncontrollingInterest1' xlink:label='loc_OtherComprehensiveIncomeLossDerivativeExcludedComponentIncreaseDecreaseAfterAdjustmentsBeforeTaxNoncontrollingInterest1' xlink:type='locator' />
    <link:loc xlink:href='../elts/us-gaap-2024.xsd#us-gaap_OciEquityMethodInvestmentBeforeTaxNoncontrollingInterest' xlink:label='loc_OciEquityMethodInvestmentBeforeTaxNoncontrollingInterest' xlink:type='locator' />
    <link:loc xlink:href='../elts/us-gaap-2024.xsd#us-gaap_OciLiabilityForFuturePolicyBenefitGainLossAfterReclassificationAdjustmentBeforeTaxNoncontrollingInterest' xlink:label='loc_OciLiabilityForFuturePolicyBenefitGainLossAfterReclassificationAdjustmentBeforeTaxNoncontrollingInterest' xlink:type='locator' />
    <link:loc xlink:href='../elts/us-gaap-2024.xsd#us-gaap_OciMarketRiskBenefitInstrumentSpecificCreditRiskGainLossAfterAdjustmentsBeforeTaxNoncontrollingInterest' xlink:label='loc_OciMarketRiskBenefitInstrumentSpecificCreditRiskGainLossAfterAdjustmentsBeforeTaxNoncontrollingInterest' xlink:type='locator' />
    <link:loc xlink:href='../elts/us-gaap-2024.xsd#us-gaap_OtherComprehensiveIncomeLossTaxPortionAttributableToNoncontrollingInterest' xlink:label='loc_OtherComprehensiveIncomeLossTaxPortionAttributableToNoncontrollingInterest' xlink:type='locator' />
    <link:loc xlink:href='../elts/us-gaap-2024.xsd#us-gaap_OtherComprehensiveIncomeAvailableforsaleSecuritiesTaxPortionAttributableToNoncontrollingInterest' xlink:label='loc_OtherComprehensiveIncomeAvailableforsaleSecuritiesTaxPortionAttributableToNoncontrollingInterest' xlink:type='locator' />
    <link:loc xlink:href='../elts/us-gaap-2024.xsd#us-gaap_OtherComprehensiveIncomeLossCashFlowHedgeGainLossAfterReclassificationTaxNoncontrollingInterest' xlink:label='loc_OtherComprehensiveIncomeLossCashFlowHedgeGainLossAfterReclassificationTaxNoncontrollingInterest' xlink:type='locator' />
    <link:loc xlink:href='../elts/us-gaap-2024.xsd#us-gaap_OtherComprehensiveIncomeForeignCurrencyTranslationAdjustmentTaxPortionAttributableToNoncontrollingInterest' xlink:label='loc_OtherComprehensiveIncomeForeignCurrencyTranslationAdjustmentTaxPortionAttributableToNoncontrollingInterest' xlink:type='locator' />
    <link:loc xlink:href='../elts/us-gaap-2024.xsd#us-gaap_OtherComprehensiveIncomeDefinedBenefitPlansTaxPortionAttributableToNoncontrollingInterest' xlink:label='loc_OtherComprehensiveIncomeDefinedBenefitPlansTaxPortionAttributableToNoncontrollingInterest' xlink:type='locator' />
    <link:loc xlink:href='../elts/us-gaap-2024.xsd#us-gaap_OtherComprehensiveIncomeLossFinancialLiabilityFairValueOptionAfterReclassificationAdjustmentTaxAttributableToNoncontrollingInterest' xlink:label='loc_OtherComprehensiveIncomeLossFinancialLiabilityFairValueOptionAfterReclassificationAdjustmentTaxAttributableToNoncontrollingInterest' xlink:type='locator' />
    <link:loc xlink:href='../elts/us-gaap-2024.xsd#us-gaap_OtherComprehensiveIncomeLossDerivativeExcludedComponentIncreaseDecreaseAfterAdjustmentsTaxNoncontrollingInterest1' xlink:label='loc_OtherComprehensiveIncomeLossDerivativeExcludedComponentIncreaseDecreaseAfterAdjustmentsTaxNoncontrollingInterest1' xlink:type='locator' />
    <link:loc xlink:href='../elts/us-gaap-2024.xsd#us-gaap_OciEquityMethodInvestmentTaxNoncontrollingInterest' xlink:label='loc_OciEquityMethodInvestmentTaxNoncontrollingInterest' xlink:type='locator' />
    <link:loc xlink:href='../elts/us-gaap-2024.xsd#us-gaap_OciLiabilityForFuturePolicyBenefitGainLossAfterReclassificationAdjustmentTaxNoncontrollingInterest' xlink:label='loc_OciLiabilityForFuturePolicyBenefitGainLossAfterReclassificationAdjustmentTaxNoncontrollingInterest' xlink:type='locator' />
    <link:loc xlink:href='../elts/us-gaap-2024.xsd#us-gaap_OciMarketRiskBenefitInstrumentSpecificCreditRiskGainLossAfterAdjustmentsTaxNoncontrollingInterest' xlink:label='loc_OciMarketRiskBenefitInstrumentSpecificCreditRiskGainLossAfterAdjustmentsTaxNoncontrollingInterest' xlink:type='locator' />
    <link:loc xlink:href='../elts/us-gaap-2024.xsd#us-gaap_Revenues' xlink:label='loc_Revenues' xlink:type='locator' />
    <link:loc xlink:href='../elts/us-gaap-2024.xsd#us-gaap_RevenueFromContractWithCustomerExcludingAssessedTax' xlink:label='loc_RevenueFromContractWithCustomerExcludingAssessedTax' xlink:type='locator' />
    <link:loc xlink:href='../elts/us-gaap-2024.xsd#us-gaap_RevenueNotFromContractWithCustomer' xlink:label='loc_RevenueNotFromContractWithCustomer' xlink:type='locator' />
    <link:loc xlink:href='../elts/us-gaap-2024.xsd#us-gaap_InterestExpense' xlink:label='loc_InterestExpense' xlink:type='locator' />
    <link:loc xlink:href='../elts/us-gaap-2024.xsd#us-gaap_InterestCostsIncurred' xlink:label='loc_InterestCostsIncurred' xlink:type='locator' />
    <link:loc xlink:href='../elts/us-gaap-2024.xsd#us-gaap_InterestExpenseDebt' xlink:label='loc_InterestExpenseDebt' xlink:type='locator' />
    <link:loc xlink:href='../elts/us-gaap-2024.xsd#us-gaap_AmortizationOfDebtDiscountPremium' xlink:label='loc_AmortizationOfDebtDiscountPremium' xlink:type='locator' />
    <link:loc xlink:href='../elts/us-gaap-2024.xsd#us-gaap_AmortizationOfFinancingCosts' xlink:label='loc_AmortizationOfFinancingCosts' xlink:type='locator' />
    <link:loc xlink:href='../elts/us-gaap-2024.xsd#us-gaap_InterestExpenseDebtExcludingAmortization' xlink:label='loc_InterestExpenseDebtExcludingAmortization' xlink:type='locator' />
    <link:loc xlink:href='../elts/us-gaap-2024.xsd#us-gaap_InterestCostsIncurredCapitalized' xlink:label='loc_InterestCostsIncurredCapitalized' xlink:type='locator' />
    <link:loc xlink:href='../elts/us-gaap-2024.xsd#us-gaap_InterestCostsCapitalized' xlink:label='loc_InterestCostsCapitalized' xlink:type='locator' />
    <link:loc xlink:href='../elts/us-gaap-2024.xsd#us-gaap_PublicUtilitiesAllowanceForFundsUsedDuringConstructionCapitalizedInterest' xlink:label='loc_PublicUtilitiesAllowanceForFundsUsedDuringConstructionCapitalizedInterest' xlink:type='locator' />
    <link:loc xlink:href='../elts/us-gaap-2024.xsd#us-gaap_InterestCostsCapitalizedAdjustment' xlink:label='loc_InterestCostsCapitalizedAdjustment' xlink:type='locator' />
    <link:loc xlink:href='../elts/us-gaap-2024.xsd#us-gaap_InterestRevenueExpenseNet' xlink:label='loc_InterestRevenueExpenseNet' xlink:type='locator' />
    <link:loc xlink:href='../elts/us-gaap-2024.xsd#us-gaap_InterestIncomeExpenseNet' xlink:label='loc_InterestIncomeExpenseNet' xlink:type='locator' />
    <link:loc xlink:href='../elts/us-gaap-2024.xsd#us-gaap_InterestIncomeExpenseNonoperatingNet' xlink:label='loc_InterestIncomeExpenseNonoperatingNet' xlink:type='locator' />
    <link:loc xlink:href='../elts/us-gaap-2024.xsd#us-gaap_InvestmentIncomeInterest' xlink:label='loc_InvestmentIncomeInterest' xlink:type='locator' />
    <link:loc xlink:href='../elts/us-gaap-2024.xsd#us-gaap_InterestExpenseNonoperating' xlink:label='loc_InterestExpenseNonoperating' xlink:type='locator' />
    <link:calculationArc order='10' weight='1.0' xlink:arcrole='https://xbrl.org/2023/arcrole/summation-item' xlink:from='loc_ComprehensiveIncomeNetOfTax' xlink:to='loc_ComprehensiveIncomeNetOfTaxIncludingPortionAttributableToNoncontrollingInterest' xlink:type='arc' />
    <link:calculationArc order='10' weight='1.0' xlink:arcrole='https://xbrl.org/2023/arcrole/summation-item' xlink:from='loc_ComprehensiveIncomeNetOfTaxIncludingPortionAttributableToNoncontrollingInterest' xlink:to='loc_OtherComprehensiveIncomeLossNetOfTax' xlink:type='arc' />
    <link:calculationArc order='10' weight='1.0' xlink:arcrole='https://xbrl.org/2023/arcrole/summation-item' xlink:from='loc_OtherComprehensiveIncomeLossNetOfTax' xlink:to='loc_OtherComprehensiveIncomeLossBeforeTax' xlink:type='arc' />
    <link:calculationArc order='10' weight='1.0' xlink:arcrole='https://xbrl.org/2023/arcrole/summation-item' xlink:from='loc_OtherComprehensiveIncomeLossBeforeTax' xlink:to='loc_OtherComprehensiveIncomeLossAvailableForSaleSecuritiesAdjustmentBeforeTax' xlink:type='arc' />
    <link:calculationArc order='20' weight='1.0' xlink:arcrole='https://xbrl.org/2023/arcrole/summation-item' xlink:from='loc_OtherComprehensiveIncomeLossBeforeTax' xlink:to='loc_OtherComprehensiveIncomeLossCashFlowHedgeGainLossAfterReclassificationBeforeTax' xlink:type='arc' />
    <link:calculationArc order='30' weight='1.0' xlink:arcrole='https://xbrl.org/2023/arcrole/summation-item' xlink:from='loc_OtherComprehensiveIncomeLossBeforeTax' xlink:to='loc_OtherComprehensiveIncomeLossForeignCurrencyTransactionAndTranslationAdjustmentBeforeTax' xlink:type='arc' />
    <link:calculationArc order='40' weight='-1.0' xlink:arcrole='https://xbrl.org/2023/arcrole/summation-item' xlink:from='loc_OtherComprehensiveIncomeLossBeforeTax' xlink:to='loc_OtherComprehensiveIncomeLossPensionAndOtherPostretirementBenefitPlansAdjustmentBeforeTax' xlink:type='arc' />
    <link:calculationArc order='10' weight='1.0' xlink:arcrole='https://xbrl.org/2023/arcrole/summation-item' xlink:from='loc_OtherComprehensiveIncomeLossPensionAndOtherPostretirementBenefitPlansAdjustmentBeforeTax' xlink:to='loc_OtherComprehensiveIncomeLossPensionAndOtherPostretirementBenefitPlansAdjustmentBeforeReclassificationAdjustmentsAndTax' xlink:type='arc' />
    <link:calculationArc order='10' weight='-1.0' xlink:arcrole='https://xbrl.org/2023/arcrole/summation-item' xlink:from='loc_OtherComprehensiveIncomeLossPensionAndOtherPostretirementBenefitPlansAdjustmentBeforeReclassificationAdjustmentsAndTax' xlink:to='loc_OtherComprehensiveIncomeLossPensionAndOtherPostretirementBenefitPlansNetUnamortizedGainLossArisingDuringPeriodBeforeTax' xlink:type='arc' />
    <link:calculationArc order='20' weight='1.0' xlink:arcrole='https://xbrl.org/2023/arcrole/summation-item' xlink:from='loc_OtherComprehensiveIncomeLossPensionAndOtherPostretirementBenefitPlansAdjustmentBeforeReclassificationAdjustmentsAndTax' xlink:to='loc_OtherComprehensiveIncomeDefinedBenefitPlanNetPriorServiceCostCreditArisingDuringPeriodBeforeTax' xlink:type='arc' />
    <link:calculationArc order='30' weight='-1.0' xlink:arcrole='https://xbrl.org/2023/arcrole/summation-item' xlink:from='loc_OtherComprehensiveIncomeLossPensionAndOtherPostretirementBenefitPlansAdjustmentBeforeReclassificationAdjustmentsAndTax' xlink:to='loc_OtherComprehensiveIncomeLossFinalizationOfPensionAndNonPensionPostretirementPlanValuationBeforeTax' xlink:type='arc' />
    <link:calculationArc order='20' weight='-1.0' xlink:arcrole='https://xbrl.org/2023/arcrole/summation-item' xlink:from='loc_OtherComprehensiveIncomeLossPensionAndOtherPostretirementBenefitPlansAdjustmentBeforeTax' xlink:to='loc_OtherComprehensiveIncomeLossReclassificationAdjustmentFromAOCIPensionAndOtherPostretirementBenefitPlansBeforeTax' xlink:type='arc' />
    <link:calculationArc order='10' weight='-1.0' xlink:arcrole='https://xbrl.org/2023/arcrole/summation-item' xlink:from='loc_OtherComprehensiveIncomeLossReclassificationAdjustmentFromAOCIPensionAndOtherPostretirementBenefitPlansBeforeTax' xlink:to='loc_OtherComprehensiveIncomeLossReclassificationAdjustmentFromAOCIPensionAndOtherPostretirementBenefitPlansForNetGainLossBeforeTax' xlink:type='arc' />
    <link:calculationArc order='20' weight='1.0' xlink:arcrole='https://xbrl.org/2023/arcrole/summation-item' xlink:from='loc_OtherComprehensiveIncomeLossReclassificationAdjustmentFromAOCIPensionAndOtherPostretirementBenefitPlansBeforeTax' xlink:to='loc_OtherComprehensiveIncomeLossAmortizationAdjustmentFromAOCIPensionAndOtherPostretirementBenefitPlansForNetPriorServiceCostCreditBeforeTax' xlink:type='arc' />
    <link:calculationArc order='30' weight='-1.0' xlink:arcrole='https://xbrl.org/2023/arcrole/summation-item' xlink:from='loc_OtherComprehensiveIncomeLossReclassificationAdjustmentFromAOCIPensionAndOtherPostretirementBenefitPlansBeforeTax' xlink:to='loc_OtherComprehensiveIncomeLossReclassificationAdjustmentFromAOCIPensionAndOtherPostretirementBenefitPlansForNetTransitionAssetObligationBeforeTax' xlink:type='arc' />
    <link:calculationArc order='50' weight='1.0' xlink:arcrole='https://xbrl.org/2023/arcrole/summation-item' xlink:from='loc_OtherComprehensiveIncomeLossBeforeTax' xlink:to='loc_OtherComprehensiveIncomeLossFinancialLiabilityFairValueOptionBeforeTaxAfterReclassificationAdjustment' xlink:type='arc' />
    <link:calculationArc order='60' weight='1.0' xlink:arcrole='https://xbrl.org/2023/arcrole/summation-item' xlink:from='loc_OtherComprehensiveIncomeLossBeforeTax' xlink:to='loc_OtherComprehensiveIncomeLossDerivativeExcludedComponentIncreaseDecreaseAfterAdjustmentsBeforeTax' xlink:type='arc' />
    <link:calculationArc order='70' weight='1.0' xlink:arcrole='https://xbrl.org/2023/arcrole/summation-item' xlink:from='loc_OtherComprehensiveIncomeLossBeforeTax' xlink:to='loc_OciEquityMethodInvestmentBeforeTax' xlink:type='arc' />
    <link:calculationArc order='80' weight='1.0' xlink:arcrole='https://xbrl.org/2023/arcrole/summation-item' xlink:from='loc_OtherComprehensiveIncomeLossBeforeTax' xlink:to='loc_OciLiabilityForFuturePolicyBenefitGainLossAfterReclassificationAdjustmentBeforeTax' xlink:type='arc' />
    <link:calculationArc order='10' weight='1.0' xlink:arcrole='https://xbrl.org/2023/arcrole/summation-item' xlink:from='loc_OciLiabilityForFuturePolicyBenefitGainLossAfterReclassificationAdjustmentBeforeTax' xlink:to='loc_OciLiabilityForFuturePolicyBenefitGainLossBeforeReclassificationAdjustmentAndTax' xlink:type='arc' />
    <link:calculationArc order='20' weight='-1.0' xlink:arcrole='https://xbrl.org/2023/arcrole/summation-item' xlink:from='loc_OciLiabilityForFuturePolicyBenefitGainLossAfterReclassificationAdjustmentBeforeTax' xlink:to='loc_OciLiabilityForFuturePolicyBenefitGainLossReclassificationAdjustmentFromAociBeforeTax' xlink:type='arc' />
    <link:calculationArc order='90' weight='1.0' xlink:arcrole='https://xbrl.org/2023/arcrole/summation-item' xlink:from='loc_OtherComprehensiveIncomeLossBeforeTax' xlink:to='loc_OciMarketRiskBenefitInstrumentSpecificCreditRiskGainLossAfterAdjustmentsBeforeTax' xlink:type='arc' />
    <link:calculationArc order='10' weight='1.0' xlink:arcrole='https://xbrl.org/2023/arcrole/summation-item' xlink:from='loc_OciMarketRiskBenefitInstrumentSpecificCreditRiskGainLossAfterAdjustmentsBeforeTax' xlink:to='loc_OciMarketRiskBenefitInstrumentSpecificCreditRiskGainLossBeforeAdjustmentsAndTax' xlink:type='arc' />
    <link:calculationArc order='20' weight='-1.0' xlink:arcrole='https://xbrl.org/2023/arcrole/summation-item' xlink:from='loc_OciMarketRiskBenefitInstrumentSpecificCreditRiskGainLossAfterAdjustmentsBeforeTax' xlink:to='loc_OciMarketRiskBenefitInstrumentSpecificCreditRiskGainLossReclassificationAdjustmentFromAociBeforeTax' xlink:type='arc' />
    <link:calculationArc order='30' weight='-1.0' xlink:arcrole='https://xbrl.org/2023/arcrole/summation-item' xlink:from='loc_OciMarketRiskBenefitInstrumentSpecificCreditRiskGainLossAfterAdjustmentsBeforeTax' xlink:to='loc_OciMarketRiskBenefitInstrumentSpecificCreditRiskAdjustmentFromAociForDerecognitionBeforeTax' xlink:type='arc' />
    <link:calculationArc order='20' weight='-1.0' xlink:arcrole='https://xbrl.org/2023/arcrole/summation-item' xlink:from='loc_OtherComprehensiveIncomeLossNetOfTax' xlink:to='loc_OtherComprehensiveIncomeLossTax' xlink:type='arc' />
    <link:calculationArc order='10' weight='1.0' xlink:arcrole='https://xbrl.org/2023/arcrole/summation-item' xlink:from='loc_OtherComprehensiveIncomeLossTax' xlink:to='loc_OtherComprehensiveIncomeLossAvailableForSaleSecuritiesTax' xlink:type='arc' />
    <link:calculationArc order='20' weight='1.0' xlink:arcrole='https://xbrl.org/2023/arcrole/summation-item' xlink:from='loc_OtherComprehensiveIncomeLossTax' xlink:to='loc_OtherComprehensiveIncomeLossCashFlowHedgeGainLossAfterReclassificationTax' xlink:type='arc' />
    <link:calculationArc order='30' weight='1.0' xlink:arcrole='https://xbrl.org/2023/arcrole/summation-item' xlink:from='loc_OtherComprehensiveIncomeLossTax' xlink:to='loc_OtherComprehensiveIncomeLossForeignCurrencyTranslationAdjustmentTax' xlink:type='arc' />
    <link:calculationArc order='40' weight='-1.0' xlink:arcrole='https://xbrl.org/2023/arcrole/summation-item' xlink:from='loc_OtherComprehensiveIncomeLossTax' xlink:to='loc_OtherComprehensiveIncomeLossPensionAndOtherPostretirementBenefitPlansTax' xlink:type='arc' />
    <link:calculationArc order='10' weight='1.0' xlink:arcrole='https://xbrl.org/2023/arcrole/summation-item' xlink:from='loc_OtherComprehensiveIncomeLossPensionAndOtherPostretirementBenefitPlansTax' xlink:to='loc_OtherComprehensiveIncomeLossPensionAndOtherPostretirementBenefitPlansBeforeReclassificationAdjustmentsTax' xlink:type='arc' />
    <link:calculationArc order='10' weight='-1.0' xlink:arcrole='https://xbrl.org/2023/arcrole/summation-item' xlink:from='loc_OtherComprehensiveIncomeLossPensionAndOtherPostretirementBenefitPlansBeforeReclassificationAdjustmentsTax' xlink:to='loc_OtherComprehensiveIncomeDefinedBenefitPlansNetUnamortizedGainLossArisingDuringPeriodTax' xlink:type='arc' />
    <link:calculationArc order='20' weight='1.0' xlink:arcrole='https://xbrl.org/2023/arcrole/summation-item' xlink:from='loc_OtherComprehensiveIncomeLossPensionAndOtherPostretirementBenefitPlansBeforeReclassificationAdjustmentsTax' xlink:to='loc_OtherComprehensiveIncomeLossPensionAndOtherPostretirementBenefitPlansPlanAmendmentsTaxEffect' xlink:type='arc' />
    <link:calculationArc order='10' weight='1.0' xlink:arcrole='https://xbrl.org/2023/arcrole/summation-item' xlink:from='loc_OtherComprehensiveIncomeLossPensionAndOtherPostretirementBenefitPlansPlanAmendmentsTaxEffect' xlink:to='loc_OtherComprehensiveIncomeLossPensionAndOtherPostretirementBenefitPlansBenefitPlanImprovementTaxEffect' xlink:type='arc' />
    <link:calculationArc order='20' weight='-1.0' xlink:arcrole='https://xbrl.org/2023/arcrole/summation-item' xlink:from='loc_OtherComprehensiveIncomeLossPensionAndOtherPostretirementBenefitPlansPlanAmendmentsTaxEffect' xlink:to='loc_OtherComprehensiveIncomeFinalizationOfPensionAndNonPensionPostretirementPlanValuationTax' xlink:type='arc' />
    <link:calculationArc order='20' weight='-1.0' xlink:arcrole='https://xbrl.org/2023/arcrole/summation-item' xlink:from='loc_OtherComprehensiveIncomeLossPensionAndOtherPostretirementBenefitPlansTax' xlink:to='loc_OtherComprehensiveIncomeLossReclassificationAdjustmentFromAOCIPensionAndOtherPostretirementBenefitPlansTax' xlink:type='arc' />
    <link:calculationArc order='10' weight='-1.0' xlink:arcrole='https://xbrl.org/2023/arcrole/summation-item' xlink:from='loc_OtherComprehensiveIncomeLossReclassificationAdjustmentFromAOCIPensionAndOtherPostretirementBenefitPlansTax' xlink:to='loc_OtherComprehensiveIncomeLossReclassificationAdjustmentFromAOCIPensionAndOtherPostretirementBenefitPlansForNetGainLossTax' xlink:type='arc' />
    <link:calculationArc order='20' weight='1.0' xlink:arcrole='https://xbrl.org/2023/arcrole/summation-item' xlink:from='loc_OtherComprehensiveIncomeLossReclassificationAdjustmentFromAOCIPensionAndOtherPostretirementBenefitPlansTax' xlink:to='loc_OtherComprehensiveIncomeLossAmortizationAdjustmentFromAOCIPensionAndOtherPostretirementBenefitPlansForNetPriorServiceCostCreditTax' xlink:type='arc' />
    <link:calculationArc order='30' weight='-1.0' xlink:arcrole='https://xbrl.org/2023/arcrole/summation-item' xlink:from='loc_OtherComprehensiveIncomeLossReclassificationAdjustmentFromAOCIPensionAndOtherPostretirementBenefitPlansTax' xlink:to='loc_OtherComprehensiveIncomeLossReclassificationAdjustmentFromAOCIPensionAndOtherPostretirementBenefitPlansForNetTransitionAssetObligationTax' xlink:type='arc' />
    <link:calculationArc order='50' weight='1.0' xlink:arcrole='https://xbrl.org/2023/arcrole/summation-item' xlink:from='loc_OtherComprehensiveIncomeLossTax' xlink:to='loc_OtherComprehensiveIncomeLossFinancialLiabilityFairValueOptionAfterReclassificationAdjustmentTax' xlink:type='arc' />
    <link:calculationArc order='60' weight='1.0' xlink:arcrole='https://xbrl.org/2023/arcrole/summation-item' xlink:from='loc_OtherComprehensiveIncomeLossTax' xlink:to='loc_OtherComprehensiveIncomeLossDerivativeExcludedComponentIncreaseDecreaseAfterAdjustmentsTax' xlink:type='arc' />
    <link:calculationArc order='70' weight='1.0' xlink:arcrole='https://xbrl.org/2023/arcrole/summation-item' xlink:from='loc_OtherComprehensiveIncomeLossTax' xlink:to='loc_OciEquityMethodInvestmentTax' xlink:type='arc' />
    <link:calculationArc order='80' weight='1.0' xlink:arcrole='https://xbrl.org/2023/arcrole/summation-item' xlink:from='loc_OtherComprehensiveIncomeLossTax' xlink:to='loc_OciLiabilityForFuturePolicyBenefitGainLossAfterReclassificationAdjustmentTax' xlink:type='arc' />
    <link:calculationArc order='10' weight='1.0' xlink:arcrole='https://xbrl.org/2023/arcrole/summation-item' xlink:from='loc_OciLiabilityForFuturePolicyBenefitGainLossAfterReclassificationAdjustmentTax' xlink:to='loc_OciLiabilityForFuturePolicyBenefitGainLossBeforeReclassificationAdjustmentTax' xlink:type='arc' />
    <link:calculationArc order='20' weight='-1.0' xlink:arcrole='https://xbrl.org/2023/arcrole/summation-item' xlink:from='loc_OciLiabilityForFuturePolicyBenefitGainLossAfterReclassificationAdjustmentTax' xlink:to='loc_OciLiabilityForFuturePolicyBenefitGainLossReclassificationAdjustmentFromAociTax' xlink:type='arc' />
    <link:calculationArc order='90' weight='1.0' xlink:arcrole='https://xbrl.org/2023/arcrole/summation-item' xlink:from='loc_OtherComprehensiveIncomeLossTax' xlink:to='loc_OciMarketRiskBenefitInstrumentSpecificCreditRiskGainLossAfterAdjustmentsTax' xlink:type='arc' />
    <link:calculationArc order='10' weight='-1.0' xlink:arcrole='https://xbrl.org/2023/arcrole/summation-item' xlink:from='loc_OciMarketRiskBenefitInstrumentSpecificCreditRiskGainLossAfterAdjustmentsTax' xlink:to='loc_OciMarketRiskBenefitInstrumentSpecificCreditRiskGainLossReclassificationAdjustmentFromAociTax' xlink:type='arc' />
    <link:calculationArc order='20' weight='-1.0' xlink:arcrole='https://xbrl.org/2023/arcrole/summation-item' xlink:from='loc_OciMarketRiskBenefitInstrumentSpecificCreditRiskGainLossAfterAdjustmentsTax' xlink:to='loc_OciMarketRiskBenefitInstrumentSpecificCreditRiskAdjustmentFromAociTax' xlink:type='arc' />
    <link:calculationArc order='30' weight='1.0' xlink:arcrole='https://xbrl.org/2023/arcrole/summation-item' xlink:from='loc_OciMarketRiskBenefitInstrumentSpecificCreditRiskGainLossAfterAdjustmentsTax' xlink:to='loc_OciMarketRiskBenefitInstrumentSpecificCreditRiskGainLossBeforeAdjustmentsTax' xlink:type='arc' />
    <link:calculationArc order='20' weight='1.0' xlink:arcrole='https://xbrl.org/2023/arcrole/summation-item' xlink:from='loc_ComprehensiveIncomeNetOfTaxIncludingPortionAttributableToNoncontrollingInterest' xlink:to='loc_NetIncomeLossIncludingPortionAttributableToNonredeemableNoncontrollingInterest' xlink:type='arc' />
    <link:calculationArc order='10' weight='1.0' xlink:arcrole='https://xbrl.org/2023/arcrole/summation-item' xlink:from='loc_NetIncomeLossIncludingPortionAttributableToNonredeemableNoncontrollingInterest' xlink:to='loc_ProfitLoss' xlink:type='arc' />
    <link:calculationArc order='20' weight='-1.0' xlink:arcrole='https://xbrl.org/2023/arcrole/summation-item' xlink:from='loc_NetIncomeLossIncludingPortionAttributableToNonredeemableNoncontrollingInterest' xlink:to='loc_NetIncomeLossAttributableToRedeemableNoncontrollingInterest' xlink:type='arc' />
    <link:calculationArc order='20' weight='-1.0' xlink:arcrole='https://xbrl.org/2023/arcrole/summation-item' xlink:from='loc_ComprehensiveIncomeNetOfTax' xlink:to='loc_ComprehensiveIncomeNetOfTaxAttributableToNoncontrollingInterest' xlink:type='arc' />
    <link:calculationArc order='10' weight='1.0' xlink:arcrole='https://xbrl.org/2023/arcrole/summation-item' xlink:from='loc_ComprehensiveIncomeNetOfTaxAttributableToNoncontrollingInterest' xlink:to='loc_NetIncomeLossAttributableToNoncontrollingInterest' xlink:type='arc' />
    <link:calculationArc order='20' weight='1.0' xlink:arcrole='https://xbrl.org/2023/arcrole/summation-item' xlink:from='loc_ComprehensiveIncomeNetOfTaxAttributableToNoncontrollingInterest' xlink:to='loc_OtherComprehensiveIncomeLossNetOfTaxPortionAttributableToNoncontrollingInterest' xlink:type='arc' />
    <link:calculationArc order='10' weight='1.0' xlink:arcrole='https://xbrl.org/2023/arcrole/summation-item' xlink:from='loc_OtherComprehensiveIncomeLossNetOfTaxPortionAttributableToNoncontrollingInterest' xlink:to='loc_OtherComprehensiveIncomeLossBeforeTaxPortionAttributableToNoncontrollingInterest' xlink:type='arc' />
    <link:calculationArc order='10' weight='1.0' xlink:arcrole='https://xbrl.org/2023/arcrole/summation-item' xlink:from='loc_OtherComprehensiveIncomeLossBeforeTaxPortionAttributableToNoncontrollingInterest' xlink:to='loc_OtherComprehensiveIncomeAvailableforsaleSecuritiesAdjustmentBeforeTaxPortionAttributableToNoncontrollingInterest' xlink:type='arc' />
    <link:calculationArc order='20' weight='1.0' xlink:arcrole='https://xbrl.org/2023/arcrole/summation-item' xlink:from='loc_OtherComprehensiveIncomeLossBeforeTaxPortionAttributableToNoncontrollingInterest' xlink:to='loc_OtherComprehensiveIncomeLossCashFlowHedgeGainLossAfterReclassificationBeforeTaxNoncontrollingInterest' xlink:type='arc' />
    <link:calculationArc order='30' weight='1.0' xlink:arcrole='https://xbrl.org/2023/arcrole/summation-item' xlink:from='loc_OtherComprehensiveIncomeLossBeforeTaxPortionAttributableToNoncontrollingInterest' xlink:to='loc_OtherComprehensiveIncomeForeignCurrencyTransactionAndTranslationAdjustmentBeforeTaxPortionAttributableToNoncontrollingInterest' xlink:type='arc' />
    <link:calculationArc order='40' weight='-1.0' xlink:arcrole='https://xbrl.org/2023/arcrole/summation-item' xlink:from='loc_OtherComprehensiveIncomeLossBeforeTaxPortionAttributableToNoncontrollingInterest' xlink:to='loc_OtherComprehensiveIncomeDefinedBenefitPlansAdjustmentBeforeTaxPortionAttributableToNoncontrollingInterest' xlink:type='arc' />
    <link:calculationArc order='50' weight='1.0' xlink:arcrole='https://xbrl.org/2023/arcrole/summation-item' xlink:from='loc_OtherComprehensiveIncomeLossBeforeTaxPortionAttributableToNoncontrollingInterest' xlink:to='loc_OtherComprehensiveIncomeLossFinancialLiabilityFairValueOptionBeforeTaxAfterReclassificationAdjustmentAttributableToNoncontrollingInterest' xlink:type='arc' />
    <link:calculationArc order='60' weight='1.0' xlink:arcrole='https://xbrl.org/2023/arcrole/summation-item' xlink:from='loc_OtherComprehensiveIncomeLossBeforeTaxPortionAttributableToNoncontrollingInterest' xlink:to='loc_OtherComprehensiveIncomeLossDerivativeExcludedComponentIncreaseDecreaseAfterAdjustmentsBeforeTaxNoncontrollingInterest1' xlink:type='arc' />
    <link:calculationArc order='70' weight='1.0' xlink:arcrole='https://xbrl.org/2023/arcrole/summation-item' xlink:from='loc_OtherComprehensiveIncomeLossBeforeTaxPortionAttributableToNoncontrollingInterest' xlink:to='loc_OciEquityMethodInvestmentBeforeTaxNoncontrollingInterest' xlink:type='arc' />
    <link:calculationArc order='80' weight='1.0' xlink:arcrole='https://xbrl.org/2023/arcrole/summation-item' xlink:from='loc_OtherComprehensiveIncomeLossBeforeTaxPortionAttributableToNoncontrollingInterest' xlink:to='loc_OciLiabilityForFuturePolicyBenefitGainLossAfterReclassificationAdjustmentBeforeTaxNoncontrollingInterest' xlink:type='arc' />
    <link:calculationArc order='90' weight='1.0' xlink:arcrole='https://xbrl.org/2023/arcrole/summation-item' xlink:from='loc_OtherComprehensiveIncomeLossBeforeTaxPortionAttributableToNoncontrollingInterest' xlink:to='loc_OciMarketRiskBenefitInstrumentSpecificCreditRiskGainLossAfterAdjustmentsBeforeTaxNoncontrollingInterest' xlink:type='arc' />
    <link:calculationArc order='20' weight='-1.0' xlink:arcrole='https://xbrl.org/2023/arcrole/summation-item' xlink:from='loc_OtherComprehensiveIncomeLossNetOfTaxPortionAttributableToNoncontrollingInterest' xlink:to='loc_OtherComprehensiveIncomeLossTaxPortionAttributableToNoncontrollingInterest' xlink:type='arc' />
    <link:calculationArc order='10' weight='1.0' xlink:arcrole='https://xbrl.org/2023/arcrole/summation-item' xlink:from='loc_OtherComprehensiveIncomeLossTaxPortionAttributableToNoncontrollingInterest' xlink:to='loc_OtherComprehensiveIncomeAvailableforsaleSecuritiesTaxPortionAttributableToNoncontrollingInterest' xlink:type='arc' />
    <link:calculationArc order='20' weight='1.0' xlink:arcrole='https://xbrl.org/2023/arcrole/summation-item' xlink:from='loc_OtherComprehensiveIncomeLossTaxPortionAttributableToNoncontrollingInterest' xlink:to='loc_OtherComprehensiveIncomeLossCashFlowHedgeGainLossAfterReclassificationTaxNoncontrollingInterest' xlink:type='arc' />
    <link:calculationArc order='30' weight='1.0' xlink:arcrole='https://xbrl.org/2023/arcrole/summation-item' xlink:from='loc_OtherComprehensiveIncomeLossTaxPortionAttributableToNoncontrollingInterest' xlink:to='loc_OtherComprehensiveIncomeForeignCurrencyTranslationAdjustmentTaxPortionAttributableToNoncontrollingInterest' xlink:type='arc' />
    <link:calculationArc order='40' weight='-1.0' xlink:arcrole='https://xbrl.org/2023/arcrole/summation-item' xlink:from='loc_OtherComprehensiveIncomeLossTaxPortionAttributableToNoncontrollingInterest' xlink:to='loc_OtherComprehensiveIncomeDefinedBenefitPlansTaxPortionAttributableToNoncontrollingInterest' xlink:type='arc' />
    <link:calculationArc order='50' weight='1.0' xlink:arcrole='https://xbrl.org/2023/arcrole/summation-item' xlink:from='loc_OtherComprehensiveIncomeLossTaxPortionAttributableToNoncontrollingInterest' xlink:to='loc_OtherComprehensiveIncomeLossFinancialLiabilityFairValueOptionAfterReclassificationAdjustmentTaxAttributableToNoncontrollingInterest' xlink:type='arc' />
    <link:calculationArc order='60' weight='1.0' xlink:arcrole='https://xbrl.org/2023/arcrole/summation-item' xlink:from='loc_OtherComprehensiveIncomeLossTaxPortionAttributableToNoncontrollingInterest' xlink:to='loc_OtherComprehensiveIncomeLossDerivativeExcludedComponentIncreaseDecreaseAfterAdjustmentsTaxNoncontrollingInterest1' xlink:type='arc' />
    <link:calculationArc order='70' weight='1.0' xlink:arcrole='https://xbrl.org/2023/arcrole/summation-item' xlink:from='loc_OtherComprehensiveIncomeLossTaxPortionAttributableToNoncontrollingInterest' xlink:to='loc_OciEquityMethodInvestmentTaxNoncontrollingInterest' xlink:type='arc' />
    <link:calculationArc order='80' weight='1.0' xlink:arcrole='https://xbrl.org/2023/arcrole/summation-item' xlink:from='loc_OtherComprehensiveIncomeLossTaxPortionAttributableToNoncontrollingInterest' xlink:to='loc_OciLiabilityForFuturePolicyBenefitGainLossAfterReclassificationAdjustmentTaxNoncontrollingInterest' xlink:type='arc' />
    <link:calculationArc order='90' weight='1.0' xlink:arcrole='https://xbrl.org/2023/arcrole/summation-item' xlink:from='loc_OtherComprehensiveIncomeLossTaxPortionAttributableToNoncontrollingInterest' xlink:to='loc_OciMarketRiskBenefitInstrumentSpecificCreditRiskGainLossAfterAdjustmentsTaxNoncontrollingInterest' xlink:type='arc' />
    <link:calculationArc order='10' weight='1.0' xlink:arcrole='https://xbrl.org/2023/arcrole/summation-item' xlink:from='loc_Revenues' xlink:to='loc_RevenueFromContractWithCustomerExcludingAssessedTax' xlink:type='arc' />
    <link:calculationArc order='20' weight='1.0' xlink:arcrole='https://xbrl.org/2023/arcrole/summation-item' xlink:from='loc_Revenues' xlink:to='loc_RevenueNotFromContractWithCustomer' xlink:type='arc' />
    <link:calculationArc order='10' weight='1.0' xlink:arcrole='https://xbrl.org/2023/arcrole/summation-item' xlink:from='loc_InterestExpense' xlink:to='loc_InterestCostsIncurred' xlink:type='arc' />
    <link:calculationArc order='10' weight='1.0' xlink:arcrole='https://xbrl.org/2023/arcrole/summation-item' xlink:from='loc_InterestCostsIncurred' xlink:to='loc_InterestExpenseDebt' xlink:type='arc' />
    <link:calculationArc order='10' weight='1.0' xlink:arcrole='https://xbrl.org/2023/arcrole/summation-item' xlink:from='loc_InterestExpenseDebt' xlink:to='loc_AmortizationOfDebtDiscountPremium' xlink:type='arc' />
    <link:calculationArc order='20' weight='1.0' xlink:arcrole='https://xbrl.org/2023/arcrole/summation-item' xlink:from='loc_InterestExpenseDebt' xlink:to='loc_AmortizationOfFinancingCosts' xlink:type='arc' />
    <link:calculationArc order='30' weight='1.0' xlink:arcrole='https://xbrl.org/2023/arcrole/summation-item' xlink:from='loc_InterestExpenseDebt' xlink:to='loc_InterestExpenseDebtExcludingAmortization' xlink:type='arc' />
    <link:calculationArc order='20' weight='1.0' xlink:arcrole='https://xbrl.org/2023/arcrole/summation-item' xlink:from='loc_InterestCostsIncurred' xlink:to='loc_InterestCostsIncurredCapitalized' xlink:type='arc' />
    <link:calculationArc order='10' weight='1.0' xlink:arcrole='https://xbrl.org/2023/arcrole/summation-item' xlink:from='loc_InterestCostsIncurredCapitalized' xlink:to='loc_InterestCostsCapitalized' xlink:type='arc' />
    <link:calculationArc order='20' weight='1.0' xlink:arcrole='https://xbrl.org/2023/arcrole/summation-item' xlink:from='loc_InterestCostsIncurredCapitalized' xlink:to='loc_PublicUtilitiesAllowanceForFundsUsedDuringConstructionCapitalizedInterest' xlink:type='arc' />
    <link:calculationArc order='20' weight='-1.0' xlink:arcrole='https://xbrl.org/2023/arcrole/summation-item' xlink:from='loc_InterestExpense' xlink:to='loc_InterestCostsCapitalizedAdjustment' xlink:type='arc' />
    <link:calculationArc order='10' weight='1.0' xlink:arcrole='https://xbrl.org/2023/arcrole/summation-item' xlink:from='loc_InterestRevenueExpenseNet' xlink:to='loc_InterestIncomeExpenseNet' xlink:type='arc' />
    <link:calculationArc order='20' weight='1.0' xlink:arcrole='https://xbrl.org/2023/arcrole/summation-item' xlink:from='loc_InterestRevenueExpenseNet' xlink:to='loc_InterestIncomeExpenseNonoperatingNet' xlink:type='arc' />
    <link:calculationArc order='10' weight='1.0' xlink:arcrole='https://xbrl.org/2023/arcrole/summation-item' xlink:from='loc_InterestIncomeExpenseNonoperatingNet' xlink:to='loc_InvestmentIncomeInterest' xlink:type='arc' />
    <link:calculationArc order='20' weight='-1.0' xlink:arcrole='https://xbrl.org/2023/arcrole/summation-item' xlink:from='loc_InterestIncomeExpenseNonoperatingNet' xlink:to='loc_InterestExpenseNonoperating' xlink:type='arc' />
  </link:calculationLink>
</link:linkbase>
