<?xml version='1.0' encoding='UTF-8'?>

<!--
(c) 2010-2024 Financial Accounting Foundation; (c) 2007-2010 XBRL US, Inc.  All Rights Reserved.
Notice: Authorized Uses are Set Forth at https://xbrl.fasb.org/terms/TaxonomiesTermsConditions.html
  -->
<link:linkbase xmlns:link='http://www.xbrl.org/2003/linkbase' xmlns:xlink='http://www.w3.org/1999/xlink' xmlns:xsi='http://www.w3.org/2001/XMLSchema-instance' xsi:schemaLocation='http://www.xbrl.org/2003/linkbase http://www.xbrl.org/2003/xbrl-linkbase-2003-12-31.xsd'>  <link:arcroleRef arcroleURI='https://xbrl.org/2023/arcrole/summation-item' xlink:href='https://www.xbrl.org/2023/calculation-1.1.xsd#summation-item' xlink:type='simple'/>
  <link:roleRef roleURI='http://fasb.org/us-gaap/role/statement/StatementOfOtherComprehensiveIncomeAlternative' xlink:href='../elts/us-roles-2024.xsd#soc2' xlink:type='simple' />
  <link:calculationLink xlink:role='http://fasb.org/us-gaap/role/statement/StatementOfOtherComprehensiveIncomeAlternative' xlink:type='extended'>
    <link:loc xlink:href='../elts/us-gaap-2024.xsd#us-gaap_DefinedBenefitPlanAmountsRecognizedInOtherComprehensiveIncomeLossNetGainLossBeforeTax' xlink:label='loc_DefinedBenefitPlanAmountsRecognizedInOtherComprehensiveIncomeLossNetGainLossBeforeTax' xlink:type='locator' />
    <link:loc xlink:href='../elts/us-gaap-2024.xsd#us-gaap_OtherComprehensiveIncomeLossPensionAndOtherPostretirementBenefitPlansNetUnamortizedGainLossArisingDuringPeriodBeforeTax' xlink:label='loc_OtherComprehensiveIncomeLossPensionAndOtherPostretirementBenefitPlansNetUnamortizedGainLossArisingDuringPeriodBeforeTax' xlink:type='locator' />
    <link:loc xlink:href='../elts/us-gaap-2024.xsd#us-gaap_OtherComprehensiveIncomeLossReclassificationAdjustmentFromAOCIPensionAndOtherPostretirementBenefitPlansForNetGainLossBeforeTax' xlink:label='loc_OtherComprehensiveIncomeLossReclassificationAdjustmentFromAOCIPensionAndOtherPostretirementBenefitPlansForNetGainLossBeforeTax' xlink:type='locator' />
    <link:loc xlink:href='../elts/us-gaap-2024.xsd#us-gaap_DefinedBenefitPlanAmountsRecognizedInOtherComprehensiveIncomeNetPriorServiceCostCreditBeforeTax' xlink:label='loc_DefinedBenefitPlanAmountsRecognizedInOtherComprehensiveIncomeNetPriorServiceCostCreditBeforeTax' xlink:type='locator' />
    <link:loc xlink:href='../elts/us-gaap-2024.xsd#us-gaap_OtherComprehensiveIncomeDefinedBenefitPlanNetPriorServiceCostCreditArisingDuringPeriodBeforeTax' xlink:label='loc_OtherComprehensiveIncomeDefinedBenefitPlanNetPriorServiceCostCreditArisingDuringPeriodBeforeTax' xlink:type='locator' />
    <link:loc xlink:href='../elts/us-gaap-2024.xsd#us-gaap_OtherComprehensiveIncomeLossAmortizationAdjustmentFromAOCIPensionAndOtherPostretirementBenefitPlansForNetPriorServiceCostCreditBeforeTax' xlink:label='loc_OtherComprehensiveIncomeLossAmortizationAdjustmentFromAOCIPensionAndOtherPostretirementBenefitPlansForNetPriorServiceCostCreditBeforeTax' xlink:type='locator' />
    <link:loc xlink:href='../elts/us-gaap-2024.xsd#us-gaap_OtherComprehensiveIncomeLossNetOfTaxPortionAttributableToParent' xlink:label='loc_OtherComprehensiveIncomeLossNetOfTaxPortionAttributableToParent' xlink:type='locator' />
    <link:loc xlink:href='../elts/us-gaap-2024.xsd#us-gaap_OtherComprehensiveIncomeLossNetOfTax' xlink:label='loc_OtherComprehensiveIncomeLossNetOfTax' xlink:type='locator' />
    <link:loc xlink:href='../elts/us-gaap-2024.xsd#us-gaap_OtherComprehensiveIncomeLossAvailableForSaleSecuritiesAdjustmentNetOfTax' xlink:label='loc_OtherComprehensiveIncomeLossAvailableForSaleSecuritiesAdjustmentNetOfTax' xlink:type='locator' />
    <link:loc xlink:href='../elts/us-gaap-2024.xsd#us-gaap_OtherComprehensiveIncomeLossAvailableForSaleSecuritiesAdjustmentBeforeTax' xlink:label='loc_OtherComprehensiveIncomeLossAvailableForSaleSecuritiesAdjustmentBeforeTax' xlink:type='locator' />
    <link:loc xlink:href='../elts/us-gaap-2024.xsd#us-gaap_OtherComprehensiveIncomeLossAvailableForSaleSecuritiesAdjustmentBeforeReclassificationAdjustmentsAndTax' xlink:label='loc_OtherComprehensiveIncomeLossAvailableForSaleSecuritiesAdjustmentBeforeReclassificationAdjustmentsAndTax' xlink:type='locator' />
    <link:loc xlink:href='../elts/us-gaap-2024.xsd#us-gaap_OtherComprehensiveIncomeUnrealizedHoldingGainLossOnSecuritiesArisingDuringPeriodBeforeTax' xlink:label='loc_OtherComprehensiveIncomeUnrealizedHoldingGainLossOnSecuritiesArisingDuringPeriodBeforeTax' xlink:type='locator' />
    <link:loc xlink:href='../elts/us-gaap-2024.xsd#us-gaap_OtherComprehensiveIncomeReclassificationAdjustmentForHeldToMaturityTransferredToAvailableForSaleSecuritiesBeforeTax' xlink:label='loc_OtherComprehensiveIncomeReclassificationAdjustmentForHeldToMaturityTransferredToAvailableForSaleSecuritiesBeforeTax' xlink:type='locator' />
    <link:loc xlink:href='../elts/us-gaap-2024.xsd#us-gaap_OtherComprehensiveIncomeLossReclassificationAdjustmentFromAOCIForWritedownOfSecuritiesBeforeTax' xlink:label='loc_OtherComprehensiveIncomeLossReclassificationAdjustmentFromAOCIForWritedownOfSecuritiesBeforeTax' xlink:type='locator' />
    <link:loc xlink:href='../elts/us-gaap-2024.xsd#us-gaap_OtherComprehensiveIncomeLossReclassificationAdjustmentFromAOCIForSaleOfSecuritiesBeforeTax' xlink:label='loc_OtherComprehensiveIncomeLossReclassificationAdjustmentFromAOCIForSaleOfSecuritiesBeforeTax' xlink:type='locator' />
    <link:loc xlink:href='../elts/us-gaap-2024.xsd#us-gaap_OtherComprehensiveIncomeLossReclassificationAdjustmentFromAociForInvestmentTransferredFromAvailableForSaleToEquityMethodBeforeTax' xlink:label='loc_OtherComprehensiveIncomeLossReclassificationAdjustmentFromAociForInvestmentTransferredFromAvailableForSaleToEquityMethodBeforeTax' xlink:type='locator' />
    <link:loc xlink:href='../elts/us-gaap-2024.xsd#us-gaap_OciDebtSecuritiesAvailableForSaleTransferToHeldToMaturityAdjustmentFromAociForAmortizationOfGainLossBeforeTax' xlink:label='loc_OciDebtSecuritiesAvailableForSaleTransferToHeldToMaturityAdjustmentFromAociForAmortizationOfGainLossBeforeTax' xlink:type='locator' />
    <link:loc xlink:href='../elts/us-gaap-2024.xsd#us-gaap_OtherComprehensiveIncomeLossAvailableForSaleSecuritiesTax' xlink:label='loc_OtherComprehensiveIncomeLossAvailableForSaleSecuritiesTax' xlink:type='locator' />
    <link:loc xlink:href='../elts/us-gaap-2024.xsd#us-gaap_OtherComprehensiveIncomeLossAvailableForSaleSecuritiesBeforeReclassificationAdjustmentsTax' xlink:label='loc_OtherComprehensiveIncomeLossAvailableForSaleSecuritiesBeforeReclassificationAdjustmentsTax' xlink:type='locator' />
    <link:loc xlink:href='../elts/us-gaap-2024.xsd#us-gaap_OtherComprehensiveIncomeUnrealizedHoldingGainLossOnSecuritiesArisingDuringPeriodTax' xlink:label='loc_OtherComprehensiveIncomeUnrealizedHoldingGainLossOnSecuritiesArisingDuringPeriodTax' xlink:type='locator' />
    <link:loc xlink:href='../elts/us-gaap-2024.xsd#us-gaap_OtherComprehensiveIncomeReclassificationAdjustmentForHeldToMaturityTransferredToAvailableForSaleSecuritiesTax' xlink:label='loc_OtherComprehensiveIncomeReclassificationAdjustmentForHeldToMaturityTransferredToAvailableForSaleSecuritiesTax' xlink:type='locator' />
    <link:loc xlink:href='../elts/us-gaap-2024.xsd#us-gaap_OtherComprehensiveIncomeLossReclassificationAdjustmentFromAOCIForWritedownOfSecuritiesTax' xlink:label='loc_OtherComprehensiveIncomeLossReclassificationAdjustmentFromAOCIForWritedownOfSecuritiesTax' xlink:type='locator' />
    <link:loc xlink:href='../elts/us-gaap-2024.xsd#us-gaap_OtherComprehensiveIncomeLossReclassificationAdjustmentFromAOCIForSaleOfSecuritiesTax' xlink:label='loc_OtherComprehensiveIncomeLossReclassificationAdjustmentFromAOCIForSaleOfSecuritiesTax' xlink:type='locator' />
    <link:loc xlink:href='../elts/us-gaap-2024.xsd#us-gaap_OtherComprehensiveIncomeLossReclassificationAdjustmentFromAociForInvestmentTransferredFromAvailableForSaleToEquityMethodTax' xlink:label='loc_OtherComprehensiveIncomeLossReclassificationAdjustmentFromAociForInvestmentTransferredFromAvailableForSaleToEquityMethodTax' xlink:type='locator' />
    <link:loc xlink:href='../elts/us-gaap-2024.xsd#us-gaap_OciDebtSecuritiesAvailableForSaleTransferToHeldToMaturityAdjustmentFromAociForAmortizationOfGainLossTax' xlink:label='loc_OciDebtSecuritiesAvailableForSaleTransferToHeldToMaturityAdjustmentFromAociForAmortizationOfGainLossTax' xlink:type='locator' />
    <link:loc xlink:href='../elts/us-gaap-2024.xsd#us-gaap_OtherComprehensiveIncomeLossCashFlowHedgeGainLossAfterReclassificationAndTax' xlink:label='loc_OtherComprehensiveIncomeLossCashFlowHedgeGainLossAfterReclassificationAndTax' xlink:type='locator' />
    <link:loc xlink:href='../elts/us-gaap-2024.xsd#us-gaap_OtherComprehensiveIncomeLossCashFlowHedgeGainLossAfterReclassificationBeforeTax' xlink:label='loc_OtherComprehensiveIncomeLossCashFlowHedgeGainLossAfterReclassificationBeforeTax' xlink:type='locator' />
    <link:loc xlink:href='../elts/us-gaap-2024.xsd#us-gaap_OtherComprehensiveIncomeLossCashFlowHedgeGainLossBeforeReclassificationAndTax' xlink:label='loc_OtherComprehensiveIncomeLossCashFlowHedgeGainLossBeforeReclassificationAndTax' xlink:type='locator' />
    <link:loc xlink:href='../elts/us-gaap-2024.xsd#us-gaap_OtherComprehensiveIncomeLossCashFlowHedgeGainLossReclassificationBeforeTax' xlink:label='loc_OtherComprehensiveIncomeLossCashFlowHedgeGainLossReclassificationBeforeTax' xlink:type='locator' />
    <link:loc xlink:href='../elts/us-gaap-2024.xsd#us-gaap_OtherComprehensiveIncomeLossCashFlowHedgeReclassificationForDiscontinuanceBeforeTax' xlink:label='loc_OtherComprehensiveIncomeLossCashFlowHedgeReclassificationForDiscontinuanceBeforeTax' xlink:type='locator' />
    <link:loc xlink:href='../elts/us-gaap-2024.xsd#us-gaap_OtherComprehensiveIncomeLossCashFlowHedgeGainLossAfterReclassificationTax' xlink:label='loc_OtherComprehensiveIncomeLossCashFlowHedgeGainLossAfterReclassificationTax' xlink:type='locator' />
    <link:loc xlink:href='../elts/us-gaap-2024.xsd#us-gaap_OtherComprehensiveIncomeLossCashFlowHedgeGainLossBeforeReclassificationTax' xlink:label='loc_OtherComprehensiveIncomeLossCashFlowHedgeGainLossBeforeReclassificationTax' xlink:type='locator' />
    <link:loc xlink:href='../elts/us-gaap-2024.xsd#us-gaap_OtherComprehensiveIncomeLossCashFlowHedgeGainLossReclassificationTax' xlink:label='loc_OtherComprehensiveIncomeLossCashFlowHedgeGainLossReclassificationTax' xlink:type='locator' />
    <link:loc xlink:href='../elts/us-gaap-2024.xsd#us-gaap_OtherComprehensiveIncomeLossForeignCurrencyTransactionAndTranslationAdjustmentNetOfTax' xlink:label='loc_OtherComprehensiveIncomeLossForeignCurrencyTransactionAndTranslationAdjustmentNetOfTax' xlink:type='locator' />
    <link:loc xlink:href='../elts/us-gaap-2024.xsd#us-gaap_OtherComprehensiveIncomeLossForeignCurrencyTransactionAndTranslationAdjustmentBeforeTax' xlink:label='loc_OtherComprehensiveIncomeLossForeignCurrencyTransactionAndTranslationAdjustmentBeforeTax' xlink:type='locator' />
    <link:loc xlink:href='../elts/us-gaap-2024.xsd#us-gaap_OtherComprehensiveIncomeForeignCurrencyTransactionAndTranslationGainLossBeforeReclassificationAndTax' xlink:label='loc_OtherComprehensiveIncomeForeignCurrencyTransactionAndTranslationGainLossBeforeReclassificationAndTax' xlink:type='locator' />
    <link:loc xlink:href='../elts/us-gaap-2024.xsd#us-gaap_OtherComprehensiveIncomeLossNetInvestmentHedgeGainLossBeforeReclassificationAndTax' xlink:label='loc_OtherComprehensiveIncomeLossNetInvestmentHedgeGainLossBeforeReclassificationAndTax' xlink:type='locator' />
    <link:loc xlink:href='../elts/us-gaap-2024.xsd#us-gaap_OtherComprehensiveIncomeLossForeignCurrencyTransactionAndTranslationReclassificationAdjustmentFromAOCIRealizedUponSaleOrLiquidationBeforeTax' xlink:label='loc_OtherComprehensiveIncomeLossForeignCurrencyTransactionAndTranslationReclassificationAdjustmentFromAOCIRealizedUponSaleOrLiquidationBeforeTax' xlink:type='locator' />
    <link:loc xlink:href='../elts/us-gaap-2024.xsd#us-gaap_OtherComprehensiveIncomeLossNetInvestmentHedgeGainLossReclassificationBeforeTax' xlink:label='loc_OtherComprehensiveIncomeLossNetInvestmentHedgeGainLossReclassificationBeforeTax' xlink:type='locator' />
    <link:loc xlink:href='../elts/us-gaap-2024.xsd#us-gaap_OtherComprehensiveIncomeLossForeignCurrencyTranslationAdjustmentTax' xlink:label='loc_OtherComprehensiveIncomeLossForeignCurrencyTranslationAdjustmentTax' xlink:type='locator' />
    <link:loc xlink:href='../elts/us-gaap-2024.xsd#us-gaap_OtherComprehensiveIncomeForeignCurrencyTranslationGainLossArisingDuringPeriodTax' xlink:label='loc_OtherComprehensiveIncomeForeignCurrencyTranslationGainLossArisingDuringPeriodTax' xlink:type='locator' />
    <link:loc xlink:href='../elts/us-gaap-2024.xsd#us-gaap_OtherComprehensiveIncomeLossForeignCurrencyTransactionAndTranslationReclassificationAdjustmentFromAOCIRealizedUponSaleOrLiquidationTax' xlink:label='loc_OtherComprehensiveIncomeLossForeignCurrencyTransactionAndTranslationReclassificationAdjustmentFromAOCIRealizedUponSaleOrLiquidationTax' xlink:type='locator' />
    <link:loc xlink:href='../elts/us-gaap-2024.xsd#us-gaap_OtherComprehensiveIncomeLossPensionAndOtherPostretirementBenefitPlansAdjustmentNetOfTax' xlink:label='loc_OtherComprehensiveIncomeLossPensionAndOtherPostretirementBenefitPlansAdjustmentNetOfTax' xlink:type='locator' />
    <link:loc xlink:href='../elts/us-gaap-2024.xsd#us-gaap_OtherComprehensiveIncomeLossPensionAndOtherPostretirementBenefitPlansAdjustmentBeforeTax' xlink:label='loc_OtherComprehensiveIncomeLossPensionAndOtherPostretirementBenefitPlansAdjustmentBeforeTax' xlink:type='locator' />
    <link:loc xlink:href='../elts/us-gaap-2024.xsd#us-gaap_OtherComprehensiveIncomeLossPensionAndOtherPostretirementBenefitPlansTax' xlink:label='loc_OtherComprehensiveIncomeLossPensionAndOtherPostretirementBenefitPlansTax' xlink:type='locator' />
    <link:loc xlink:href='../elts/us-gaap-2024.xsd#us-gaap_OtherComprehensiveIncomeLossFinancialLiabilityFairValueOptionAfterTaxAndReclassificationAdjustment' xlink:label='loc_OtherComprehensiveIncomeLossFinancialLiabilityFairValueOptionAfterTaxAndReclassificationAdjustment' xlink:type='locator' />
    <link:loc xlink:href='../elts/us-gaap-2024.xsd#us-gaap_OtherComprehensiveIncomeLossFinancialLiabilityFairValueOptionBeforeTaxAfterReclassificationAdjustment' xlink:label='loc_OtherComprehensiveIncomeLossFinancialLiabilityFairValueOptionBeforeTaxAfterReclassificationAdjustment' xlink:type='locator' />
    <link:loc xlink:href='../elts/us-gaap-2024.xsd#us-gaap_OtherComprehensiveIncomeLossFinancialLiabilityFairValueOptionReclassificationAdjustmentFromAociForDerecognitionBeforeTax' xlink:label='loc_OtherComprehensiveIncomeLossFinancialLiabilityFairValueOptionReclassificationAdjustmentFromAociForDerecognitionBeforeTax' xlink:type='locator' />
    <link:loc xlink:href='../elts/us-gaap-2024.xsd#us-gaap_OtherComprehensiveIncomeLossFinancialLiabilityFairValueOptionUnrealizedGainLossArisingDuringPeriodBeforeTax' xlink:label='loc_OtherComprehensiveIncomeLossFinancialLiabilityFairValueOptionUnrealizedGainLossArisingDuringPeriodBeforeTax' xlink:type='locator' />
    <link:loc xlink:href='../elts/us-gaap-2024.xsd#us-gaap_OtherComprehensiveIncomeLossFinancialLiabilityFairValueOptionAfterReclassificationAdjustmentTax' xlink:label='loc_OtherComprehensiveIncomeLossFinancialLiabilityFairValueOptionAfterReclassificationAdjustmentTax' xlink:type='locator' />
    <link:loc xlink:href='../elts/us-gaap-2024.xsd#us-gaap_OtherComprehensiveIncomeLossFinancialLiabilityFairValueOptionUnrealizedGainLossArisingDuringPeriodTax' xlink:label='loc_OtherComprehensiveIncomeLossFinancialLiabilityFairValueOptionUnrealizedGainLossArisingDuringPeriodTax' xlink:type='locator' />
    <link:loc xlink:href='../elts/us-gaap-2024.xsd#us-gaap_OtherComprehensiveIncomeLossFinancialLiabilityFairValueOptionReclassificationAdjustmentFromAociForDerecognitionTax' xlink:label='loc_OtherComprehensiveIncomeLossFinancialLiabilityFairValueOptionReclassificationAdjustmentFromAociForDerecognitionTax' xlink:type='locator' />
    <link:loc xlink:href='../elts/us-gaap-2024.xsd#us-gaap_OtherComprehensiveIncomeLossDerivativeExcludedComponentIncreaseDecreaseAfterAdjustmentsAndTax' xlink:label='loc_OtherComprehensiveIncomeLossDerivativeExcludedComponentIncreaseDecreaseAfterAdjustmentsAndTax' xlink:type='locator' />
    <link:loc xlink:href='../elts/us-gaap-2024.xsd#us-gaap_OtherComprehensiveIncomeLossDerivativeExcludedComponentIncreaseDecreaseAfterAdjustmentsBeforeTax' xlink:label='loc_OtherComprehensiveIncomeLossDerivativeExcludedComponentIncreaseDecreaseAfterAdjustmentsBeforeTax' xlink:type='locator' />
    <link:loc xlink:href='../elts/us-gaap-2024.xsd#us-gaap_OtherComprehensiveIncomeLossDerivativeExcludedComponentIncreaseDecreaseAdjustmentsBeforeTax' xlink:label='loc_OtherComprehensiveIncomeLossDerivativeExcludedComponentIncreaseDecreaseAdjustmentsBeforeTax' xlink:type='locator' />
    <link:loc xlink:href='../elts/us-gaap-2024.xsd#us-gaap_OtherComprehensiveIncomeLossDerivativeExcludedComponentIncreaseDecreaseBeforeAdjustmentsAndTax' xlink:label='loc_OtherComprehensiveIncomeLossDerivativeExcludedComponentIncreaseDecreaseBeforeAdjustmentsAndTax' xlink:type='locator' />
    <link:loc xlink:href='../elts/us-gaap-2024.xsd#us-gaap_OtherComprehensiveIncomeLossDerivativeExcludedComponentIncreaseDecreaseAfterAdjustmentsTax' xlink:label='loc_OtherComprehensiveIncomeLossDerivativeExcludedComponentIncreaseDecreaseAfterAdjustmentsTax' xlink:type='locator' />
    <link:loc xlink:href='../elts/us-gaap-2024.xsd#us-gaap_OtherComprehensiveIncomeLossDerivativeExcludedComponentIncreaseDecreaseAdjustmentsTax' xlink:label='loc_OtherComprehensiveIncomeLossDerivativeExcludedComponentIncreaseDecreaseAdjustmentsTax' xlink:type='locator' />
    <link:loc xlink:href='../elts/us-gaap-2024.xsd#us-gaap_OtherComprehensiveIncomeLossDerivativeExcludedComponentIncreaseDecreaseBeforeAdjustmentsTax' xlink:label='loc_OtherComprehensiveIncomeLossDerivativeExcludedComponentIncreaseDecreaseBeforeAdjustmentsTax' xlink:type='locator' />
    <link:loc xlink:href='../elts/us-gaap-2024.xsd#us-gaap_OciEquityMethodInvestmentAfterTax' xlink:label='loc_OciEquityMethodInvestmentAfterTax' xlink:type='locator' />
    <link:loc xlink:href='../elts/us-gaap-2024.xsd#us-gaap_OciEquityMethodInvestmentBeforeTax' xlink:label='loc_OciEquityMethodInvestmentBeforeTax' xlink:type='locator' />
    <link:loc xlink:href='../elts/us-gaap-2024.xsd#us-gaap_OciEquityMethodInvestmentTax' xlink:label='loc_OciEquityMethodInvestmentTax' xlink:type='locator' />
    <link:loc xlink:href='../elts/us-gaap-2024.xsd#us-gaap_OciLiabilityForFuturePolicyBenefitGainLossAfterReclassificationAdjustmentAndTax' xlink:label='loc_OciLiabilityForFuturePolicyBenefitGainLossAfterReclassificationAdjustmentAndTax' xlink:type='locator' />
    <link:loc xlink:href='../elts/us-gaap-2024.xsd#us-gaap_OciLiabilityForFuturePolicyBenefitGainLossBeforeReclassificationAdjustmentAfterTax' xlink:label='loc_OciLiabilityForFuturePolicyBenefitGainLossBeforeReclassificationAdjustmentAfterTax' xlink:type='locator' />
    <link:loc xlink:href='../elts/us-gaap-2024.xsd#us-gaap_OciLiabilityForFuturePolicyBenefitGainLossReclassificationAdjustmentFromAociAfterTax' xlink:label='loc_OciLiabilityForFuturePolicyBenefitGainLossReclassificationAdjustmentFromAociAfterTax' xlink:type='locator' />
    <link:loc xlink:href='../elts/us-gaap-2024.xsd#us-gaap_OciMarketRiskBenefitInstrumentSpecificCreditRiskGainLossAfterAdjustmentsAndTax' xlink:label='loc_OciMarketRiskBenefitInstrumentSpecificCreditRiskGainLossAfterAdjustmentsAndTax' xlink:type='locator' />
    <link:loc xlink:href='../elts/us-gaap-2024.xsd#us-gaap_OciMarketRiskBenefitInstrumentSpecificCreditRiskGainLossBeforeAdjustmentsAfterTax' xlink:label='loc_OciMarketRiskBenefitInstrumentSpecificCreditRiskGainLossBeforeAdjustmentsAfterTax' xlink:type='locator' />
    <link:loc xlink:href='../elts/us-gaap-2024.xsd#us-gaap_OciMarketRiskBenefitInstrumentSpecificCreditRiskGainLossReclassificationAdjustmentFromAociAfterTax' xlink:label='loc_OciMarketRiskBenefitInstrumentSpecificCreditRiskGainLossReclassificationAdjustmentFromAociAfterTax' xlink:type='locator' />
    <link:loc xlink:href='../elts/us-gaap-2024.xsd#us-gaap_OciMarketRiskBenefitInstrumentSpecificCreditRiskAdjustmentFromAociForDerecognitionAfterTax' xlink:label='loc_OciMarketRiskBenefitInstrumentSpecificCreditRiskAdjustmentFromAociForDerecognitionAfterTax' xlink:type='locator' />
    <link:loc xlink:href='../elts/us-gaap-2024.xsd#us-gaap_OtherComprehensiveIncomeLossNetOfTaxPortionAttributableToNoncontrollingInterest' xlink:label='loc_OtherComprehensiveIncomeLossNetOfTaxPortionAttributableToNoncontrollingInterest' xlink:type='locator' />
    <link:loc xlink:href='../elts/us-gaap-2024.xsd#us-gaap_OtherComprehensiveIncomeAvailableforsaleSecuritiesAdjustmentNetOfTaxPortionAttributableToNoncontrollingInterest' xlink:label='loc_OtherComprehensiveIncomeAvailableforsaleSecuritiesAdjustmentNetOfTaxPortionAttributableToNoncontrollingInterest' xlink:type='locator' />
    <link:loc xlink:href='../elts/us-gaap-2024.xsd#us-gaap_OtherComprehensiveIncomeAvailableforsaleSecuritiesAdjustmentBeforeTaxPortionAttributableToNoncontrollingInterest' xlink:label='loc_OtherComprehensiveIncomeAvailableforsaleSecuritiesAdjustmentBeforeTaxPortionAttributableToNoncontrollingInterest' xlink:type='locator' />
    <link:loc xlink:href='../elts/us-gaap-2024.xsd#us-gaap_OtherComprehensiveIncomeAvailableforsaleSecuritiesTaxPortionAttributableToNoncontrollingInterest' xlink:label='loc_OtherComprehensiveIncomeAvailableforsaleSecuritiesTaxPortionAttributableToNoncontrollingInterest' xlink:type='locator' />
    <link:loc xlink:href='../elts/us-gaap-2024.xsd#us-gaap_OtherComprehensiveIncomeLossCashFlowHedgeGainLossAfterReclassificationAndTaxNoncontrollingInterest' xlink:label='loc_OtherComprehensiveIncomeLossCashFlowHedgeGainLossAfterReclassificationAndTaxNoncontrollingInterest' xlink:type='locator' />
    <link:loc xlink:href='../elts/us-gaap-2024.xsd#us-gaap_OtherComprehensiveIncomeLossCashFlowHedgeGainLossAfterReclassificationBeforeTaxNoncontrollingInterest' xlink:label='loc_OtherComprehensiveIncomeLossCashFlowHedgeGainLossAfterReclassificationBeforeTaxNoncontrollingInterest' xlink:type='locator' />
    <link:loc xlink:href='../elts/us-gaap-2024.xsd#us-gaap_OtherComprehensiveIncomeLossCashFlowHedgeGainLossAfterReclassificationTaxNoncontrollingInterest' xlink:label='loc_OtherComprehensiveIncomeLossCashFlowHedgeGainLossAfterReclassificationTaxNoncontrollingInterest' xlink:type='locator' />
    <link:loc xlink:href='../elts/us-gaap-2024.xsd#us-gaap_OtherComprehensiveIncomeLossFinancialLiabilityFairValueOptionAfterTaxAndReclassificationAdjustmentAttributableToNoncontrollingInterest' xlink:label='loc_OtherComprehensiveIncomeLossFinancialLiabilityFairValueOptionAfterTaxAndReclassificationAdjustmentAttributableToNoncontrollingInterest' xlink:type='locator' />
    <link:loc xlink:href='../elts/us-gaap-2024.xsd#us-gaap_OtherComprehensiveIncomeLossFinancialLiabilityFairValueOptionAfterReclassificationAdjustmentTaxAttributableToNoncontrollingInterest' xlink:label='loc_OtherComprehensiveIncomeLossFinancialLiabilityFairValueOptionAfterReclassificationAdjustmentTaxAttributableToNoncontrollingInterest' xlink:type='locator' />
    <link:loc xlink:href='../elts/us-gaap-2024.xsd#us-gaap_OtherComprehensiveIncomeLossFinancialLiabilityFairValueOptionBeforeTaxAfterReclassificationAdjustmentAttributableToNoncontrollingInterest' xlink:label='loc_OtherComprehensiveIncomeLossFinancialLiabilityFairValueOptionBeforeTaxAfterReclassificationAdjustmentAttributableToNoncontrollingInterest' xlink:type='locator' />
    <link:loc xlink:href='../elts/us-gaap-2024.xsd#us-gaap_OtherComprehensiveIncomeLossDerivativeExcludedComponentIncreaseDecreaseAfterAdjustmentsAndTaxNoncontrollingInterest1' xlink:label='loc_OtherComprehensiveIncomeLossDerivativeExcludedComponentIncreaseDecreaseAfterAdjustmentsAndTaxNoncontrollingInterest1' xlink:type='locator' />
    <link:loc xlink:href='../elts/us-gaap-2024.xsd#us-gaap_OtherComprehensiveIncomeLossDerivativeExcludedComponentIncreaseDecreaseAfterAdjustmentsBeforeTaxNoncontrollingInterest1' xlink:label='loc_OtherComprehensiveIncomeLossDerivativeExcludedComponentIncreaseDecreaseAfterAdjustmentsBeforeTaxNoncontrollingInterest1' xlink:type='locator' />
    <link:loc xlink:href='../elts/us-gaap-2024.xsd#us-gaap_OtherComprehensiveIncomeLossDerivativeExcludedComponentIncreaseDecreaseAfterAdjustmentsTaxNoncontrollingInterest1' xlink:label='loc_OtherComprehensiveIncomeLossDerivativeExcludedComponentIncreaseDecreaseAfterAdjustmentsTaxNoncontrollingInterest1' xlink:type='locator' />
    <link:loc xlink:href='../elts/us-gaap-2024.xsd#us-gaap_OtherComprehensiveIncomeForeignCurrencyTransactionAndTranslationAdjustmentNetOfTaxPortionAttributableToNoncontrollingInterest' xlink:label='loc_OtherComprehensiveIncomeForeignCurrencyTransactionAndTranslationAdjustmentNetOfTaxPortionAttributableToNoncontrollingInterest' xlink:type='locator' />
    <link:loc xlink:href='../elts/us-gaap-2024.xsd#us-gaap_OtherComprehensiveIncomeForeignCurrencyTransactionAndTranslationAdjustmentBeforeTaxPortionAttributableToNoncontrollingInterest' xlink:label='loc_OtherComprehensiveIncomeForeignCurrencyTransactionAndTranslationAdjustmentBeforeTaxPortionAttributableToNoncontrollingInterest' xlink:type='locator' />
    <link:loc xlink:href='../elts/us-gaap-2024.xsd#us-gaap_OtherComprehensiveIncomeForeignCurrencyTranslationAdjustmentTaxPortionAttributableToNoncontrollingInterest' xlink:label='loc_OtherComprehensiveIncomeForeignCurrencyTranslationAdjustmentTaxPortionAttributableToNoncontrollingInterest' xlink:type='locator' />
    <link:loc xlink:href='../elts/us-gaap-2024.xsd#us-gaap_OtherComprehensiveIncomeDefinedBenefitPlansAdjustmentNetOfTaxPortionAttributableToNoncontrollingInterest' xlink:label='loc_OtherComprehensiveIncomeDefinedBenefitPlansAdjustmentNetOfTaxPortionAttributableToNoncontrollingInterest' xlink:type='locator' />
    <link:loc xlink:href='../elts/us-gaap-2024.xsd#us-gaap_OtherComprehensiveIncomeDefinedBenefitPlansAdjustmentBeforeTaxPortionAttributableToNoncontrollingInterest' xlink:label='loc_OtherComprehensiveIncomeDefinedBenefitPlansAdjustmentBeforeTaxPortionAttributableToNoncontrollingInterest' xlink:type='locator' />
    <link:loc xlink:href='../elts/us-gaap-2024.xsd#us-gaap_OtherComprehensiveIncomeDefinedBenefitPlansTaxPortionAttributableToNoncontrollingInterest' xlink:label='loc_OtherComprehensiveIncomeDefinedBenefitPlansTaxPortionAttributableToNoncontrollingInterest' xlink:type='locator' />
    <link:loc xlink:href='../elts/us-gaap-2024.xsd#us-gaap_OciEquityMethodInvestmentAfterTaxNoncontrollingInterest' xlink:label='loc_OciEquityMethodInvestmentAfterTaxNoncontrollingInterest' xlink:type='locator' />
    <link:loc xlink:href='../elts/us-gaap-2024.xsd#us-gaap_OciEquityMethodInvestmentBeforeTaxNoncontrollingInterest' xlink:label='loc_OciEquityMethodInvestmentBeforeTaxNoncontrollingInterest' xlink:type='locator' />
    <link:loc xlink:href='../elts/us-gaap-2024.xsd#us-gaap_OciEquityMethodInvestmentTaxNoncontrollingInterest' xlink:label='loc_OciEquityMethodInvestmentTaxNoncontrollingInterest' xlink:type='locator' />
    <link:loc xlink:href='../elts/us-gaap-2024.xsd#us-gaap_OciLiabilityForFuturePolicyBenefitGainLossAfterReclassificationAdjustmentAndTaxNoncontrollingInterest' xlink:label='loc_OciLiabilityForFuturePolicyBenefitGainLossAfterReclassificationAdjustmentAndTaxNoncontrollingInterest' xlink:type='locator' />
    <link:loc xlink:href='../elts/us-gaap-2024.xsd#us-gaap_OciLiabilityForFuturePolicyBenefitGainLossAfterReclassificationAdjustmentBeforeTaxNoncontrollingInterest' xlink:label='loc_OciLiabilityForFuturePolicyBenefitGainLossAfterReclassificationAdjustmentBeforeTaxNoncontrollingInterest' xlink:type='locator' />
    <link:loc xlink:href='../elts/us-gaap-2024.xsd#us-gaap_OciLiabilityForFuturePolicyBenefitGainLossAfterReclassificationAdjustmentTaxNoncontrollingInterest' xlink:label='loc_OciLiabilityForFuturePolicyBenefitGainLossAfterReclassificationAdjustmentTaxNoncontrollingInterest' xlink:type='locator' />
    <link:loc xlink:href='../elts/us-gaap-2024.xsd#us-gaap_OciMarketRiskBenefitInstrumentSpecificCreditRiskGainLossAfterAdjustmentsAndTaxNoncontrollingInterest' xlink:label='loc_OciMarketRiskBenefitInstrumentSpecificCreditRiskGainLossAfterAdjustmentsAndTaxNoncontrollingInterest' xlink:type='locator' />
    <link:loc xlink:href='../elts/us-gaap-2024.xsd#us-gaap_OciMarketRiskBenefitInstrumentSpecificCreditRiskGainLossAfterAdjustmentsBeforeTaxNoncontrollingInterest' xlink:label='loc_OciMarketRiskBenefitInstrumentSpecificCreditRiskGainLossAfterAdjustmentsBeforeTaxNoncontrollingInterest' xlink:type='locator' />
    <link:loc xlink:href='../elts/us-gaap-2024.xsd#us-gaap_OciMarketRiskBenefitInstrumentSpecificCreditRiskGainLossAfterAdjustmentsTaxNoncontrollingInterest' xlink:label='loc_OciMarketRiskBenefitInstrumentSpecificCreditRiskGainLossAfterAdjustmentsTaxNoncontrollingInterest' xlink:type='locator' />
    <link:loc xlink:href='../elts/us-gaap-2024.xsd#us-gaap_MarketRiskBenefitBeforeReinsuranceAndCumulativeIncreaseDecreaseFromInstrumentSpecificCreditRiskChange' xlink:label='loc_MarketRiskBenefitBeforeReinsuranceAndCumulativeIncreaseDecreaseFromInstrumentSpecificCreditRiskChange' xlink:type='locator' />
    <link:loc xlink:href='../elts/us-gaap-2024.xsd#us-gaap_MarketRiskBenefitAfterIncreaseDecreaseFromInstrumentSpecificCreditRisk' xlink:label='loc_MarketRiskBenefitAfterIncreaseDecreaseFromInstrumentSpecificCreditRisk' xlink:type='locator' />
    <link:loc xlink:href='../elts/us-gaap-2024.xsd#us-gaap_MarketRiskBenefitAssetAmount' xlink:label='loc_MarketRiskBenefitAssetAmount' xlink:type='locator' />
    <link:loc xlink:href='../elts/us-gaap-2024.xsd#us-gaap_MarketRiskBenefitLiabilityAmount' xlink:label='loc_MarketRiskBenefitLiabilityAmount' xlink:type='locator' />
    <link:loc xlink:href='../elts/us-gaap-2024.xsd#us-gaap_AociMarketRiskBenefitInstrumentSpecificCreditRiskBeforeTax' xlink:label='loc_AociMarketRiskBenefitInstrumentSpecificCreditRiskBeforeTax' xlink:type='locator' />
    <link:calculationArc order='10' weight='1.0' xlink:arcrole='https://xbrl.org/2023/arcrole/summation-item' xlink:from='loc_DefinedBenefitPlanAmountsRecognizedInOtherComprehensiveIncomeLossNetGainLossBeforeTax' xlink:to='loc_OtherComprehensiveIncomeLossPensionAndOtherPostretirementBenefitPlansNetUnamortizedGainLossArisingDuringPeriodBeforeTax' xlink:type='arc' />
    <link:calculationArc order='20' weight='-1.0' xlink:arcrole='https://xbrl.org/2023/arcrole/summation-item' xlink:from='loc_DefinedBenefitPlanAmountsRecognizedInOtherComprehensiveIncomeLossNetGainLossBeforeTax' xlink:to='loc_OtherComprehensiveIncomeLossReclassificationAdjustmentFromAOCIPensionAndOtherPostretirementBenefitPlansForNetGainLossBeforeTax' xlink:type='arc' />
    <link:calculationArc order='10' weight='1.0' xlink:arcrole='https://xbrl.org/2023/arcrole/summation-item' xlink:from='loc_DefinedBenefitPlanAmountsRecognizedInOtherComprehensiveIncomeNetPriorServiceCostCreditBeforeTax' xlink:to='loc_OtherComprehensiveIncomeDefinedBenefitPlanNetPriorServiceCostCreditArisingDuringPeriodBeforeTax' xlink:type='arc' />
    <link:calculationArc order='20' weight='-1.0' xlink:arcrole='https://xbrl.org/2023/arcrole/summation-item' xlink:from='loc_DefinedBenefitPlanAmountsRecognizedInOtherComprehensiveIncomeNetPriorServiceCostCreditBeforeTax' xlink:to='loc_OtherComprehensiveIncomeLossAmortizationAdjustmentFromAOCIPensionAndOtherPostretirementBenefitPlansForNetPriorServiceCostCreditBeforeTax' xlink:type='arc' />
    <link:calculationArc order='10' weight='1.0' xlink:arcrole='https://xbrl.org/2023/arcrole/summation-item' xlink:from='loc_OtherComprehensiveIncomeLossNetOfTaxPortionAttributableToParent' xlink:to='loc_OtherComprehensiveIncomeLossNetOfTax' xlink:type='arc' />
    <link:calculationArc order='10' weight='1.0' xlink:arcrole='https://xbrl.org/2023/arcrole/summation-item' xlink:from='loc_OtherComprehensiveIncomeLossNetOfTax' xlink:to='loc_OtherComprehensiveIncomeLossAvailableForSaleSecuritiesAdjustmentNetOfTax' xlink:type='arc' />
    <link:calculationArc order='10' weight='1.0' xlink:arcrole='https://xbrl.org/2023/arcrole/summation-item' xlink:from='loc_OtherComprehensiveIncomeLossAvailableForSaleSecuritiesAdjustmentNetOfTax' xlink:to='loc_OtherComprehensiveIncomeLossAvailableForSaleSecuritiesAdjustmentBeforeTax' xlink:type='arc' />
    <link:calculationArc order='10' weight='1.0' xlink:arcrole='https://xbrl.org/2023/arcrole/summation-item' xlink:from='loc_OtherComprehensiveIncomeLossAvailableForSaleSecuritiesAdjustmentBeforeTax' xlink:to='loc_OtherComprehensiveIncomeLossAvailableForSaleSecuritiesAdjustmentBeforeReclassificationAdjustmentsAndTax' xlink:type='arc' />
    <link:calculationArc order='10' weight='1.0' xlink:arcrole='https://xbrl.org/2023/arcrole/summation-item' xlink:from='loc_OtherComprehensiveIncomeLossAvailableForSaleSecuritiesAdjustmentBeforeReclassificationAdjustmentsAndTax' xlink:to='loc_OtherComprehensiveIncomeUnrealizedHoldingGainLossOnSecuritiesArisingDuringPeriodBeforeTax' xlink:type='arc' />
    <link:calculationArc order='20' weight='1.0' xlink:arcrole='https://xbrl.org/2023/arcrole/summation-item' xlink:from='loc_OtherComprehensiveIncomeLossAvailableForSaleSecuritiesAdjustmentBeforeReclassificationAdjustmentsAndTax' xlink:to='loc_OtherComprehensiveIncomeReclassificationAdjustmentForHeldToMaturityTransferredToAvailableForSaleSecuritiesBeforeTax' xlink:type='arc' />
    <link:calculationArc order='20' weight='1.0' xlink:arcrole='https://xbrl.org/2023/arcrole/summation-item' xlink:from='loc_OtherComprehensiveIncomeLossAvailableForSaleSecuritiesAdjustmentBeforeTax' xlink:to='loc_OtherComprehensiveIncomeLossReclassificationAdjustmentFromAOCIForWritedownOfSecuritiesBeforeTax' xlink:type='arc' />
    <link:calculationArc order='30' weight='-1.0' xlink:arcrole='https://xbrl.org/2023/arcrole/summation-item' xlink:from='loc_OtherComprehensiveIncomeLossAvailableForSaleSecuritiesAdjustmentBeforeTax' xlink:to='loc_OtherComprehensiveIncomeLossReclassificationAdjustmentFromAOCIForSaleOfSecuritiesBeforeTax' xlink:type='arc' />
    <link:calculationArc order='40' weight='-1.0' xlink:arcrole='https://xbrl.org/2023/arcrole/summation-item' xlink:from='loc_OtherComprehensiveIncomeLossAvailableForSaleSecuritiesAdjustmentBeforeTax' xlink:to='loc_OtherComprehensiveIncomeLossReclassificationAdjustmentFromAociForInvestmentTransferredFromAvailableForSaleToEquityMethodBeforeTax' xlink:type='arc' />
    <link:calculationArc order='50' weight='-1.0' xlink:arcrole='https://xbrl.org/2023/arcrole/summation-item' xlink:from='loc_OtherComprehensiveIncomeLossAvailableForSaleSecuritiesAdjustmentBeforeTax' xlink:to='loc_OciDebtSecuritiesAvailableForSaleTransferToHeldToMaturityAdjustmentFromAociForAmortizationOfGainLossBeforeTax' xlink:type='arc' />
    <link:calculationArc order='20' weight='-1.0' xlink:arcrole='https://xbrl.org/2023/arcrole/summation-item' xlink:from='loc_OtherComprehensiveIncomeLossAvailableForSaleSecuritiesAdjustmentNetOfTax' xlink:to='loc_OtherComprehensiveIncomeLossAvailableForSaleSecuritiesTax' xlink:type='arc' />
    <link:calculationArc order='10' weight='1.0' xlink:arcrole='https://xbrl.org/2023/arcrole/summation-item' xlink:from='loc_OtherComprehensiveIncomeLossAvailableForSaleSecuritiesTax' xlink:to='loc_OtherComprehensiveIncomeLossAvailableForSaleSecuritiesBeforeReclassificationAdjustmentsTax' xlink:type='arc' />
    <link:calculationArc order='10' weight='1.0' xlink:arcrole='https://xbrl.org/2023/arcrole/summation-item' xlink:from='loc_OtherComprehensiveIncomeLossAvailableForSaleSecuritiesBeforeReclassificationAdjustmentsTax' xlink:to='loc_OtherComprehensiveIncomeUnrealizedHoldingGainLossOnSecuritiesArisingDuringPeriodTax' xlink:type='arc' />
    <link:calculationArc order='20' weight='1.0' xlink:arcrole='https://xbrl.org/2023/arcrole/summation-item' xlink:from='loc_OtherComprehensiveIncomeLossAvailableForSaleSecuritiesBeforeReclassificationAdjustmentsTax' xlink:to='loc_OtherComprehensiveIncomeReclassificationAdjustmentForHeldToMaturityTransferredToAvailableForSaleSecuritiesTax' xlink:type='arc' />
    <link:calculationArc order='20' weight='1.0' xlink:arcrole='https://xbrl.org/2023/arcrole/summation-item' xlink:from='loc_OtherComprehensiveIncomeLossAvailableForSaleSecuritiesTax' xlink:to='loc_OtherComprehensiveIncomeLossReclassificationAdjustmentFromAOCIForWritedownOfSecuritiesTax' xlink:type='arc' />
    <link:calculationArc order='30' weight='-1.0' xlink:arcrole='https://xbrl.org/2023/arcrole/summation-item' xlink:from='loc_OtherComprehensiveIncomeLossAvailableForSaleSecuritiesTax' xlink:to='loc_OtherComprehensiveIncomeLossReclassificationAdjustmentFromAOCIForSaleOfSecuritiesTax' xlink:type='arc' />
    <link:calculationArc order='40' weight='-1.0' xlink:arcrole='https://xbrl.org/2023/arcrole/summation-item' xlink:from='loc_OtherComprehensiveIncomeLossAvailableForSaleSecuritiesTax' xlink:to='loc_OtherComprehensiveIncomeLossReclassificationAdjustmentFromAociForInvestmentTransferredFromAvailableForSaleToEquityMethodTax' xlink:type='arc' />
    <link:calculationArc order='50' weight='-1.0' xlink:arcrole='https://xbrl.org/2023/arcrole/summation-item' xlink:from='loc_OtherComprehensiveIncomeLossAvailableForSaleSecuritiesTax' xlink:to='loc_OciDebtSecuritiesAvailableForSaleTransferToHeldToMaturityAdjustmentFromAociForAmortizationOfGainLossTax' xlink:type='arc' />
    <link:calculationArc order='20' weight='1.0' xlink:arcrole='https://xbrl.org/2023/arcrole/summation-item' xlink:from='loc_OtherComprehensiveIncomeLossNetOfTax' xlink:to='loc_OtherComprehensiveIncomeLossCashFlowHedgeGainLossAfterReclassificationAndTax' xlink:type='arc' />
    <link:calculationArc order='10' weight='1.0' xlink:arcrole='https://xbrl.org/2023/arcrole/summation-item' xlink:from='loc_OtherComprehensiveIncomeLossCashFlowHedgeGainLossAfterReclassificationAndTax' xlink:to='loc_OtherComprehensiveIncomeLossCashFlowHedgeGainLossAfterReclassificationBeforeTax' xlink:type='arc' />
    <link:calculationArc order='10' weight='1.0' xlink:arcrole='https://xbrl.org/2023/arcrole/summation-item' xlink:from='loc_OtherComprehensiveIncomeLossCashFlowHedgeGainLossAfterReclassificationBeforeTax' xlink:to='loc_OtherComprehensiveIncomeLossCashFlowHedgeGainLossBeforeReclassificationAndTax' xlink:type='arc' />
    <link:calculationArc order='20' weight='-1.0' xlink:arcrole='https://xbrl.org/2023/arcrole/summation-item' xlink:from='loc_OtherComprehensiveIncomeLossCashFlowHedgeGainLossAfterReclassificationBeforeTax' xlink:to='loc_OtherComprehensiveIncomeLossCashFlowHedgeGainLossReclassificationBeforeTax' xlink:type='arc' />
    <link:calculationArc order='10' weight='1.0' xlink:arcrole='https://xbrl.org/2023/arcrole/summation-item' xlink:from='loc_OtherComprehensiveIncomeLossCashFlowHedgeGainLossReclassificationBeforeTax' xlink:to='loc_OtherComprehensiveIncomeLossCashFlowHedgeReclassificationForDiscontinuanceBeforeTax' xlink:type='arc' />
    <link:calculationArc order='20' weight='-1.0' xlink:arcrole='https://xbrl.org/2023/arcrole/summation-item' xlink:from='loc_OtherComprehensiveIncomeLossCashFlowHedgeGainLossAfterReclassificationAndTax' xlink:to='loc_OtherComprehensiveIncomeLossCashFlowHedgeGainLossAfterReclassificationTax' xlink:type='arc' />
    <link:calculationArc order='10' weight='1.0' xlink:arcrole='https://xbrl.org/2023/arcrole/summation-item' xlink:from='loc_OtherComprehensiveIncomeLossCashFlowHedgeGainLossAfterReclassificationTax' xlink:to='loc_OtherComprehensiveIncomeLossCashFlowHedgeGainLossBeforeReclassificationTax' xlink:type='arc' />
    <link:calculationArc order='20' weight='-1.0' xlink:arcrole='https://xbrl.org/2023/arcrole/summation-item' xlink:from='loc_OtherComprehensiveIncomeLossCashFlowHedgeGainLossAfterReclassificationTax' xlink:to='loc_OtherComprehensiveIncomeLossCashFlowHedgeGainLossReclassificationTax' xlink:type='arc' />
    <link:calculationArc order='30' weight='1.0' xlink:arcrole='https://xbrl.org/2023/arcrole/summation-item' xlink:from='loc_OtherComprehensiveIncomeLossNetOfTax' xlink:to='loc_OtherComprehensiveIncomeLossForeignCurrencyTransactionAndTranslationAdjustmentNetOfTax' xlink:type='arc' />
    <link:calculationArc order='10' weight='1.0' xlink:arcrole='https://xbrl.org/2023/arcrole/summation-item' xlink:from='loc_OtherComprehensiveIncomeLossForeignCurrencyTransactionAndTranslationAdjustmentNetOfTax' xlink:to='loc_OtherComprehensiveIncomeLossForeignCurrencyTransactionAndTranslationAdjustmentBeforeTax' xlink:type='arc' />
    <link:calculationArc order='10' weight='1.0' xlink:arcrole='https://xbrl.org/2023/arcrole/summation-item' xlink:from='loc_OtherComprehensiveIncomeLossForeignCurrencyTransactionAndTranslationAdjustmentBeforeTax' xlink:to='loc_OtherComprehensiveIncomeForeignCurrencyTransactionAndTranslationGainLossBeforeReclassificationAndTax' xlink:type='arc' />
    <link:calculationArc order='10' weight='1.0' xlink:arcrole='https://xbrl.org/2023/arcrole/summation-item' xlink:from='loc_OtherComprehensiveIncomeForeignCurrencyTransactionAndTranslationGainLossBeforeReclassificationAndTax' xlink:to='loc_OtherComprehensiveIncomeLossNetInvestmentHedgeGainLossBeforeReclassificationAndTax' xlink:type='arc' />
    <link:calculationArc order='20' weight='-1.0' xlink:arcrole='https://xbrl.org/2023/arcrole/summation-item' xlink:from='loc_OtherComprehensiveIncomeLossForeignCurrencyTransactionAndTranslationAdjustmentBeforeTax' xlink:to='loc_OtherComprehensiveIncomeLossForeignCurrencyTransactionAndTranslationReclassificationAdjustmentFromAOCIRealizedUponSaleOrLiquidationBeforeTax' xlink:type='arc' />
    <link:calculationArc order='10' weight='1.0' xlink:arcrole='https://xbrl.org/2023/arcrole/summation-item' xlink:from='loc_OtherComprehensiveIncomeLossForeignCurrencyTransactionAndTranslationReclassificationAdjustmentFromAOCIRealizedUponSaleOrLiquidationBeforeTax' xlink:to='loc_OtherComprehensiveIncomeLossNetInvestmentHedgeGainLossReclassificationBeforeTax' xlink:type='arc' />
    <link:calculationArc order='20' weight='-1.0' xlink:arcrole='https://xbrl.org/2023/arcrole/summation-item' xlink:from='loc_OtherComprehensiveIncomeLossForeignCurrencyTransactionAndTranslationAdjustmentNetOfTax' xlink:to='loc_OtherComprehensiveIncomeLossForeignCurrencyTranslationAdjustmentTax' xlink:type='arc' />
    <link:calculationArc order='10' weight='1.0' xlink:arcrole='https://xbrl.org/2023/arcrole/summation-item' xlink:from='loc_OtherComprehensiveIncomeLossForeignCurrencyTranslationAdjustmentTax' xlink:to='loc_OtherComprehensiveIncomeForeignCurrencyTranslationGainLossArisingDuringPeriodTax' xlink:type='arc' />
    <link:calculationArc order='20' weight='-1.0' xlink:arcrole='https://xbrl.org/2023/arcrole/summation-item' xlink:from='loc_OtherComprehensiveIncomeLossForeignCurrencyTranslationAdjustmentTax' xlink:to='loc_OtherComprehensiveIncomeLossForeignCurrencyTransactionAndTranslationReclassificationAdjustmentFromAOCIRealizedUponSaleOrLiquidationTax' xlink:type='arc' />
    <link:calculationArc order='40' weight='-1.0' xlink:arcrole='https://xbrl.org/2023/arcrole/summation-item' xlink:from='loc_OtherComprehensiveIncomeLossNetOfTax' xlink:to='loc_OtherComprehensiveIncomeLossPensionAndOtherPostretirementBenefitPlansAdjustmentNetOfTax' xlink:type='arc' />
    <link:calculationArc order='10' weight='1.0' xlink:arcrole='https://xbrl.org/2023/arcrole/summation-item' xlink:from='loc_OtherComprehensiveIncomeLossPensionAndOtherPostretirementBenefitPlansAdjustmentNetOfTax' xlink:to='loc_OtherComprehensiveIncomeLossPensionAndOtherPostretirementBenefitPlansAdjustmentBeforeTax' xlink:type='arc' />
    <link:calculationArc order='20' weight='-1.0' xlink:arcrole='https://xbrl.org/2023/arcrole/summation-item' xlink:from='loc_OtherComprehensiveIncomeLossPensionAndOtherPostretirementBenefitPlansAdjustmentNetOfTax' xlink:to='loc_OtherComprehensiveIncomeLossPensionAndOtherPostretirementBenefitPlansTax' xlink:type='arc' />
    <link:calculationArc order='50' weight='1.0' xlink:arcrole='https://xbrl.org/2023/arcrole/summation-item' xlink:from='loc_OtherComprehensiveIncomeLossNetOfTax' xlink:to='loc_OtherComprehensiveIncomeLossFinancialLiabilityFairValueOptionAfterTaxAndReclassificationAdjustment' xlink:type='arc' />
    <link:calculationArc order='10' weight='1.0' xlink:arcrole='https://xbrl.org/2023/arcrole/summation-item' xlink:from='loc_OtherComprehensiveIncomeLossFinancialLiabilityFairValueOptionAfterTaxAndReclassificationAdjustment' xlink:to='loc_OtherComprehensiveIncomeLossFinancialLiabilityFairValueOptionBeforeTaxAfterReclassificationAdjustment' xlink:type='arc' />
    <link:calculationArc order='10' weight='-1.0' xlink:arcrole='https://xbrl.org/2023/arcrole/summation-item' xlink:from='loc_OtherComprehensiveIncomeLossFinancialLiabilityFairValueOptionBeforeTaxAfterReclassificationAdjustment' xlink:to='loc_OtherComprehensiveIncomeLossFinancialLiabilityFairValueOptionReclassificationAdjustmentFromAociForDerecognitionBeforeTax' xlink:type='arc' />
    <link:calculationArc order='20' weight='1.0' xlink:arcrole='https://xbrl.org/2023/arcrole/summation-item' xlink:from='loc_OtherComprehensiveIncomeLossFinancialLiabilityFairValueOptionBeforeTaxAfterReclassificationAdjustment' xlink:to='loc_OtherComprehensiveIncomeLossFinancialLiabilityFairValueOptionUnrealizedGainLossArisingDuringPeriodBeforeTax' xlink:type='arc' />
    <link:calculationArc order='20' weight='-1.0' xlink:arcrole='https://xbrl.org/2023/arcrole/summation-item' xlink:from='loc_OtherComprehensiveIncomeLossFinancialLiabilityFairValueOptionAfterTaxAndReclassificationAdjustment' xlink:to='loc_OtherComprehensiveIncomeLossFinancialLiabilityFairValueOptionAfterReclassificationAdjustmentTax' xlink:type='arc' />
    <link:calculationArc order='10' weight='1.0' xlink:arcrole='https://xbrl.org/2023/arcrole/summation-item' xlink:from='loc_OtherComprehensiveIncomeLossFinancialLiabilityFairValueOptionAfterReclassificationAdjustmentTax' xlink:to='loc_OtherComprehensiveIncomeLossFinancialLiabilityFairValueOptionUnrealizedGainLossArisingDuringPeriodTax' xlink:type='arc' />
    <link:calculationArc order='20' weight='-1.0' xlink:arcrole='https://xbrl.org/2023/arcrole/summation-item' xlink:from='loc_OtherComprehensiveIncomeLossFinancialLiabilityFairValueOptionAfterReclassificationAdjustmentTax' xlink:to='loc_OtherComprehensiveIncomeLossFinancialLiabilityFairValueOptionReclassificationAdjustmentFromAociForDerecognitionTax' xlink:type='arc' />
    <link:calculationArc order='60' weight='1.0' xlink:arcrole='https://xbrl.org/2023/arcrole/summation-item' xlink:from='loc_OtherComprehensiveIncomeLossNetOfTax' xlink:to='loc_OtherComprehensiveIncomeLossDerivativeExcludedComponentIncreaseDecreaseAfterAdjustmentsAndTax' xlink:type='arc' />
    <link:calculationArc order='10' weight='1.0' xlink:arcrole='https://xbrl.org/2023/arcrole/summation-item' xlink:from='loc_OtherComprehensiveIncomeLossDerivativeExcludedComponentIncreaseDecreaseAfterAdjustmentsAndTax' xlink:to='loc_OtherComprehensiveIncomeLossDerivativeExcludedComponentIncreaseDecreaseAfterAdjustmentsBeforeTax' xlink:type='arc' />
    <link:calculationArc order='10' weight='-1.0' xlink:arcrole='https://xbrl.org/2023/arcrole/summation-item' xlink:from='loc_OtherComprehensiveIncomeLossDerivativeExcludedComponentIncreaseDecreaseAfterAdjustmentsBeforeTax' xlink:to='loc_OtherComprehensiveIncomeLossDerivativeExcludedComponentIncreaseDecreaseAdjustmentsBeforeTax' xlink:type='arc' />
    <link:calculationArc order='20' weight='1.0' xlink:arcrole='https://xbrl.org/2023/arcrole/summation-item' xlink:from='loc_OtherComprehensiveIncomeLossDerivativeExcludedComponentIncreaseDecreaseAfterAdjustmentsBeforeTax' xlink:to='loc_OtherComprehensiveIncomeLossDerivativeExcludedComponentIncreaseDecreaseBeforeAdjustmentsAndTax' xlink:type='arc' />
    <link:calculationArc order='20' weight='-1.0' xlink:arcrole='https://xbrl.org/2023/arcrole/summation-item' xlink:from='loc_OtherComprehensiveIncomeLossDerivativeExcludedComponentIncreaseDecreaseAfterAdjustmentsAndTax' xlink:to='loc_OtherComprehensiveIncomeLossDerivativeExcludedComponentIncreaseDecreaseAfterAdjustmentsTax' xlink:type='arc' />
    <link:calculationArc order='10' weight='-1.0' xlink:arcrole='https://xbrl.org/2023/arcrole/summation-item' xlink:from='loc_OtherComprehensiveIncomeLossDerivativeExcludedComponentIncreaseDecreaseAfterAdjustmentsTax' xlink:to='loc_OtherComprehensiveIncomeLossDerivativeExcludedComponentIncreaseDecreaseAdjustmentsTax' xlink:type='arc' />
    <link:calculationArc order='20' weight='1.0' xlink:arcrole='https://xbrl.org/2023/arcrole/summation-item' xlink:from='loc_OtherComprehensiveIncomeLossDerivativeExcludedComponentIncreaseDecreaseAfterAdjustmentsTax' xlink:to='loc_OtherComprehensiveIncomeLossDerivativeExcludedComponentIncreaseDecreaseBeforeAdjustmentsTax' xlink:type='arc' />
    <link:calculationArc order='70' weight='1.0' xlink:arcrole='https://xbrl.org/2023/arcrole/summation-item' xlink:from='loc_OtherComprehensiveIncomeLossNetOfTax' xlink:to='loc_OciEquityMethodInvestmentAfterTax' xlink:type='arc' />
    <link:calculationArc order='10' weight='1.0' xlink:arcrole='https://xbrl.org/2023/arcrole/summation-item' xlink:from='loc_OciEquityMethodInvestmentAfterTax' xlink:to='loc_OciEquityMethodInvestmentBeforeTax' xlink:type='arc' />
    <link:calculationArc order='20' weight='-1.0' xlink:arcrole='https://xbrl.org/2023/arcrole/summation-item' xlink:from='loc_OciEquityMethodInvestmentAfterTax' xlink:to='loc_OciEquityMethodInvestmentTax' xlink:type='arc' />
    <link:calculationArc order='80' weight='1.0' xlink:arcrole='https://xbrl.org/2023/arcrole/summation-item' xlink:from='loc_OtherComprehensiveIncomeLossNetOfTax' xlink:to='loc_OciLiabilityForFuturePolicyBenefitGainLossAfterReclassificationAdjustmentAndTax' xlink:type='arc' />
    <link:calculationArc order='10' weight='1.0' xlink:arcrole='https://xbrl.org/2023/arcrole/summation-item' xlink:from='loc_OciLiabilityForFuturePolicyBenefitGainLossAfterReclassificationAdjustmentAndTax' xlink:to='loc_OciLiabilityForFuturePolicyBenefitGainLossBeforeReclassificationAdjustmentAfterTax' xlink:type='arc' />
    <link:calculationArc order='20' weight='-1.0' xlink:arcrole='https://xbrl.org/2023/arcrole/summation-item' xlink:from='loc_OciLiabilityForFuturePolicyBenefitGainLossAfterReclassificationAdjustmentAndTax' xlink:to='loc_OciLiabilityForFuturePolicyBenefitGainLossReclassificationAdjustmentFromAociAfterTax' xlink:type='arc' />
    <link:calculationArc order='90' weight='1.0' xlink:arcrole='https://xbrl.org/2023/arcrole/summation-item' xlink:from='loc_OtherComprehensiveIncomeLossNetOfTax' xlink:to='loc_OciMarketRiskBenefitInstrumentSpecificCreditRiskGainLossAfterAdjustmentsAndTax' xlink:type='arc' />
    <link:calculationArc order='10' weight='1.0' xlink:arcrole='https://xbrl.org/2023/arcrole/summation-item' xlink:from='loc_OciMarketRiskBenefitInstrumentSpecificCreditRiskGainLossAfterAdjustmentsAndTax' xlink:to='loc_OciMarketRiskBenefitInstrumentSpecificCreditRiskGainLossBeforeAdjustmentsAfterTax' xlink:type='arc' />
    <link:calculationArc order='20' weight='-1.0' xlink:arcrole='https://xbrl.org/2023/arcrole/summation-item' xlink:from='loc_OciMarketRiskBenefitInstrumentSpecificCreditRiskGainLossAfterAdjustmentsAndTax' xlink:to='loc_OciMarketRiskBenefitInstrumentSpecificCreditRiskGainLossReclassificationAdjustmentFromAociAfterTax' xlink:type='arc' />
    <link:calculationArc order='30' weight='-1.0' xlink:arcrole='https://xbrl.org/2023/arcrole/summation-item' xlink:from='loc_OciMarketRiskBenefitInstrumentSpecificCreditRiskGainLossAfterAdjustmentsAndTax' xlink:to='loc_OciMarketRiskBenefitInstrumentSpecificCreditRiskAdjustmentFromAociForDerecognitionAfterTax' xlink:type='arc' />
    <link:calculationArc order='20' weight='-1.0' xlink:arcrole='https://xbrl.org/2023/arcrole/summation-item' xlink:from='loc_OtherComprehensiveIncomeLossNetOfTaxPortionAttributableToParent' xlink:to='loc_OtherComprehensiveIncomeLossNetOfTaxPortionAttributableToNoncontrollingInterest' xlink:type='arc' />
    <link:calculationArc order='10' weight='1.0' xlink:arcrole='https://xbrl.org/2023/arcrole/summation-item' xlink:from='loc_OtherComprehensiveIncomeLossNetOfTaxPortionAttributableToNoncontrollingInterest' xlink:to='loc_OtherComprehensiveIncomeAvailableforsaleSecuritiesAdjustmentNetOfTaxPortionAttributableToNoncontrollingInterest' xlink:type='arc' />
    <link:calculationArc order='10' weight='1.0' xlink:arcrole='https://xbrl.org/2023/arcrole/summation-item' xlink:from='loc_OtherComprehensiveIncomeAvailableforsaleSecuritiesAdjustmentNetOfTaxPortionAttributableToNoncontrollingInterest' xlink:to='loc_OtherComprehensiveIncomeAvailableforsaleSecuritiesAdjustmentBeforeTaxPortionAttributableToNoncontrollingInterest' xlink:type='arc' />
    <link:calculationArc order='20' weight='-1.0' xlink:arcrole='https://xbrl.org/2023/arcrole/summation-item' xlink:from='loc_OtherComprehensiveIncomeAvailableforsaleSecuritiesAdjustmentNetOfTaxPortionAttributableToNoncontrollingInterest' xlink:to='loc_OtherComprehensiveIncomeAvailableforsaleSecuritiesTaxPortionAttributableToNoncontrollingInterest' xlink:type='arc' />
    <link:calculationArc order='20' weight='1.0' xlink:arcrole='https://xbrl.org/2023/arcrole/summation-item' xlink:from='loc_OtherComprehensiveIncomeLossNetOfTaxPortionAttributableToNoncontrollingInterest' xlink:to='loc_OtherComprehensiveIncomeLossCashFlowHedgeGainLossAfterReclassificationAndTaxNoncontrollingInterest' xlink:type='arc' />
    <link:calculationArc order='10' weight='1.0' xlink:arcrole='https://xbrl.org/2023/arcrole/summation-item' xlink:from='loc_OtherComprehensiveIncomeLossCashFlowHedgeGainLossAfterReclassificationAndTaxNoncontrollingInterest' xlink:to='loc_OtherComprehensiveIncomeLossCashFlowHedgeGainLossAfterReclassificationBeforeTaxNoncontrollingInterest' xlink:type='arc' />
    <link:calculationArc order='20' weight='-1.0' xlink:arcrole='https://xbrl.org/2023/arcrole/summation-item' xlink:from='loc_OtherComprehensiveIncomeLossCashFlowHedgeGainLossAfterReclassificationAndTaxNoncontrollingInterest' xlink:to='loc_OtherComprehensiveIncomeLossCashFlowHedgeGainLossAfterReclassificationTaxNoncontrollingInterest' xlink:type='arc' />
    <link:calculationArc order='30' weight='1.0' xlink:arcrole='https://xbrl.org/2023/arcrole/summation-item' xlink:from='loc_OtherComprehensiveIncomeLossNetOfTaxPortionAttributableToNoncontrollingInterest' xlink:to='loc_OtherComprehensiveIncomeLossFinancialLiabilityFairValueOptionAfterTaxAndReclassificationAdjustmentAttributableToNoncontrollingInterest' xlink:type='arc' />
    <link:calculationArc order='10' weight='-1.0' xlink:arcrole='https://xbrl.org/2023/arcrole/summation-item' xlink:from='loc_OtherComprehensiveIncomeLossFinancialLiabilityFairValueOptionAfterTaxAndReclassificationAdjustmentAttributableToNoncontrollingInterest' xlink:to='loc_OtherComprehensiveIncomeLossFinancialLiabilityFairValueOptionAfterReclassificationAdjustmentTaxAttributableToNoncontrollingInterest' xlink:type='arc' />
    <link:calculationArc order='20' weight='1.0' xlink:arcrole='https://xbrl.org/2023/arcrole/summation-item' xlink:from='loc_OtherComprehensiveIncomeLossFinancialLiabilityFairValueOptionAfterTaxAndReclassificationAdjustmentAttributableToNoncontrollingInterest' xlink:to='loc_OtherComprehensiveIncomeLossFinancialLiabilityFairValueOptionBeforeTaxAfterReclassificationAdjustmentAttributableToNoncontrollingInterest' xlink:type='arc' />
    <link:calculationArc order='40' weight='1.0' xlink:arcrole='https://xbrl.org/2023/arcrole/summation-item' xlink:from='loc_OtherComprehensiveIncomeLossNetOfTaxPortionAttributableToNoncontrollingInterest' xlink:to='loc_OtherComprehensiveIncomeLossDerivativeExcludedComponentIncreaseDecreaseAfterAdjustmentsAndTaxNoncontrollingInterest1' xlink:type='arc' />
    <link:calculationArc order='10' weight='1.0' xlink:arcrole='https://xbrl.org/2023/arcrole/summation-item' xlink:from='loc_OtherComprehensiveIncomeLossDerivativeExcludedComponentIncreaseDecreaseAfterAdjustmentsAndTaxNoncontrollingInterest1' xlink:to='loc_OtherComprehensiveIncomeLossDerivativeExcludedComponentIncreaseDecreaseAfterAdjustmentsBeforeTaxNoncontrollingInterest1' xlink:type='arc' />
    <link:calculationArc order='20' weight='-1.0' xlink:arcrole='https://xbrl.org/2023/arcrole/summation-item' xlink:from='loc_OtherComprehensiveIncomeLossDerivativeExcludedComponentIncreaseDecreaseAfterAdjustmentsAndTaxNoncontrollingInterest1' xlink:to='loc_OtherComprehensiveIncomeLossDerivativeExcludedComponentIncreaseDecreaseAfterAdjustmentsTaxNoncontrollingInterest1' xlink:type='arc' />
    <link:calculationArc order='50' weight='1.0' xlink:arcrole='https://xbrl.org/2023/arcrole/summation-item' xlink:from='loc_OtherComprehensiveIncomeLossNetOfTaxPortionAttributableToNoncontrollingInterest' xlink:to='loc_OtherComprehensiveIncomeForeignCurrencyTransactionAndTranslationAdjustmentNetOfTaxPortionAttributableToNoncontrollingInterest' xlink:type='arc' />
    <link:calculationArc order='10' weight='1.0' xlink:arcrole='https://xbrl.org/2023/arcrole/summation-item' xlink:from='loc_OtherComprehensiveIncomeForeignCurrencyTransactionAndTranslationAdjustmentNetOfTaxPortionAttributableToNoncontrollingInterest' xlink:to='loc_OtherComprehensiveIncomeForeignCurrencyTransactionAndTranslationAdjustmentBeforeTaxPortionAttributableToNoncontrollingInterest' xlink:type='arc' />
    <link:calculationArc order='20' weight='-1.0' xlink:arcrole='https://xbrl.org/2023/arcrole/summation-item' xlink:from='loc_OtherComprehensiveIncomeForeignCurrencyTransactionAndTranslationAdjustmentNetOfTaxPortionAttributableToNoncontrollingInterest' xlink:to='loc_OtherComprehensiveIncomeForeignCurrencyTranslationAdjustmentTaxPortionAttributableToNoncontrollingInterest' xlink:type='arc' />
    <link:calculationArc order='60' weight='-1.0' xlink:arcrole='https://xbrl.org/2023/arcrole/summation-item' xlink:from='loc_OtherComprehensiveIncomeLossNetOfTaxPortionAttributableToNoncontrollingInterest' xlink:to='loc_OtherComprehensiveIncomeDefinedBenefitPlansAdjustmentNetOfTaxPortionAttributableToNoncontrollingInterest' xlink:type='arc' />
    <link:calculationArc order='10' weight='1.0' xlink:arcrole='https://xbrl.org/2023/arcrole/summation-item' xlink:from='loc_OtherComprehensiveIncomeDefinedBenefitPlansAdjustmentNetOfTaxPortionAttributableToNoncontrollingInterest' xlink:to='loc_OtherComprehensiveIncomeDefinedBenefitPlansAdjustmentBeforeTaxPortionAttributableToNoncontrollingInterest' xlink:type='arc' />
    <link:calculationArc order='20' weight='-1.0' xlink:arcrole='https://xbrl.org/2023/arcrole/summation-item' xlink:from='loc_OtherComprehensiveIncomeDefinedBenefitPlansAdjustmentNetOfTaxPortionAttributableToNoncontrollingInterest' xlink:to='loc_OtherComprehensiveIncomeDefinedBenefitPlansTaxPortionAttributableToNoncontrollingInterest' xlink:type='arc' />
    <link:calculationArc order='70' weight='1.0' xlink:arcrole='https://xbrl.org/2023/arcrole/summation-item' xlink:from='loc_OtherComprehensiveIncomeLossNetOfTaxPortionAttributableToNoncontrollingInterest' xlink:to='loc_OciEquityMethodInvestmentAfterTaxNoncontrollingInterest' xlink:type='arc' />
    <link:calculationArc order='10' weight='1.0' xlink:arcrole='https://xbrl.org/2023/arcrole/summation-item' xlink:from='loc_OciEquityMethodInvestmentAfterTaxNoncontrollingInterest' xlink:to='loc_OciEquityMethodInvestmentBeforeTaxNoncontrollingInterest' xlink:type='arc' />
    <link:calculationArc order='20' weight='-1.0' xlink:arcrole='https://xbrl.org/2023/arcrole/summation-item' xlink:from='loc_OciEquityMethodInvestmentAfterTaxNoncontrollingInterest' xlink:to='loc_OciEquityMethodInvestmentTaxNoncontrollingInterest' xlink:type='arc' />
    <link:calculationArc order='80' weight='1.0' xlink:arcrole='https://xbrl.org/2023/arcrole/summation-item' xlink:from='loc_OtherComprehensiveIncomeLossNetOfTaxPortionAttributableToNoncontrollingInterest' xlink:to='loc_OciLiabilityForFuturePolicyBenefitGainLossAfterReclassificationAdjustmentAndTaxNoncontrollingInterest' xlink:type='arc' />
    <link:calculationArc order='10' weight='1.0' xlink:arcrole='https://xbrl.org/2023/arcrole/summation-item' xlink:from='loc_OciLiabilityForFuturePolicyBenefitGainLossAfterReclassificationAdjustmentAndTaxNoncontrollingInterest' xlink:to='loc_OciLiabilityForFuturePolicyBenefitGainLossAfterReclassificationAdjustmentBeforeTaxNoncontrollingInterest' xlink:type='arc' />
    <link:calculationArc order='20' weight='-1.0' xlink:arcrole='https://xbrl.org/2023/arcrole/summation-item' xlink:from='loc_OciLiabilityForFuturePolicyBenefitGainLossAfterReclassificationAdjustmentAndTaxNoncontrollingInterest' xlink:to='loc_OciLiabilityForFuturePolicyBenefitGainLossAfterReclassificationAdjustmentTaxNoncontrollingInterest' xlink:type='arc' />
    <link:calculationArc order='90' weight='1.0' xlink:arcrole='https://xbrl.org/2023/arcrole/summation-item' xlink:from='loc_OtherComprehensiveIncomeLossNetOfTaxPortionAttributableToNoncontrollingInterest' xlink:to='loc_OciMarketRiskBenefitInstrumentSpecificCreditRiskGainLossAfterAdjustmentsAndTaxNoncontrollingInterest' xlink:type='arc' />
    <link:calculationArc order='10' weight='1.0' xlink:arcrole='https://xbrl.org/2023/arcrole/summation-item' xlink:from='loc_OciMarketRiskBenefitInstrumentSpecificCreditRiskGainLossAfterAdjustmentsAndTaxNoncontrollingInterest' xlink:to='loc_OciMarketRiskBenefitInstrumentSpecificCreditRiskGainLossAfterAdjustmentsBeforeTaxNoncontrollingInterest' xlink:type='arc' />
    <link:calculationArc order='20' weight='-1.0' xlink:arcrole='https://xbrl.org/2023/arcrole/summation-item' xlink:from='loc_OciMarketRiskBenefitInstrumentSpecificCreditRiskGainLossAfterAdjustmentsAndTaxNoncontrollingInterest' xlink:to='loc_OciMarketRiskBenefitInstrumentSpecificCreditRiskGainLossAfterAdjustmentsTaxNoncontrollingInterest' xlink:type='arc' />
    <link:calculationArc order='10' weight='1.0' xlink:arcrole='https://xbrl.org/2023/arcrole/summation-item' xlink:from='loc_MarketRiskBenefitBeforeReinsuranceAndCumulativeIncreaseDecreaseFromInstrumentSpecificCreditRiskChange' xlink:to='loc_MarketRiskBenefitAfterIncreaseDecreaseFromInstrumentSpecificCreditRisk' xlink:type='arc' />
    <link:calculationArc order='10' weight='-1.0' xlink:arcrole='https://xbrl.org/2023/arcrole/summation-item' xlink:from='loc_MarketRiskBenefitAfterIncreaseDecreaseFromInstrumentSpecificCreditRisk' xlink:to='loc_MarketRiskBenefitAssetAmount' xlink:type='arc' />
    <link:calculationArc order='20' weight='1.0' xlink:arcrole='https://xbrl.org/2023/arcrole/summation-item' xlink:from='loc_MarketRiskBenefitAfterIncreaseDecreaseFromInstrumentSpecificCreditRisk' xlink:to='loc_MarketRiskBenefitLiabilityAmount' xlink:type='arc' />
    <link:calculationArc order='20' weight='1.0' xlink:arcrole='https://xbrl.org/2023/arcrole/summation-item' xlink:from='loc_MarketRiskBenefitBeforeReinsuranceAndCumulativeIncreaseDecreaseFromInstrumentSpecificCreditRiskChange' xlink:to='loc_AociMarketRiskBenefitInstrumentSpecificCreditRiskBeforeTax' xlink:type='arc' />
  </link:calculationLink>
</link:linkbase>
