<?xml version='1.0' encoding='UTF-8'?>

<!--
(c) 2010-2024 Financial Accounting Foundation; (c) 2007-2010 XBRL US, Inc.  All Rights Reserved.
Notice: Authorized Uses are Set Forth at https://xbrl.fasb.org/terms/TaxonomiesTermsConditions.html
  -->
<link:linkbase xmlns:link='http://www.xbrl.org/2003/linkbase' xmlns:xlink='http://www.w3.org/1999/xlink' xmlns:xsi='http://www.w3.org/2001/XMLSchema-instance' xsi:schemaLocation='http://www.xbrl.org/2003/linkbase http://www.xbrl.org/2003/xbrl-linkbase-2003-12-31.xsd'>  <link:arcroleRef arcroleURI='https://xbrl.org/2023/arcrole/summation-item' xlink:href='https://www.xbrl.org/2023/calculation-1.1.xsd#summation-item' xlink:type='simple'/>
  <link:roleRef roleURI='http://fasb.org/us-gaap/role/statement/StatementOfIncomeDiscontinuedOperationsAlternate' xlink:href='../elts/us-roles-2024.xsd#soi1' xlink:type='simple' />
  <link:calculationLink xlink:role='http://fasb.org/us-gaap/role/statement/StatementOfIncomeDiscontinuedOperationsAlternate' xlink:type='extended'>
    <link:loc xlink:href='../elts/us-gaap-2024.xsd#us-gaap_IncomeLossFromDiscontinuedOperationsNetOfTaxAttributableToReportingEntity' xlink:label='loc_IncomeLossFromDiscontinuedOperationsNetOfTaxAttributableToReportingEntity' xlink:type='locator' />
    <link:loc xlink:href='../elts/us-gaap-2024.xsd#us-gaap_IncomeLossFromDiscontinuedOperationsNetOfTax' xlink:label='loc_IncomeLossFromDiscontinuedOperationsNetOfTax' xlink:type='locator' />
    <link:loc xlink:href='../elts/us-gaap-2024.xsd#us-gaap_DiscontinuedOperationAmountOfAdjustmentToPriorPeriodGainLossOnDisposalNetOfTax' xlink:label='loc_DiscontinuedOperationAmountOfAdjustmentToPriorPeriodGainLossOnDisposalNetOfTax' xlink:type='locator' />
    <link:loc xlink:href='../elts/us-gaap-2024.xsd#us-gaap_DiscontinuedOperationAmountOfAdjustmentToPriorPeriodGainLossOnDisposalBeforeIncomeTax' xlink:label='loc_DiscontinuedOperationAmountOfAdjustmentToPriorPeriodGainLossOnDisposalBeforeIncomeTax' xlink:type='locator' />
    <link:loc xlink:href='../elts/us-gaap-2024.xsd#us-gaap_DiscontinuedOperationTaxEffectOfAdjustmentToPriorPeriodGainLossOnDisposal' xlink:label='loc_DiscontinuedOperationTaxEffectOfAdjustmentToPriorPeriodGainLossOnDisposal' xlink:type='locator' />
    <link:loc xlink:href='../elts/us-gaap-2024.xsd#us-gaap_DiscontinuedOperationGainLossOnDisposalOfDiscontinuedOperationNetOfTax' xlink:label='loc_DiscontinuedOperationGainLossOnDisposalOfDiscontinuedOperationNetOfTax' xlink:type='locator' />
    <link:loc xlink:href='../elts/us-gaap-2024.xsd#us-gaap_DiscontinuedOperationGainLossFromDisposalOfDiscontinuedOperationBeforeIncomeTax' xlink:label='loc_DiscontinuedOperationGainLossFromDisposalOfDiscontinuedOperationBeforeIncomeTax' xlink:type='locator' />
    <link:loc xlink:href='../elts/us-gaap-2024.xsd#us-gaap_DiscontinuedOperationTaxEffectOfIncomeLossFromDisposalOfDiscontinuedOperation' xlink:label='loc_DiscontinuedOperationTaxEffectOfIncomeLossFromDisposalOfDiscontinuedOperation' xlink:type='locator' />
    <link:loc xlink:href='../elts/us-gaap-2024.xsd#us-gaap_DiscontinuedOperationIncomeLossFromDiscontinuedOperationDuringPhaseOutPeriodNetOfTax' xlink:label='loc_DiscontinuedOperationIncomeLossFromDiscontinuedOperationDuringPhaseOutPeriodNetOfTax' xlink:type='locator' />
    <link:loc xlink:href='../elts/us-gaap-2024.xsd#us-gaap_DiscontinuedOperationIncomeLossFromDiscontinuedOperationDuringPhaseOutPeriodBeforeIncomeTax' xlink:label='loc_DiscontinuedOperationIncomeLossFromDiscontinuedOperationDuringPhaseOutPeriodBeforeIncomeTax' xlink:type='locator' />
    <link:loc xlink:href='../elts/us-gaap-2024.xsd#us-gaap_DiscontinuedOperationTaxEffectOfIncomeLossFromDiscontinuedOperationDuringPhaseOutPeriod' xlink:label='loc_DiscontinuedOperationTaxEffectOfIncomeLossFromDiscontinuedOperationDuringPhaseOutPeriod' xlink:type='locator' />
    <link:loc xlink:href='../elts/us-gaap-2024.xsd#us-gaap_DiscontinuedOperationProvisionForLossGainOnDisposalNetOfTax' xlink:label='loc_DiscontinuedOperationProvisionForLossGainOnDisposalNetOfTax' xlink:type='locator' />
    <link:loc xlink:href='../elts/us-gaap-2024.xsd#us-gaap_DiscontinuedOperationProvisionForLossGainOnDisposalBeforeIncomeTax' xlink:label='loc_DiscontinuedOperationProvisionForLossGainOnDisposalBeforeIncomeTax' xlink:type='locator' />
    <link:loc xlink:href='../elts/us-gaap-2024.xsd#us-gaap_DiscontinuedOperationTaxExpenseBenefitFromProvisionForGainLossOnDisposal' xlink:label='loc_DiscontinuedOperationTaxExpenseBenefitFromProvisionForGainLossOnDisposal' xlink:type='locator' />
    <link:loc xlink:href='../elts/us-gaap-2024.xsd#us-gaap_IncomeLossFromDiscontinuedOperationsNetOfTaxAttributableToNoncontrollingInterest' xlink:label='loc_IncomeLossFromDiscontinuedOperationsNetOfTaxAttributableToNoncontrollingInterest' xlink:type='locator' />
    <link:loc xlink:href='../elts/us-gaap-2024.xsd#us-gaap_IncomeLossFromContinuingOperations' xlink:label='loc_IncomeLossFromContinuingOperations' xlink:type='locator' />
    <link:loc xlink:href='../elts/us-gaap-2024.xsd#us-gaap_IncomeLossFromContinuingOperationsIncludingPortionAttributableToNoncontrollingInterest' xlink:label='loc_IncomeLossFromContinuingOperationsIncludingPortionAttributableToNoncontrollingInterest' xlink:type='locator' />
    <link:loc xlink:href='../elts/us-gaap-2024.xsd#us-gaap_IncomeLossFromContinuingOperationsAttributableToNoncontrollingEntity' xlink:label='loc_IncomeLossFromContinuingOperationsAttributableToNoncontrollingEntity' xlink:type='locator' />
    <link:loc xlink:href='../elts/us-gaap-2024.xsd#us-gaap_IncomeLossAttributableToParent' xlink:label='loc_IncomeLossAttributableToParent' xlink:type='locator' />
    <link:loc xlink:href='../elts/us-gaap-2024.xsd#us-gaap_IncomeLossIncludingPortionAttributableToNoncontrollingInterest' xlink:label='loc_IncomeLossIncludingPortionAttributableToNoncontrollingInterest' xlink:type='locator' />
    <link:loc xlink:href='../elts/us-gaap-2024.xsd#us-gaap_IncomeLossFromContinuingOperationsBeforeIncomeTaxesExtraordinaryItemsNoncontrollingInterest' xlink:label='loc_IncomeLossFromContinuingOperationsBeforeIncomeTaxesExtraordinaryItemsNoncontrollingInterest' xlink:type='locator' />
    <link:loc xlink:href='../elts/us-gaap-2024.xsd#us-gaap_DiscontinuedOperationIncomeLossFromDiscontinuedOperationBeforeIncomeTax' xlink:label='loc_DiscontinuedOperationIncomeLossFromDiscontinuedOperationBeforeIncomeTax' xlink:type='locator' />
    <link:loc xlink:href='../elts/us-gaap-2024.xsd#us-gaap_IncomeLossAttributableToNoncontrollingInterest' xlink:label='loc_IncomeLossAttributableToNoncontrollingInterest' xlink:type='locator' />
    <link:loc xlink:href='../elts/us-gaap-2024.xsd#us-gaap_CostsAndExpenses' xlink:label='loc_CostsAndExpenses' xlink:type='locator' />
    <link:loc xlink:href='../elts/us-gaap-2024.xsd#us-gaap_CostOfRevenue' xlink:label='loc_CostOfRevenue' xlink:type='locator' />
    <link:loc xlink:href='../elts/us-gaap-2024.xsd#us-gaap_OperatingExpenses' xlink:label='loc_OperatingExpenses' xlink:type='locator' />
    <link:loc xlink:href='../elts/us-gaap-2024.xsd#us-gaap_InterestAndDividendIncomeSecurities' xlink:label='loc_InterestAndDividendIncomeSecurities' xlink:type='locator' />
    <link:loc xlink:href='../elts/us-gaap-2024.xsd#us-gaap_DividendIncomeEquitySecuritiesOperating' xlink:label='loc_DividendIncomeEquitySecuritiesOperating' xlink:type='locator' />
    <link:loc xlink:href='../elts/us-gaap-2024.xsd#us-gaap_InterestIncomeDebtSecuritiesOperating' xlink:label='loc_InterestIncomeDebtSecuritiesOperating' xlink:type='locator' />
    <link:loc xlink:href='../elts/us-gaap-2024.xsd#us-gaap_InterestIncomeDebtSecuritiesAvailableForSaleOperating' xlink:label='loc_InterestIncomeDebtSecuritiesAvailableForSaleOperating' xlink:type='locator' />
    <link:loc xlink:href='../elts/us-gaap-2024.xsd#us-gaap_InterestAndDividendIncomeSecuritiesHeldToMaturity' xlink:label='loc_InterestAndDividendIncomeSecuritiesHeldToMaturity' xlink:type='locator' />
    <link:loc xlink:href='../elts/us-gaap-2024.xsd#us-gaap_InterestIncomeDebtSecuritiesTradingOperating' xlink:label='loc_InterestIncomeDebtSecuritiesTradingOperating' xlink:type='locator' />
    <link:loc xlink:href='../elts/us-gaap-2024.xsd#us-gaap_InterestAndDividendIncomeSecuritiesOther' xlink:label='loc_InterestAndDividendIncomeSecuritiesOther' xlink:type='locator' />
    <link:loc xlink:href='../elts/us-gaap-2024.xsd#us-gaap_RevenuesNetOfInterestExpense' xlink:label='loc_RevenuesNetOfInterestExpense' xlink:type='locator' />
    <link:loc xlink:href='../elts/us-gaap-2024.xsd#us-gaap_Revenues' xlink:label='loc_Revenues' xlink:type='locator' />
    <link:loc xlink:href='../elts/us-gaap-2024.xsd#us-gaap_InterestExpenseOperating' xlink:label='loc_InterestExpenseOperating' xlink:type='locator' />
    <link:loc xlink:href='../elts/us-gaap-2024.xsd#us-gaap_InterestExpenseDeposits' xlink:label='loc_InterestExpenseDeposits' xlink:type='locator' />
    <link:loc xlink:href='../elts/us-gaap-2024.xsd#us-gaap_InterestExpenseDomesticDeposits' xlink:label='loc_InterestExpenseDomesticDeposits' xlink:type='locator' />
    <link:loc xlink:href='../elts/us-gaap-2024.xsd#us-gaap_InterestExpenseNOWAccountsMoneyMarketAccountsAndSavingsDeposits' xlink:label='loc_InterestExpenseNOWAccountsMoneyMarketAccountsAndSavingsDeposits' xlink:type='locator' />
    <link:loc xlink:href='../elts/us-gaap-2024.xsd#us-gaap_InterestExpenseNegotiableOrderOfWithdrawalNOWDeposits' xlink:label='loc_InterestExpenseNegotiableOrderOfWithdrawalNOWDeposits' xlink:type='locator' />
    <link:loc xlink:href='../elts/us-gaap-2024.xsd#us-gaap_InterestExpenseMoneyMarketDeposits' xlink:label='loc_InterestExpenseMoneyMarketDeposits' xlink:type='locator' />
    <link:loc xlink:href='../elts/us-gaap-2024.xsd#us-gaap_InterestExpenseSavingsDeposits' xlink:label='loc_InterestExpenseSavingsDeposits' xlink:type='locator' />
    <link:loc xlink:href='../elts/us-gaap-2024.xsd#us-gaap_InterestExpenseDemandDepositAccounts' xlink:label='loc_InterestExpenseDemandDepositAccounts' xlink:type='locator' />
    <link:loc xlink:href='../elts/us-gaap-2024.xsd#us-gaap_InterestExpenseTimeDeposits' xlink:label='loc_InterestExpenseTimeDeposits' xlink:type='locator' />
    <link:loc xlink:href='../elts/us-gaap-2024.xsd#us-gaap_InterestExpenseTimeDepositsLessThan100000' xlink:label='loc_InterestExpenseTimeDepositsLessThan100000' xlink:type='locator' />
    <link:loc xlink:href='../elts/us-gaap-2024.xsd#us-gaap_InterestExpenseTimeDeposits100000OrMore' xlink:label='loc_InterestExpenseTimeDeposits100000OrMore' xlink:type='locator' />
    <link:loc xlink:href='../elts/us-gaap-2024.xsd#us-gaap_InterestExpenseOtherDomesticDeposits' xlink:label='loc_InterestExpenseOtherDomesticDeposits' xlink:type='locator' />
    <link:loc xlink:href='../elts/us-gaap-2024.xsd#us-gaap_InterestExpenseForeignDeposits' xlink:label='loc_InterestExpenseForeignDeposits' xlink:type='locator' />
    <link:loc xlink:href='../elts/us-gaap-2024.xsd#us-gaap_InterestExpenseTradingLiabilities' xlink:label='loc_InterestExpenseTradingLiabilities' xlink:type='locator' />
    <link:loc xlink:href='../elts/us-gaap-2024.xsd#us-gaap_InterestExpenseBorrowings' xlink:label='loc_InterestExpenseBorrowings' xlink:type='locator' />
    <link:loc xlink:href='../elts/us-gaap-2024.xsd#us-gaap_InterestExpenseShortTermBorrowings' xlink:label='loc_InterestExpenseShortTermBorrowings' xlink:type='locator' />
    <link:loc xlink:href='../elts/us-gaap-2024.xsd#us-gaap_InterestExpenseFederalFundsPurchasedAndSecuritiesSoldUnderAgreementsToRepurchase' xlink:label='loc_InterestExpenseFederalFundsPurchasedAndSecuritiesSoldUnderAgreementsToRepurchase' xlink:type='locator' />
    <link:loc xlink:href='../elts/us-gaap-2024.xsd#us-gaap_InterestExpenseFederalFundsPurchased' xlink:label='loc_InterestExpenseFederalFundsPurchased' xlink:type='locator' />
    <link:loc xlink:href='../elts/us-gaap-2024.xsd#us-gaap_InterestExpenseSecuritiesSoldUnderAgreementsToRepurchase' xlink:label='loc_InterestExpenseSecuritiesSoldUnderAgreementsToRepurchase' xlink:type='locator' />
    <link:loc xlink:href='../elts/us-gaap-2024.xsd#us-gaap_InterestExpenseShortTermBorrowingsExcludingFederalFundsAndSecuritiesSoldUnderAgreementsToRepurchase' xlink:label='loc_InterestExpenseShortTermBorrowingsExcludingFederalFundsAndSecuritiesSoldUnderAgreementsToRepurchase' xlink:type='locator' />
    <link:loc xlink:href='../elts/us-gaap-2024.xsd#us-gaap_InterestExpenseFederalHomeLoanBankAndFederalReserveBankAdvancesShortTerm' xlink:label='loc_InterestExpenseFederalHomeLoanBankAndFederalReserveBankAdvancesShortTerm' xlink:type='locator' />
    <link:loc xlink:href='../elts/us-gaap-2024.xsd#us-gaap_InterestExpenseCommercialPaper' xlink:label='loc_InterestExpenseCommercialPaper' xlink:type='locator' />
    <link:loc xlink:href='../elts/us-gaap-2024.xsd#us-gaap_InterestExpenseOtherShortTermBorrowings' xlink:label='loc_InterestExpenseOtherShortTermBorrowings' xlink:type='locator' />
    <link:loc xlink:href='../elts/us-gaap-2024.xsd#us-gaap_InterestExpenseLongTermDebtAndCapitalSecurities' xlink:label='loc_InterestExpenseLongTermDebtAndCapitalSecurities' xlink:type='locator' />
    <link:loc xlink:href='../elts/us-gaap-2024.xsd#us-gaap_InterestExpenseLongTermDebt' xlink:label='loc_InterestExpenseLongTermDebt' xlink:type='locator' />
    <link:loc xlink:href='../elts/us-gaap-2024.xsd#us-gaap_InterestExpenseSubordinatedNotesAndDebentures' xlink:label='loc_InterestExpenseSubordinatedNotesAndDebentures' xlink:type='locator' />
    <link:loc xlink:href='../elts/us-gaap-2024.xsd#us-gaap_InterestExpenseJuniorSubordinatedDebentures' xlink:label='loc_InterestExpenseJuniorSubordinatedDebentures' xlink:type='locator' />
    <link:loc xlink:href='../elts/us-gaap-2024.xsd#us-gaap_InterestExpenseMediumTermNotes' xlink:label='loc_InterestExpenseMediumTermNotes' xlink:type='locator' />
    <link:loc xlink:href='../elts/us-gaap-2024.xsd#us-gaap_InterestExpenseFederalHomeLoanBankAndFederalReserveBankAdvancesLongTerm' xlink:label='loc_InterestExpenseFederalHomeLoanBankAndFederalReserveBankAdvancesLongTerm' xlink:type='locator' />
    <link:loc xlink:href='../elts/us-gaap-2024.xsd#us-gaap_InterestExpenseOtherLongTermDebt' xlink:label='loc_InterestExpenseOtherLongTermDebt' xlink:type='locator' />
    <link:loc xlink:href='../elts/us-gaap-2024.xsd#us-gaap_InterestExpenseCapitalSecurities' xlink:label='loc_InterestExpenseCapitalSecurities' xlink:type='locator' />
    <link:loc xlink:href='../elts/us-gaap-2024.xsd#us-gaap_InterestExpenseBeneficialInterestsIssuedByConsolidatedVariableInterestEntities' xlink:label='loc_InterestExpenseBeneficialInterestsIssuedByConsolidatedVariableInterestEntities' xlink:type='locator' />
    <link:loc xlink:href='../elts/us-gaap-2024.xsd#us-gaap_InterestExpenseTrustPreferredSecurities' xlink:label='loc_InterestExpenseTrustPreferredSecurities' xlink:type='locator' />
    <link:loc xlink:href='../elts/us-gaap-2024.xsd#us-gaap_IncomeLossFromIndividuallySignificantComponentDisposedOfOrHeldForSaleExcludingDiscontinuedOperationsAttributableToParentBeforeIncomeTax' xlink:label='loc_IncomeLossFromIndividuallySignificantComponentDisposedOfOrHeldForSaleExcludingDiscontinuedOperationsAttributableToParentBeforeIncomeTax' xlink:type='locator' />
    <link:loc xlink:href='../elts/us-gaap-2024.xsd#us-gaap_IncomeLossFromIndividuallySignificantComponentDisposedOfOrHeldForSaleExcludingDiscontinuedOperationsBeforeIncomeTax' xlink:label='loc_IncomeLossFromIndividuallySignificantComponentDisposedOfOrHeldForSaleExcludingDiscontinuedOperationsBeforeIncomeTax' xlink:type='locator' />
    <link:loc xlink:href='../elts/us-gaap-2024.xsd#us-gaap_IncomeLossFromIndividuallySignificantComponentDisposedOfOrHeldForSaleExcludingDiscontinuedOperationsAttributableToNoncontrollingInterestBeforeIncomeTax' xlink:label='loc_IncomeLossFromIndividuallySignificantComponentDisposedOfOrHeldForSaleExcludingDiscontinuedOperationsAttributableToNoncontrollingInterestBeforeIncomeTax' xlink:type='locator' />
    <link:loc xlink:href='../elts/us-gaap-2024.xsd#us-gaap_DiscontinuedOperationIncomeLossFromDiscontinuedOperationDuringPhaseOutPeriodBeforeIncomeTaxAttributableToParent' xlink:label='loc_DiscontinuedOperationIncomeLossFromDiscontinuedOperationDuringPhaseOutPeriodBeforeIncomeTaxAttributableToParent' xlink:type='locator' />
    <link:loc xlink:href='../elts/us-gaap-2024.xsd#us-gaap_DiscontinuedOperationIncomeLossFromDiscontinuedOperationDuringPhaseOutPeriodBeforeIncomeTaxAttributableToNoncontrollingInterest' xlink:label='loc_DiscontinuedOperationIncomeLossFromDiscontinuedOperationDuringPhaseOutPeriodBeforeIncomeTaxAttributableToNoncontrollingInterest' xlink:type='locator' />
    <link:loc xlink:href='../elts/us-gaap-2024.xsd#us-gaap_NetIncomeLossPerOutstandingLimitedPartnershipAndGeneralPartnershipUnitBasicAndDiluted' xlink:label='loc_NetIncomeLossPerOutstandingLimitedPartnershipAndGeneralPartnershipUnitBasicAndDiluted' xlink:type='locator' />
    <link:loc xlink:href='../elts/us-gaap-2024.xsd#us-gaap_IncomeLossFromContinuingOperationsPerOutstandingLimitedPartnershipAndGeneralPartnershipUnitBasicAndDiluted' xlink:label='loc_IncomeLossFromContinuingOperationsPerOutstandingLimitedPartnershipAndGeneralPartnershipUnitBasicAndDiluted' xlink:type='locator' />
    <link:loc xlink:href='../elts/us-gaap-2024.xsd#us-gaap_IncomeLossFromDiscontinuedOperationsNetOfTaxPerOutstandingLimitedPartnershipAndGeneralPartnershipUnitBasicAndDiluted' xlink:label='loc_IncomeLossFromDiscontinuedOperationsNetOfTaxPerOutstandingLimitedPartnershipAndGeneralPartnershipUnitBasicAndDiluted' xlink:type='locator' />
    <link:loc xlink:href='../elts/us-gaap-2024.xsd#us-gaap_EarningsPerShareBasic' xlink:label='loc_EarningsPerShareBasic' xlink:type='locator' />
    <link:loc xlink:href='../elts/us-gaap-2024.xsd#us-gaap_EarningsPerShareBasicDistributed' xlink:label='loc_EarningsPerShareBasicDistributed' xlink:type='locator' />
    <link:loc xlink:href='../elts/us-gaap-2024.xsd#us-gaap_EarningsPerShareBasicUndistributed' xlink:label='loc_EarningsPerShareBasicUndistributed' xlink:type='locator' />
    <link:loc xlink:href='../elts/us-gaap-2024.xsd#us-gaap_EarningsPerShareDiluted' xlink:label='loc_EarningsPerShareDiluted' xlink:type='locator' />
    <link:loc xlink:href='../elts/us-gaap-2024.xsd#us-gaap_EarningsPerShareDilutedDistributed' xlink:label='loc_EarningsPerShareDilutedDistributed' xlink:type='locator' />
    <link:loc xlink:href='../elts/us-gaap-2024.xsd#us-gaap_EarningsPerShareDilutedUndistributed' xlink:label='loc_EarningsPerShareDilutedUndistributed' xlink:type='locator' />
    <link:loc xlink:href='../elts/us-gaap-2024.xsd#us-gaap_GainLossOnSaleOfTrustAssetsToPayExpenses' xlink:label='loc_GainLossOnSaleOfTrustAssetsToPayExpenses' xlink:type='locator' />
    <link:loc xlink:href='../elts/us-gaap-2024.xsd#us-gaap_SaleOfTrustAssetsToPayExpenses' xlink:label='loc_SaleOfTrustAssetsToPayExpenses' xlink:type='locator' />
    <link:loc xlink:href='../elts/us-gaap-2024.xsd#us-gaap_CostOfTrustAssetsSoldToPayExpenses' xlink:label='loc_CostOfTrustAssetsSoldToPayExpenses' xlink:type='locator' />
    <link:loc xlink:href='../elts/us-gaap-2024.xsd#us-gaap_IncomeLossFromSubsidiariesNetOfTax' xlink:label='loc_IncomeLossFromSubsidiariesNetOfTax' xlink:type='locator' />
    <link:loc xlink:href='../elts/us-gaap-2024.xsd#us-gaap_IncomeLossFromSubsidiariesBeforeTax' xlink:label='loc_IncomeLossFromSubsidiariesBeforeTax' xlink:type='locator' />
    <link:loc xlink:href='../elts/us-gaap-2024.xsd#us-gaap_IncomeLossFromSubsidiariesTaxExpenseBenefit' xlink:label='loc_IncomeLossFromSubsidiariesTaxExpenseBenefit' xlink:type='locator' />
    <link:loc xlink:href='../elts/us-gaap-2024.xsd#us-gaap_IncomeTaxExpenseBenefit' xlink:label='loc_IncomeTaxExpenseBenefit' xlink:type='locator' />
    <link:loc xlink:href='../elts/us-gaap-2024.xsd#us-gaap_FederalStateAndLocalIncomeTaxExpenseBenefitContinuingOperations' xlink:label='loc_FederalStateAndLocalIncomeTaxExpenseBenefitContinuingOperations' xlink:type='locator' />
    <link:loc xlink:href='../elts/us-gaap-2024.xsd#us-gaap_FederalIncomeTaxExpenseBenefitContinuingOperations' xlink:label='loc_FederalIncomeTaxExpenseBenefitContinuingOperations' xlink:type='locator' />
    <link:loc xlink:href='../elts/us-gaap-2024.xsd#us-gaap_CurrentFederalTaxExpenseBenefit' xlink:label='loc_CurrentFederalTaxExpenseBenefit' xlink:type='locator' />
    <link:loc xlink:href='../elts/us-gaap-2024.xsd#us-gaap_DeferredFederalIncomeTaxExpenseBenefit' xlink:label='loc_DeferredFederalIncomeTaxExpenseBenefit' xlink:type='locator' />
    <link:loc xlink:href='../elts/us-gaap-2024.xsd#us-gaap_StateAndLocalIncomeTaxExpenseBenefitContinuingOperations' xlink:label='loc_StateAndLocalIncomeTaxExpenseBenefitContinuingOperations' xlink:type='locator' />
    <link:loc xlink:href='../elts/us-gaap-2024.xsd#us-gaap_CurrentStateAndLocalTaxExpenseBenefit' xlink:label='loc_CurrentStateAndLocalTaxExpenseBenefit' xlink:type='locator' />
    <link:loc xlink:href='../elts/us-gaap-2024.xsd#us-gaap_DeferredStateAndLocalIncomeTaxExpenseBenefit' xlink:label='loc_DeferredStateAndLocalIncomeTaxExpenseBenefit' xlink:type='locator' />
    <link:loc xlink:href='../elts/us-gaap-2024.xsd#us-gaap_ForeignIncomeTaxExpenseBenefitContinuingOperations' xlink:label='loc_ForeignIncomeTaxExpenseBenefitContinuingOperations' xlink:type='locator' />
    <link:loc xlink:href='../elts/us-gaap-2024.xsd#us-gaap_CurrentForeignTaxExpenseBenefit' xlink:label='loc_CurrentForeignTaxExpenseBenefit' xlink:type='locator' />
    <link:loc xlink:href='../elts/us-gaap-2024.xsd#us-gaap_DeferredForeignIncomeTaxExpenseBenefit' xlink:label='loc_DeferredForeignIncomeTaxExpenseBenefit' xlink:type='locator' />
    <link:loc xlink:href='../elts/us-gaap-2024.xsd#us-gaap_OtherIncomeTaxExpenseBenefitContinuingOperations' xlink:label='loc_OtherIncomeTaxExpenseBenefitContinuingOperations' xlink:type='locator' />
    <link:loc xlink:href='../elts/us-gaap-2024.xsd#us-gaap_OtherTaxExpenseBenefit' xlink:label='loc_OtherTaxExpenseBenefit' xlink:type='locator' />
    <link:loc xlink:href='../elts/us-gaap-2024.xsd#us-gaap_DeferredOtherTaxExpenseBenefit' xlink:label='loc_DeferredOtherTaxExpenseBenefit' xlink:type='locator' />
    <link:loc xlink:href='../elts/us-gaap-2024.xsd#us-gaap_NetIncomeLossAvailableToCommonStockholdersBasic' xlink:label='loc_NetIncomeLossAvailableToCommonStockholdersBasic' xlink:type='locator' />
    <link:loc xlink:href='../elts/us-gaap-2024.xsd#us-gaap_NetIncomeLossFromContinuingOperationsAvailableToCommonShareholdersBasic' xlink:label='loc_NetIncomeLossFromContinuingOperationsAvailableToCommonShareholdersBasic' xlink:type='locator' />
    <link:loc xlink:href='../elts/us-gaap-2024.xsd#us-gaap_NetIncomeLossFromDiscontinuedOperationsAvailableToCommonShareholdersBasic' xlink:label='loc_NetIncomeLossFromDiscontinuedOperationsAvailableToCommonShareholdersBasic' xlink:type='locator' />
    <link:loc xlink:href='../elts/us-gaap-2024.xsd#us-gaap_UndistributedEarningsDiluted' xlink:label='loc_UndistributedEarningsDiluted' xlink:type='locator' />
    <link:loc xlink:href='../elts/us-gaap-2024.xsd#us-gaap_UndistributedContinuingOperationEarningsLossDiluted' xlink:label='loc_UndistributedContinuingOperationEarningsLossDiluted' xlink:type='locator' />
    <link:loc xlink:href='../elts/us-gaap-2024.xsd#us-gaap_UndistributedDiscontinuedOperationEarningsLossDiluted' xlink:label='loc_UndistributedDiscontinuedOperationEarningsLossDiluted' xlink:type='locator' />
    <link:loc xlink:href='../elts/us-gaap-2024.xsd#us-gaap_UndistributedEarningsLossAvailableToCommonShareholdersDiluted' xlink:label='loc_UndistributedEarningsLossAvailableToCommonShareholdersDiluted' xlink:type='locator' />
    <link:loc xlink:href='../elts/us-gaap-2024.xsd#us-gaap_UndistributedEarningsLossFromContinuingOperationsAvailableToCommonShareholdersDiluted' xlink:label='loc_UndistributedEarningsLossFromContinuingOperationsAvailableToCommonShareholdersDiluted' xlink:type='locator' />
    <link:loc xlink:href='../elts/us-gaap-2024.xsd#us-gaap_UndistributedEarningsLossFromDiscontinuedOperationsAvailableToCommonShareholdersDiluted' xlink:label='loc_UndistributedEarningsLossFromDiscontinuedOperationsAvailableToCommonShareholdersDiluted' xlink:type='locator' />
    <link:loc xlink:href='../elts/us-gaap-2024.xsd#us-gaap_NetIncomeLossAvailableToCommonStockholdersDiluted' xlink:label='loc_NetIncomeLossAvailableToCommonStockholdersDiluted' xlink:type='locator' />
    <link:loc xlink:href='../elts/us-gaap-2024.xsd#us-gaap_NetIncomeLossFromContinuingOperationsAvailableToCommonShareholdersDiluted' xlink:label='loc_NetIncomeLossFromContinuingOperationsAvailableToCommonShareholdersDiluted' xlink:type='locator' />
    <link:loc xlink:href='../elts/us-gaap-2024.xsd#us-gaap_NetIncomeLossFromDiscontinuedOperationsAvailableToCommonShareholdersDiluted' xlink:label='loc_NetIncomeLossFromDiscontinuedOperationsAvailableToCommonShareholdersDiluted' xlink:type='locator' />
    <link:loc xlink:href='../elts/us-gaap-2024.xsd#us-gaap_UndistributedEarningsLossAvailableToCommonShareholdersBasic' xlink:label='loc_UndistributedEarningsLossAvailableToCommonShareholdersBasic' xlink:type='locator' />
    <link:loc xlink:href='../elts/us-gaap-2024.xsd#us-gaap_UndistributedEarnings' xlink:label='loc_UndistributedEarnings' xlink:type='locator' />
    <link:loc xlink:href='../elts/us-gaap-2024.xsd#us-gaap_NetIncomeLoss' xlink:label='loc_NetIncomeLoss' xlink:type='locator' />
    <link:loc xlink:href='../elts/us-gaap-2024.xsd#us-gaap_DistributedEarnings' xlink:label='loc_DistributedEarnings' xlink:type='locator' />
    <link:loc xlink:href='../elts/us-gaap-2024.xsd#us-gaap_Dividends' xlink:label='loc_Dividends' xlink:type='locator' />
    <link:loc xlink:href='../elts/us-gaap-2024.xsd#us-gaap_DividendsCash' xlink:label='loc_DividendsCash' xlink:type='locator' />
    <link:loc xlink:href='../elts/us-gaap-2024.xsd#us-gaap_DividendsCommonStockCash' xlink:label='loc_DividendsCommonStockCash' xlink:type='locator' />
    <link:loc xlink:href='../elts/us-gaap-2024.xsd#us-gaap_DividendsPreferredStockCash' xlink:label='loc_DividendsPreferredStockCash' xlink:type='locator' />
    <link:loc xlink:href='../elts/us-gaap-2024.xsd#us-gaap_DividendsShareBasedCompensationCash' xlink:label='loc_DividendsShareBasedCompensationCash' xlink:type='locator' />
    <link:loc xlink:href='../elts/us-gaap-2024.xsd#us-gaap_DividendsPaidinkind' xlink:label='loc_DividendsPaidinkind' xlink:type='locator' />
    <link:loc xlink:href='../elts/us-gaap-2024.xsd#us-gaap_DividendsCommonStockPaidinkind' xlink:label='loc_DividendsCommonStockPaidinkind' xlink:type='locator' />
    <link:loc xlink:href='../elts/us-gaap-2024.xsd#us-gaap_DividendsPreferredStockPaidinkind' xlink:label='loc_DividendsPreferredStockPaidinkind' xlink:type='locator' />
    <link:loc xlink:href='../elts/us-gaap-2024.xsd#us-gaap_DividendsSharebasedCompensationPaidInKind' xlink:label='loc_DividendsSharebasedCompensationPaidInKind' xlink:type='locator' />
    <link:loc xlink:href='../elts/us-gaap-2024.xsd#us-gaap_DividendsStock' xlink:label='loc_DividendsStock' xlink:type='locator' />
    <link:loc xlink:href='../elts/us-gaap-2024.xsd#us-gaap_DividendsCommonStockStock' xlink:label='loc_DividendsCommonStockStock' xlink:type='locator' />
    <link:loc xlink:href='../elts/us-gaap-2024.xsd#us-gaap_DividendsPreferredStockStock' xlink:label='loc_DividendsPreferredStockStock' xlink:type='locator' />
    <link:loc xlink:href='../elts/us-gaap-2024.xsd#us-gaap_DividendsSharebasedCompensationStock' xlink:label='loc_DividendsSharebasedCompensationStock' xlink:type='locator' />
    <link:loc xlink:href='../elts/us-gaap-2024.xsd#us-gaap_DividendsAndInterestPaid' xlink:label='loc_DividendsAndInterestPaid' xlink:type='locator' />
    <link:loc xlink:href='../elts/us-gaap-2024.xsd#us-gaap_UndistributedEarningsLossAllocatedToParticipatingSecuritiesBasic' xlink:label='loc_UndistributedEarningsLossAllocatedToParticipatingSecuritiesBasic' xlink:type='locator' />
    <link:loc xlink:href='../elts/us-gaap-2024.xsd#us-gaap_LeaseCost' xlink:label='loc_LeaseCost' xlink:type='locator' />
    <link:loc xlink:href='../elts/us-gaap-2024.xsd#us-gaap_OperatingLeaseCost' xlink:label='loc_OperatingLeaseCost' xlink:type='locator' />
    <link:loc xlink:href='../elts/us-gaap-2024.xsd#us-gaap_ShortTermLeaseCost' xlink:label='loc_ShortTermLeaseCost' xlink:type='locator' />
    <link:loc xlink:href='../elts/us-gaap-2024.xsd#us-gaap_VariableLeaseCost' xlink:label='loc_VariableLeaseCost' xlink:type='locator' />
    <link:loc xlink:href='../elts/us-gaap-2024.xsd#us-gaap_SubleaseIncome' xlink:label='loc_SubleaseIncome' xlink:type='locator' />
    <link:loc xlink:href='../elts/us-gaap-2024.xsd#us-gaap_FinanceLeaseRightOfUseAssetAmortization' xlink:label='loc_FinanceLeaseRightOfUseAssetAmortization' xlink:type='locator' />
    <link:loc xlink:href='../elts/us-gaap-2024.xsd#us-gaap_FinanceLeaseInterestExpense' xlink:label='loc_FinanceLeaseInterestExpense' xlink:type='locator' />
    <link:loc xlink:href='../elts/us-gaap-2024.xsd#us-gaap_LeaseIncome' xlink:label='loc_LeaseIncome' xlink:type='locator' />
    <link:loc xlink:href='../elts/us-gaap-2024.xsd#us-gaap_OperatingLeaseLeaseIncome' xlink:label='loc_OperatingLeaseLeaseIncome' xlink:type='locator' />
    <link:loc xlink:href='../elts/us-gaap-2024.xsd#us-gaap_OperatingLeaseLeaseIncomeLeasePayments' xlink:label='loc_OperatingLeaseLeaseIncomeLeasePayments' xlink:type='locator' />
    <link:loc xlink:href='../elts/us-gaap-2024.xsd#us-gaap_OperatingLeaseVariableLeaseIncome' xlink:label='loc_OperatingLeaseVariableLeaseIncome' xlink:type='locator' />
    <link:loc xlink:href='../elts/us-gaap-2024.xsd#us-gaap_SalesTypeLeaseLeaseIncome' xlink:label='loc_SalesTypeLeaseLeaseIncome' xlink:type='locator' />
    <link:loc xlink:href='../elts/us-gaap-2024.xsd#us-gaap_SalesTypeLeaseVariableLeaseIncome' xlink:label='loc_SalesTypeLeaseVariableLeaseIncome' xlink:type='locator' />
    <link:loc xlink:href='../elts/us-gaap-2024.xsd#us-gaap_SalesTypeLeaseInterestIncome' xlink:label='loc_SalesTypeLeaseInterestIncome' xlink:type='locator' />
    <link:loc xlink:href='../elts/us-gaap-2024.xsd#us-gaap_SalesTypeLeaseInterestIncomeLeaseReceivable' xlink:label='loc_SalesTypeLeaseInterestIncomeLeaseReceivable' xlink:type='locator' />
    <link:loc xlink:href='../elts/us-gaap-2024.xsd#us-gaap_SalesTypeLeaseInterestIncomeUnguaranteedResidualAsset' xlink:label='loc_SalesTypeLeaseInterestIncomeUnguaranteedResidualAsset' xlink:type='locator' />
    <link:loc xlink:href='../elts/us-gaap-2024.xsd#us-gaap_SalesTypeLeaseSellingProfitLoss' xlink:label='loc_SalesTypeLeaseSellingProfitLoss' xlink:type='locator' />
    <link:loc xlink:href='../elts/us-gaap-2024.xsd#us-gaap_SalesTypeLeaseRevenue' xlink:label='loc_SalesTypeLeaseRevenue' xlink:type='locator' />
    <link:loc xlink:href='../elts/us-gaap-2024.xsd#us-gaap_SalesTypeLeaseImpairmentLoss' xlink:label='loc_SalesTypeLeaseImpairmentLoss' xlink:type='locator' />
    <link:loc xlink:href='../elts/us-gaap-2024.xsd#us-gaap_CostOfGoodsSoldSalesTypeLease' xlink:label='loc_CostOfGoodsSoldSalesTypeLease' xlink:type='locator' />
    <link:loc xlink:href='../elts/us-gaap-2024.xsd#us-gaap_DirectFinancingLeaseLeaseIncome' xlink:label='loc_DirectFinancingLeaseLeaseIncome' xlink:type='locator' />
    <link:loc xlink:href='../elts/us-gaap-2024.xsd#us-gaap_DirectFinancingLeaseSellingLoss' xlink:label='loc_DirectFinancingLeaseSellingLoss' xlink:type='locator' />
    <link:loc xlink:href='../elts/us-gaap-2024.xsd#us-gaap_DirectFinancingLeaseRevenue' xlink:label='loc_DirectFinancingLeaseRevenue' xlink:type='locator' />
    <link:loc xlink:href='../elts/us-gaap-2024.xsd#us-gaap_DirectFinancingLeaseImpairmentLoss' xlink:label='loc_DirectFinancingLeaseImpairmentLoss' xlink:type='locator' />
    <link:loc xlink:href='../elts/us-gaap-2024.xsd#us-gaap_CostOfGoodsSoldDirectFinancingLease' xlink:label='loc_CostOfGoodsSoldDirectFinancingLease' xlink:type='locator' />
    <link:loc xlink:href='../elts/us-gaap-2024.xsd#us-gaap_DirectFinancingLeaseVariableLeaseIncome' xlink:label='loc_DirectFinancingLeaseVariableLeaseIncome' xlink:type='locator' />
    <link:loc xlink:href='../elts/us-gaap-2024.xsd#us-gaap_DirectFinancingLeaseInterestIncome' xlink:label='loc_DirectFinancingLeaseInterestIncome' xlink:type='locator' />
    <link:loc xlink:href='../elts/us-gaap-2024.xsd#us-gaap_NoninterestIncome' xlink:label='loc_NoninterestIncome' xlink:type='locator' />
    <link:loc xlink:href='../elts/us-gaap-2024.xsd#us-gaap_RevenueFromContractWithCustomerIncludingAssessedTax' xlink:label='loc_RevenueFromContractWithCustomerIncludingAssessedTax' xlink:type='locator' />
    <link:loc xlink:href='../elts/us-gaap-2024.xsd#us-gaap_RevenueNotFromContractWithCustomerExcludingInterestIncome' xlink:label='loc_RevenueNotFromContractWithCustomerExcludingInterestIncome' xlink:type='locator' />
    <link:loc xlink:href='../elts/us-gaap-2024.xsd#us-gaap_NetInvestmentInLeaseCreditLossExpenseReversal' xlink:label='loc_NetInvestmentInLeaseCreditLossExpenseReversal' xlink:type='locator' />
    <link:calculationArc order='10' weight='1.0' xlink:arcrole='https://xbrl.org/2023/arcrole/summation-item' xlink:from='loc_IncomeLossFromDiscontinuedOperationsNetOfTaxAttributableToReportingEntity' xlink:to='loc_IncomeLossFromDiscontinuedOperationsNetOfTax' xlink:type='arc' />
    <link:calculationArc order='10' weight='1.0' xlink:arcrole='https://xbrl.org/2023/arcrole/summation-item' xlink:from='loc_IncomeLossFromDiscontinuedOperationsNetOfTax' xlink:to='loc_DiscontinuedOperationAmountOfAdjustmentToPriorPeriodGainLossOnDisposalNetOfTax' xlink:type='arc' />
    <link:calculationArc order='10' weight='1.0' xlink:arcrole='https://xbrl.org/2023/arcrole/summation-item' xlink:from='loc_DiscontinuedOperationAmountOfAdjustmentToPriorPeriodGainLossOnDisposalNetOfTax' xlink:to='loc_DiscontinuedOperationAmountOfAdjustmentToPriorPeriodGainLossOnDisposalBeforeIncomeTax' xlink:type='arc' />
    <link:calculationArc order='20' weight='-1.0' xlink:arcrole='https://xbrl.org/2023/arcrole/summation-item' xlink:from='loc_DiscontinuedOperationAmountOfAdjustmentToPriorPeriodGainLossOnDisposalNetOfTax' xlink:to='loc_DiscontinuedOperationTaxEffectOfAdjustmentToPriorPeriodGainLossOnDisposal' xlink:type='arc' />
    <link:calculationArc order='20' weight='1.0' xlink:arcrole='https://xbrl.org/2023/arcrole/summation-item' xlink:from='loc_IncomeLossFromDiscontinuedOperationsNetOfTax' xlink:to='loc_DiscontinuedOperationGainLossOnDisposalOfDiscontinuedOperationNetOfTax' xlink:type='arc' />
    <link:calculationArc order='10' weight='1.0' xlink:arcrole='https://xbrl.org/2023/arcrole/summation-item' xlink:from='loc_DiscontinuedOperationGainLossOnDisposalOfDiscontinuedOperationNetOfTax' xlink:to='loc_DiscontinuedOperationGainLossFromDisposalOfDiscontinuedOperationBeforeIncomeTax' xlink:type='arc' />
    <link:calculationArc order='20' weight='-1.0' xlink:arcrole='https://xbrl.org/2023/arcrole/summation-item' xlink:from='loc_DiscontinuedOperationGainLossOnDisposalOfDiscontinuedOperationNetOfTax' xlink:to='loc_DiscontinuedOperationTaxEffectOfIncomeLossFromDisposalOfDiscontinuedOperation' xlink:type='arc' />
    <link:calculationArc order='30' weight='1.0' xlink:arcrole='https://xbrl.org/2023/arcrole/summation-item' xlink:from='loc_IncomeLossFromDiscontinuedOperationsNetOfTax' xlink:to='loc_DiscontinuedOperationIncomeLossFromDiscontinuedOperationDuringPhaseOutPeriodNetOfTax' xlink:type='arc' />
    <link:calculationArc order='10' weight='1.0' xlink:arcrole='https://xbrl.org/2023/arcrole/summation-item' xlink:from='loc_DiscontinuedOperationIncomeLossFromDiscontinuedOperationDuringPhaseOutPeriodNetOfTax' xlink:to='loc_DiscontinuedOperationIncomeLossFromDiscontinuedOperationDuringPhaseOutPeriodBeforeIncomeTax' xlink:type='arc' />
    <link:calculationArc order='20' weight='-1.0' xlink:arcrole='https://xbrl.org/2023/arcrole/summation-item' xlink:from='loc_DiscontinuedOperationIncomeLossFromDiscontinuedOperationDuringPhaseOutPeriodNetOfTax' xlink:to='loc_DiscontinuedOperationTaxEffectOfIncomeLossFromDiscontinuedOperationDuringPhaseOutPeriod' xlink:type='arc' />
    <link:calculationArc order='40' weight='-1.0' xlink:arcrole='https://xbrl.org/2023/arcrole/summation-item' xlink:from='loc_IncomeLossFromDiscontinuedOperationsNetOfTax' xlink:to='loc_DiscontinuedOperationProvisionForLossGainOnDisposalNetOfTax' xlink:type='arc' />
    <link:calculationArc order='10' weight='1.0' xlink:arcrole='https://xbrl.org/2023/arcrole/summation-item' xlink:from='loc_DiscontinuedOperationProvisionForLossGainOnDisposalNetOfTax' xlink:to='loc_DiscontinuedOperationProvisionForLossGainOnDisposalBeforeIncomeTax' xlink:type='arc' />
    <link:calculationArc order='20' weight='-1.0' xlink:arcrole='https://xbrl.org/2023/arcrole/summation-item' xlink:from='loc_DiscontinuedOperationProvisionForLossGainOnDisposalNetOfTax' xlink:to='loc_DiscontinuedOperationTaxExpenseBenefitFromProvisionForGainLossOnDisposal' xlink:type='arc' />
    <link:calculationArc order='20' weight='-1.0' xlink:arcrole='https://xbrl.org/2023/arcrole/summation-item' xlink:from='loc_IncomeLossFromDiscontinuedOperationsNetOfTaxAttributableToReportingEntity' xlink:to='loc_IncomeLossFromDiscontinuedOperationsNetOfTaxAttributableToNoncontrollingInterest' xlink:type='arc' />
    <link:calculationArc order='10' weight='1.0' xlink:arcrole='https://xbrl.org/2023/arcrole/summation-item' xlink:from='loc_IncomeLossFromContinuingOperations' xlink:to='loc_IncomeLossFromContinuingOperationsIncludingPortionAttributableToNoncontrollingInterest' xlink:type='arc' />
    <link:calculationArc order='20' weight='-1.0' xlink:arcrole='https://xbrl.org/2023/arcrole/summation-item' xlink:from='loc_IncomeLossFromContinuingOperations' xlink:to='loc_IncomeLossFromContinuingOperationsAttributableToNoncontrollingEntity' xlink:type='arc' />
    <link:calculationArc order='10' weight='1.0' xlink:arcrole='https://xbrl.org/2023/arcrole/summation-item' xlink:from='loc_IncomeLossAttributableToParent' xlink:to='loc_IncomeLossIncludingPortionAttributableToNoncontrollingInterest' xlink:type='arc' />
    <link:calculationArc order='10' weight='1.0' xlink:arcrole='https://xbrl.org/2023/arcrole/summation-item' xlink:from='loc_IncomeLossIncludingPortionAttributableToNoncontrollingInterest' xlink:to='loc_IncomeLossFromContinuingOperationsBeforeIncomeTaxesExtraordinaryItemsNoncontrollingInterest' xlink:type='arc' />
    <link:calculationArc order='20' weight='1.0' xlink:arcrole='https://xbrl.org/2023/arcrole/summation-item' xlink:from='loc_IncomeLossIncludingPortionAttributableToNoncontrollingInterest' xlink:to='loc_DiscontinuedOperationIncomeLossFromDiscontinuedOperationBeforeIncomeTax' xlink:type='arc' />
    <link:calculationArc order='20' weight='-1.0' xlink:arcrole='https://xbrl.org/2023/arcrole/summation-item' xlink:from='loc_IncomeLossAttributableToParent' xlink:to='loc_IncomeLossAttributableToNoncontrollingInterest' xlink:type='arc' />
    <link:calculationArc order='10' weight='1.0' xlink:arcrole='https://xbrl.org/2023/arcrole/summation-item' xlink:from='loc_CostsAndExpenses' xlink:to='loc_CostOfRevenue' xlink:type='arc' />
    <link:calculationArc order='20' weight='1.0' xlink:arcrole='https://xbrl.org/2023/arcrole/summation-item' xlink:from='loc_CostsAndExpenses' xlink:to='loc_OperatingExpenses' xlink:type='arc' />
    <link:calculationArc order='10' weight='1.0' xlink:arcrole='https://xbrl.org/2023/arcrole/summation-item' xlink:from='loc_InterestAndDividendIncomeSecurities' xlink:to='loc_DividendIncomeEquitySecuritiesOperating' xlink:type='arc' />
    <link:calculationArc order='20' weight='1.0' xlink:arcrole='https://xbrl.org/2023/arcrole/summation-item' xlink:from='loc_InterestAndDividendIncomeSecurities' xlink:to='loc_InterestIncomeDebtSecuritiesOperating' xlink:type='arc' />
    <link:calculationArc order='10' weight='1.0' xlink:arcrole='https://xbrl.org/2023/arcrole/summation-item' xlink:from='loc_InterestIncomeDebtSecuritiesOperating' xlink:to='loc_InterestIncomeDebtSecuritiesAvailableForSaleOperating' xlink:type='arc' />
    <link:calculationArc order='20' weight='1.0' xlink:arcrole='https://xbrl.org/2023/arcrole/summation-item' xlink:from='loc_InterestIncomeDebtSecuritiesOperating' xlink:to='loc_InterestAndDividendIncomeSecuritiesHeldToMaturity' xlink:type='arc' />
    <link:calculationArc order='30' weight='1.0' xlink:arcrole='https://xbrl.org/2023/arcrole/summation-item' xlink:from='loc_InterestIncomeDebtSecuritiesOperating' xlink:to='loc_InterestIncomeDebtSecuritiesTradingOperating' xlink:type='arc' />
    <link:calculationArc order='30' weight='1.0' xlink:arcrole='https://xbrl.org/2023/arcrole/summation-item' xlink:from='loc_InterestAndDividendIncomeSecurities' xlink:to='loc_InterestAndDividendIncomeSecuritiesOther' xlink:type='arc' />
    <link:calculationArc order='10' weight='1.0' xlink:arcrole='https://xbrl.org/2023/arcrole/summation-item' xlink:from='loc_RevenuesNetOfInterestExpense' xlink:to='loc_Revenues' xlink:type='arc' />
    <link:calculationArc order='20' weight='-1.0' xlink:arcrole='https://xbrl.org/2023/arcrole/summation-item' xlink:from='loc_RevenuesNetOfInterestExpense' xlink:to='loc_InterestExpenseOperating' xlink:type='arc' />
    <link:calculationArc order='10' weight='1.0' xlink:arcrole='https://xbrl.org/2023/arcrole/summation-item' xlink:from='loc_InterestExpenseOperating' xlink:to='loc_InterestExpenseDeposits' xlink:type='arc' />
    <link:calculationArc order='10' weight='1.0' xlink:arcrole='https://xbrl.org/2023/arcrole/summation-item' xlink:from='loc_InterestExpenseDeposits' xlink:to='loc_InterestExpenseDomesticDeposits' xlink:type='arc' />
    <link:calculationArc order='10' weight='1.0' xlink:arcrole='https://xbrl.org/2023/arcrole/summation-item' xlink:from='loc_InterestExpenseDomesticDeposits' xlink:to='loc_InterestExpenseNOWAccountsMoneyMarketAccountsAndSavingsDeposits' xlink:type='arc' />
    <link:calculationArc order='10' weight='1.0' xlink:arcrole='https://xbrl.org/2023/arcrole/summation-item' xlink:from='loc_InterestExpenseNOWAccountsMoneyMarketAccountsAndSavingsDeposits' xlink:to='loc_InterestExpenseNegotiableOrderOfWithdrawalNOWDeposits' xlink:type='arc' />
    <link:calculationArc order='20' weight='1.0' xlink:arcrole='https://xbrl.org/2023/arcrole/summation-item' xlink:from='loc_InterestExpenseNOWAccountsMoneyMarketAccountsAndSavingsDeposits' xlink:to='loc_InterestExpenseMoneyMarketDeposits' xlink:type='arc' />
    <link:calculationArc order='30' weight='1.0' xlink:arcrole='https://xbrl.org/2023/arcrole/summation-item' xlink:from='loc_InterestExpenseNOWAccountsMoneyMarketAccountsAndSavingsDeposits' xlink:to='loc_InterestExpenseSavingsDeposits' xlink:type='arc' />
    <link:calculationArc order='20' weight='1.0' xlink:arcrole='https://xbrl.org/2023/arcrole/summation-item' xlink:from='loc_InterestExpenseDomesticDeposits' xlink:to='loc_InterestExpenseDemandDepositAccounts' xlink:type='arc' />
    <link:calculationArc order='30' weight='1.0' xlink:arcrole='https://xbrl.org/2023/arcrole/summation-item' xlink:from='loc_InterestExpenseDomesticDeposits' xlink:to='loc_InterestExpenseTimeDeposits' xlink:type='arc' />
    <link:calculationArc order='10' weight='1.0' xlink:arcrole='https://xbrl.org/2023/arcrole/summation-item' xlink:from='loc_InterestExpenseTimeDeposits' xlink:to='loc_InterestExpenseTimeDepositsLessThan100000' xlink:type='arc' />
    <link:calculationArc order='20' weight='1.0' xlink:arcrole='https://xbrl.org/2023/arcrole/summation-item' xlink:from='loc_InterestExpenseTimeDeposits' xlink:to='loc_InterestExpenseTimeDeposits100000OrMore' xlink:type='arc' />
    <link:calculationArc order='40' weight='1.0' xlink:arcrole='https://xbrl.org/2023/arcrole/summation-item' xlink:from='loc_InterestExpenseDomesticDeposits' xlink:to='loc_InterestExpenseOtherDomesticDeposits' xlink:type='arc' />
    <link:calculationArc order='20' weight='1.0' xlink:arcrole='https://xbrl.org/2023/arcrole/summation-item' xlink:from='loc_InterestExpenseDeposits' xlink:to='loc_InterestExpenseForeignDeposits' xlink:type='arc' />
    <link:calculationArc order='20' weight='1.0' xlink:arcrole='https://xbrl.org/2023/arcrole/summation-item' xlink:from='loc_InterestExpenseOperating' xlink:to='loc_InterestExpenseTradingLiabilities' xlink:type='arc' />
    <link:calculationArc order='30' weight='1.0' xlink:arcrole='https://xbrl.org/2023/arcrole/summation-item' xlink:from='loc_InterestExpenseOperating' xlink:to='loc_InterestExpenseBorrowings' xlink:type='arc' />
    <link:calculationArc order='10' weight='1.0' xlink:arcrole='https://xbrl.org/2023/arcrole/summation-item' xlink:from='loc_InterestExpenseBorrowings' xlink:to='loc_InterestExpenseShortTermBorrowings' xlink:type='arc' />
    <link:calculationArc order='10' weight='1.0' xlink:arcrole='https://xbrl.org/2023/arcrole/summation-item' xlink:from='loc_InterestExpenseShortTermBorrowings' xlink:to='loc_InterestExpenseFederalFundsPurchasedAndSecuritiesSoldUnderAgreementsToRepurchase' xlink:type='arc' />
    <link:calculationArc order='10' weight='1.0' xlink:arcrole='https://xbrl.org/2023/arcrole/summation-item' xlink:from='loc_InterestExpenseFederalFundsPurchasedAndSecuritiesSoldUnderAgreementsToRepurchase' xlink:to='loc_InterestExpenseFederalFundsPurchased' xlink:type='arc' />
    <link:calculationArc order='20' weight='1.0' xlink:arcrole='https://xbrl.org/2023/arcrole/summation-item' xlink:from='loc_InterestExpenseFederalFundsPurchasedAndSecuritiesSoldUnderAgreementsToRepurchase' xlink:to='loc_InterestExpenseSecuritiesSoldUnderAgreementsToRepurchase' xlink:type='arc' />
    <link:calculationArc order='20' weight='1.0' xlink:arcrole='https://xbrl.org/2023/arcrole/summation-item' xlink:from='loc_InterestExpenseShortTermBorrowings' xlink:to='loc_InterestExpenseShortTermBorrowingsExcludingFederalFundsAndSecuritiesSoldUnderAgreementsToRepurchase' xlink:type='arc' />
    <link:calculationArc order='10' weight='1.0' xlink:arcrole='https://xbrl.org/2023/arcrole/summation-item' xlink:from='loc_InterestExpenseShortTermBorrowingsExcludingFederalFundsAndSecuritiesSoldUnderAgreementsToRepurchase' xlink:to='loc_InterestExpenseFederalHomeLoanBankAndFederalReserveBankAdvancesShortTerm' xlink:type='arc' />
    <link:calculationArc order='20' weight='1.0' xlink:arcrole='https://xbrl.org/2023/arcrole/summation-item' xlink:from='loc_InterestExpenseShortTermBorrowingsExcludingFederalFundsAndSecuritiesSoldUnderAgreementsToRepurchase' xlink:to='loc_InterestExpenseCommercialPaper' xlink:type='arc' />
    <link:calculationArc order='30' weight='1.0' xlink:arcrole='https://xbrl.org/2023/arcrole/summation-item' xlink:from='loc_InterestExpenseShortTermBorrowingsExcludingFederalFundsAndSecuritiesSoldUnderAgreementsToRepurchase' xlink:to='loc_InterestExpenseOtherShortTermBorrowings' xlink:type='arc' />
    <link:calculationArc order='20' weight='1.0' xlink:arcrole='https://xbrl.org/2023/arcrole/summation-item' xlink:from='loc_InterestExpenseBorrowings' xlink:to='loc_InterestExpenseLongTermDebtAndCapitalSecurities' xlink:type='arc' />
    <link:calculationArc order='10' weight='1.0' xlink:arcrole='https://xbrl.org/2023/arcrole/summation-item' xlink:from='loc_InterestExpenseLongTermDebtAndCapitalSecurities' xlink:to='loc_InterestExpenseLongTermDebt' xlink:type='arc' />
    <link:calculationArc order='10' weight='1.0' xlink:arcrole='https://xbrl.org/2023/arcrole/summation-item' xlink:from='loc_InterestExpenseLongTermDebt' xlink:to='loc_InterestExpenseSubordinatedNotesAndDebentures' xlink:type='arc' />
    <link:calculationArc order='20' weight='1.0' xlink:arcrole='https://xbrl.org/2023/arcrole/summation-item' xlink:from='loc_InterestExpenseLongTermDebt' xlink:to='loc_InterestExpenseJuniorSubordinatedDebentures' xlink:type='arc' />
    <link:calculationArc order='30' weight='1.0' xlink:arcrole='https://xbrl.org/2023/arcrole/summation-item' xlink:from='loc_InterestExpenseLongTermDebt' xlink:to='loc_InterestExpenseMediumTermNotes' xlink:type='arc' />
    <link:calculationArc order='40' weight='1.0' xlink:arcrole='https://xbrl.org/2023/arcrole/summation-item' xlink:from='loc_InterestExpenseLongTermDebt' xlink:to='loc_InterestExpenseFederalHomeLoanBankAndFederalReserveBankAdvancesLongTerm' xlink:type='arc' />
    <link:calculationArc order='50' weight='1.0' xlink:arcrole='https://xbrl.org/2023/arcrole/summation-item' xlink:from='loc_InterestExpenseLongTermDebt' xlink:to='loc_InterestExpenseOtherLongTermDebt' xlink:type='arc' />
    <link:calculationArc order='20' weight='1.0' xlink:arcrole='https://xbrl.org/2023/arcrole/summation-item' xlink:from='loc_InterestExpenseLongTermDebtAndCapitalSecurities' xlink:to='loc_InterestExpenseCapitalSecurities' xlink:type='arc' />
    <link:calculationArc order='40' weight='1.0' xlink:arcrole='https://xbrl.org/2023/arcrole/summation-item' xlink:from='loc_InterestExpenseOperating' xlink:to='loc_InterestExpenseBeneficialInterestsIssuedByConsolidatedVariableInterestEntities' xlink:type='arc' />
    <link:calculationArc order='50' weight='1.0' xlink:arcrole='https://xbrl.org/2023/arcrole/summation-item' xlink:from='loc_InterestExpenseOperating' xlink:to='loc_InterestExpenseTrustPreferredSecurities' xlink:type='arc' />
    <link:calculationArc order='10' weight='1.0' xlink:arcrole='https://xbrl.org/2023/arcrole/summation-item' xlink:from='loc_IncomeLossFromIndividuallySignificantComponentDisposedOfOrHeldForSaleExcludingDiscontinuedOperationsAttributableToParentBeforeIncomeTax' xlink:to='loc_IncomeLossFromIndividuallySignificantComponentDisposedOfOrHeldForSaleExcludingDiscontinuedOperationsBeforeIncomeTax' xlink:type='arc' />
    <link:calculationArc order='20' weight='-1.0' xlink:arcrole='https://xbrl.org/2023/arcrole/summation-item' xlink:from='loc_IncomeLossFromIndividuallySignificantComponentDisposedOfOrHeldForSaleExcludingDiscontinuedOperationsAttributableToParentBeforeIncomeTax' xlink:to='loc_IncomeLossFromIndividuallySignificantComponentDisposedOfOrHeldForSaleExcludingDiscontinuedOperationsAttributableToNoncontrollingInterestBeforeIncomeTax' xlink:type='arc' />
    <link:calculationArc order='10' weight='1.0' xlink:arcrole='https://xbrl.org/2023/arcrole/summation-item' xlink:from='loc_DiscontinuedOperationIncomeLossFromDiscontinuedOperationDuringPhaseOutPeriodBeforeIncomeTaxAttributableToParent' xlink:to='loc_DiscontinuedOperationIncomeLossFromDiscontinuedOperationDuringPhaseOutPeriodBeforeIncomeTax' xlink:type='arc' />
    <link:calculationArc order='20' weight='-1.0' xlink:arcrole='https://xbrl.org/2023/arcrole/summation-item' xlink:from='loc_DiscontinuedOperationIncomeLossFromDiscontinuedOperationDuringPhaseOutPeriodBeforeIncomeTaxAttributableToParent' xlink:to='loc_DiscontinuedOperationIncomeLossFromDiscontinuedOperationDuringPhaseOutPeriodBeforeIncomeTaxAttributableToNoncontrollingInterest' xlink:type='arc' />
    <link:calculationArc order='10' weight='1.0' xlink:arcrole='https://xbrl.org/2023/arcrole/summation-item' xlink:from='loc_NetIncomeLossPerOutstandingLimitedPartnershipAndGeneralPartnershipUnitBasicAndDiluted' xlink:to='loc_IncomeLossFromContinuingOperationsPerOutstandingLimitedPartnershipAndGeneralPartnershipUnitBasicAndDiluted' xlink:type='arc' />
    <link:calculationArc order='20' weight='1.0' xlink:arcrole='https://xbrl.org/2023/arcrole/summation-item' xlink:from='loc_NetIncomeLossPerOutstandingLimitedPartnershipAndGeneralPartnershipUnitBasicAndDiluted' xlink:to='loc_IncomeLossFromDiscontinuedOperationsNetOfTaxPerOutstandingLimitedPartnershipAndGeneralPartnershipUnitBasicAndDiluted' xlink:type='arc' />
    <link:calculationArc order='10' weight='1.0' xlink:arcrole='https://xbrl.org/2023/arcrole/summation-item' xlink:from='loc_EarningsPerShareBasic' xlink:to='loc_EarningsPerShareBasicDistributed' xlink:type='arc' />
    <link:calculationArc order='20' weight='1.0' xlink:arcrole='https://xbrl.org/2023/arcrole/summation-item' xlink:from='loc_EarningsPerShareBasic' xlink:to='loc_EarningsPerShareBasicUndistributed' xlink:type='arc' />
    <link:calculationArc order='10' weight='1.0' xlink:arcrole='https://xbrl.org/2023/arcrole/summation-item' xlink:from='loc_EarningsPerShareDiluted' xlink:to='loc_EarningsPerShareDilutedDistributed' xlink:type='arc' />
    <link:calculationArc order='20' weight='1.0' xlink:arcrole='https://xbrl.org/2023/arcrole/summation-item' xlink:from='loc_EarningsPerShareDiluted' xlink:to='loc_EarningsPerShareDilutedUndistributed' xlink:type='arc' />
    <link:calculationArc order='10' weight='1.0' xlink:arcrole='https://xbrl.org/2023/arcrole/summation-item' xlink:from='loc_GainLossOnSaleOfTrustAssetsToPayExpenses' xlink:to='loc_SaleOfTrustAssetsToPayExpenses' xlink:type='arc' />
    <link:calculationArc order='20' weight='-1.0' xlink:arcrole='https://xbrl.org/2023/arcrole/summation-item' xlink:from='loc_GainLossOnSaleOfTrustAssetsToPayExpenses' xlink:to='loc_CostOfTrustAssetsSoldToPayExpenses' xlink:type='arc' />
    <link:calculationArc order='10' weight='1.0' xlink:arcrole='https://xbrl.org/2023/arcrole/summation-item' xlink:from='loc_IncomeLossFromSubsidiariesNetOfTax' xlink:to='loc_IncomeLossFromSubsidiariesBeforeTax' xlink:type='arc' />
    <link:calculationArc order='20' weight='-1.0' xlink:arcrole='https://xbrl.org/2023/arcrole/summation-item' xlink:from='loc_IncomeLossFromSubsidiariesNetOfTax' xlink:to='loc_IncomeLossFromSubsidiariesTaxExpenseBenefit' xlink:type='arc' />
    <link:calculationArc order='10' weight='1.0' xlink:arcrole='https://xbrl.org/2023/arcrole/summation-item' xlink:from='loc_IncomeTaxExpenseBenefit' xlink:to='loc_FederalStateAndLocalIncomeTaxExpenseBenefitContinuingOperations' xlink:type='arc' />
    <link:calculationArc order='10' weight='1.0' xlink:arcrole='https://xbrl.org/2023/arcrole/summation-item' xlink:from='loc_FederalStateAndLocalIncomeTaxExpenseBenefitContinuingOperations' xlink:to='loc_FederalIncomeTaxExpenseBenefitContinuingOperations' xlink:type='arc' />
    <link:calculationArc order='10' weight='1.0' xlink:arcrole='https://xbrl.org/2023/arcrole/summation-item' xlink:from='loc_FederalIncomeTaxExpenseBenefitContinuingOperations' xlink:to='loc_CurrentFederalTaxExpenseBenefit' xlink:type='arc' />
    <link:calculationArc order='20' weight='1.0' xlink:arcrole='https://xbrl.org/2023/arcrole/summation-item' xlink:from='loc_FederalIncomeTaxExpenseBenefitContinuingOperations' xlink:to='loc_DeferredFederalIncomeTaxExpenseBenefit' xlink:type='arc' />
    <link:calculationArc order='20' weight='1.0' xlink:arcrole='https://xbrl.org/2023/arcrole/summation-item' xlink:from='loc_FederalStateAndLocalIncomeTaxExpenseBenefitContinuingOperations' xlink:to='loc_StateAndLocalIncomeTaxExpenseBenefitContinuingOperations' xlink:type='arc' />
    <link:calculationArc order='10' weight='1.0' xlink:arcrole='https://xbrl.org/2023/arcrole/summation-item' xlink:from='loc_StateAndLocalIncomeTaxExpenseBenefitContinuingOperations' xlink:to='loc_CurrentStateAndLocalTaxExpenseBenefit' xlink:type='arc' />
    <link:calculationArc order='20' weight='1.0' xlink:arcrole='https://xbrl.org/2023/arcrole/summation-item' xlink:from='loc_StateAndLocalIncomeTaxExpenseBenefitContinuingOperations' xlink:to='loc_DeferredStateAndLocalIncomeTaxExpenseBenefit' xlink:type='arc' />
    <link:calculationArc order='20' weight='1.0' xlink:arcrole='https://xbrl.org/2023/arcrole/summation-item' xlink:from='loc_IncomeTaxExpenseBenefit' xlink:to='loc_ForeignIncomeTaxExpenseBenefitContinuingOperations' xlink:type='arc' />
    <link:calculationArc order='10' weight='1.0' xlink:arcrole='https://xbrl.org/2023/arcrole/summation-item' xlink:from='loc_ForeignIncomeTaxExpenseBenefitContinuingOperations' xlink:to='loc_CurrentForeignTaxExpenseBenefit' xlink:type='arc' />
    <link:calculationArc order='20' weight='1.0' xlink:arcrole='https://xbrl.org/2023/arcrole/summation-item' xlink:from='loc_ForeignIncomeTaxExpenseBenefitContinuingOperations' xlink:to='loc_DeferredForeignIncomeTaxExpenseBenefit' xlink:type='arc' />
    <link:calculationArc order='30' weight='1.0' xlink:arcrole='https://xbrl.org/2023/arcrole/summation-item' xlink:from='loc_IncomeTaxExpenseBenefit' xlink:to='loc_OtherIncomeTaxExpenseBenefitContinuingOperations' xlink:type='arc' />
    <link:calculationArc order='10' weight='1.0' xlink:arcrole='https://xbrl.org/2023/arcrole/summation-item' xlink:from='loc_OtherIncomeTaxExpenseBenefitContinuingOperations' xlink:to='loc_OtherTaxExpenseBenefit' xlink:type='arc' />
    <link:calculationArc order='20' weight='1.0' xlink:arcrole='https://xbrl.org/2023/arcrole/summation-item' xlink:from='loc_OtherIncomeTaxExpenseBenefitContinuingOperations' xlink:to='loc_DeferredOtherTaxExpenseBenefit' xlink:type='arc' />
    <link:calculationArc order='10' weight='1.0' xlink:arcrole='https://xbrl.org/2023/arcrole/summation-item' xlink:from='loc_NetIncomeLossAvailableToCommonStockholdersBasic' xlink:to='loc_NetIncomeLossFromContinuingOperationsAvailableToCommonShareholdersBasic' xlink:type='arc' />
    <link:calculationArc order='20' weight='1.0' xlink:arcrole='https://xbrl.org/2023/arcrole/summation-item' xlink:from='loc_NetIncomeLossAvailableToCommonStockholdersBasic' xlink:to='loc_NetIncomeLossFromDiscontinuedOperationsAvailableToCommonShareholdersBasic' xlink:type='arc' />
    <link:calculationArc order='10' weight='1.0' xlink:arcrole='https://xbrl.org/2023/arcrole/summation-item' xlink:from='loc_UndistributedEarningsDiluted' xlink:to='loc_UndistributedContinuingOperationEarningsLossDiluted' xlink:type='arc' />
    <link:calculationArc order='20' weight='1.0' xlink:arcrole='https://xbrl.org/2023/arcrole/summation-item' xlink:from='loc_UndistributedEarningsDiluted' xlink:to='loc_UndistributedDiscontinuedOperationEarningsLossDiluted' xlink:type='arc' />
    <link:calculationArc order='10' weight='1.0' xlink:arcrole='https://xbrl.org/2023/arcrole/summation-item' xlink:from='loc_UndistributedEarningsLossAvailableToCommonShareholdersDiluted' xlink:to='loc_UndistributedEarningsLossFromContinuingOperationsAvailableToCommonShareholdersDiluted' xlink:type='arc' />
    <link:calculationArc order='20' weight='1.0' xlink:arcrole='https://xbrl.org/2023/arcrole/summation-item' xlink:from='loc_UndistributedEarningsLossAvailableToCommonShareholdersDiluted' xlink:to='loc_UndistributedEarningsLossFromDiscontinuedOperationsAvailableToCommonShareholdersDiluted' xlink:type='arc' />
    <link:calculationArc order='10' weight='1.0' xlink:arcrole='https://xbrl.org/2023/arcrole/summation-item' xlink:from='loc_NetIncomeLossAvailableToCommonStockholdersDiluted' xlink:to='loc_NetIncomeLossFromContinuingOperationsAvailableToCommonShareholdersDiluted' xlink:type='arc' />
    <link:calculationArc order='20' weight='1.0' xlink:arcrole='https://xbrl.org/2023/arcrole/summation-item' xlink:from='loc_NetIncomeLossAvailableToCommonStockholdersDiluted' xlink:to='loc_NetIncomeLossFromDiscontinuedOperationsAvailableToCommonShareholdersDiluted' xlink:type='arc' />
    <link:calculationArc order='10' weight='1.0' xlink:arcrole='https://xbrl.org/2023/arcrole/summation-item' xlink:from='loc_UndistributedEarningsLossAvailableToCommonShareholdersBasic' xlink:to='loc_UndistributedEarnings' xlink:type='arc' />
    <link:calculationArc order='10' weight='1.0' xlink:arcrole='https://xbrl.org/2023/arcrole/summation-item' xlink:from='loc_UndistributedEarnings' xlink:to='loc_NetIncomeLoss' xlink:type='arc' />
    <link:calculationArc order='20' weight='-1.0' xlink:arcrole='https://xbrl.org/2023/arcrole/summation-item' xlink:from='loc_UndistributedEarnings' xlink:to='loc_DistributedEarnings' xlink:type='arc' />
    <link:calculationArc order='10' weight='1.0' xlink:arcrole='https://xbrl.org/2023/arcrole/summation-item' xlink:from='loc_DistributedEarnings' xlink:to='loc_Dividends' xlink:type='arc' />
    <link:calculationArc order='10' weight='1.0' xlink:arcrole='https://xbrl.org/2023/arcrole/summation-item' xlink:from='loc_Dividends' xlink:to='loc_DividendsCash' xlink:type='arc' />
    <link:calculationArc order='10' weight='1.0' xlink:arcrole='https://xbrl.org/2023/arcrole/summation-item' xlink:from='loc_DividendsCash' xlink:to='loc_DividendsCommonStockCash' xlink:type='arc' />
    <link:calculationArc order='20' weight='1.0' xlink:arcrole='https://xbrl.org/2023/arcrole/summation-item' xlink:from='loc_DividendsCash' xlink:to='loc_DividendsPreferredStockCash' xlink:type='arc' />
    <link:calculationArc order='30' weight='1.0' xlink:arcrole='https://xbrl.org/2023/arcrole/summation-item' xlink:from='loc_DividendsCash' xlink:to='loc_DividendsShareBasedCompensationCash' xlink:type='arc' />
    <link:calculationArc order='20' weight='1.0' xlink:arcrole='https://xbrl.org/2023/arcrole/summation-item' xlink:from='loc_Dividends' xlink:to='loc_DividendsPaidinkind' xlink:type='arc' />
    <link:calculationArc order='10' weight='1.0' xlink:arcrole='https://xbrl.org/2023/arcrole/summation-item' xlink:from='loc_DividendsPaidinkind' xlink:to='loc_DividendsCommonStockPaidinkind' xlink:type='arc' />
    <link:calculationArc order='20' weight='1.0' xlink:arcrole='https://xbrl.org/2023/arcrole/summation-item' xlink:from='loc_DividendsPaidinkind' xlink:to='loc_DividendsPreferredStockPaidinkind' xlink:type='arc' />
    <link:calculationArc order='30' weight='1.0' xlink:arcrole='https://xbrl.org/2023/arcrole/summation-item' xlink:from='loc_DividendsPaidinkind' xlink:to='loc_DividendsSharebasedCompensationPaidInKind' xlink:type='arc' />
    <link:calculationArc order='30' weight='1.0' xlink:arcrole='https://xbrl.org/2023/arcrole/summation-item' xlink:from='loc_Dividends' xlink:to='loc_DividendsStock' xlink:type='arc' />
    <link:calculationArc order='10' weight='1.0' xlink:arcrole='https://xbrl.org/2023/arcrole/summation-item' xlink:from='loc_DividendsStock' xlink:to='loc_DividendsCommonStockStock' xlink:type='arc' />
    <link:calculationArc order='20' weight='1.0' xlink:arcrole='https://xbrl.org/2023/arcrole/summation-item' xlink:from='loc_DividendsStock' xlink:to='loc_DividendsPreferredStockStock' xlink:type='arc' />
    <link:calculationArc order='30' weight='1.0' xlink:arcrole='https://xbrl.org/2023/arcrole/summation-item' xlink:from='loc_DividendsStock' xlink:to='loc_DividendsSharebasedCompensationStock' xlink:type='arc' />
    <link:calculationArc order='20' weight='1.0' xlink:arcrole='https://xbrl.org/2023/arcrole/summation-item' xlink:from='loc_DistributedEarnings' xlink:to='loc_DividendsAndInterestPaid' xlink:type='arc' />
    <link:calculationArc order='20' weight='-1.0' xlink:arcrole='https://xbrl.org/2023/arcrole/summation-item' xlink:from='loc_UndistributedEarningsLossAvailableToCommonShareholdersBasic' xlink:to='loc_UndistributedEarningsLossAllocatedToParticipatingSecuritiesBasic' xlink:type='arc' />
    <link:calculationArc order='10' weight='1.0' xlink:arcrole='https://xbrl.org/2023/arcrole/summation-item' xlink:from='loc_LeaseCost' xlink:to='loc_OperatingLeaseCost' xlink:type='arc' />
    <link:calculationArc order='20' weight='1.0' xlink:arcrole='https://xbrl.org/2023/arcrole/summation-item' xlink:from='loc_LeaseCost' xlink:to='loc_ShortTermLeaseCost' xlink:type='arc' />
    <link:calculationArc order='30' weight='1.0' xlink:arcrole='https://xbrl.org/2023/arcrole/summation-item' xlink:from='loc_LeaseCost' xlink:to='loc_VariableLeaseCost' xlink:type='arc' />
    <link:calculationArc order='40' weight='-1.0' xlink:arcrole='https://xbrl.org/2023/arcrole/summation-item' xlink:from='loc_LeaseCost' xlink:to='loc_SubleaseIncome' xlink:type='arc' />
    <link:calculationArc order='50' weight='1.0' xlink:arcrole='https://xbrl.org/2023/arcrole/summation-item' xlink:from='loc_LeaseCost' xlink:to='loc_FinanceLeaseRightOfUseAssetAmortization' xlink:type='arc' />
    <link:calculationArc order='60' weight='1.0' xlink:arcrole='https://xbrl.org/2023/arcrole/summation-item' xlink:from='loc_LeaseCost' xlink:to='loc_FinanceLeaseInterestExpense' xlink:type='arc' />
    <link:calculationArc order='10' weight='1.0' xlink:arcrole='https://xbrl.org/2023/arcrole/summation-item' xlink:from='loc_LeaseIncome' xlink:to='loc_OperatingLeaseLeaseIncome' xlink:type='arc' />
    <link:calculationArc order='10' weight='1.0' xlink:arcrole='https://xbrl.org/2023/arcrole/summation-item' xlink:from='loc_OperatingLeaseLeaseIncome' xlink:to='loc_OperatingLeaseLeaseIncomeLeasePayments' xlink:type='arc' />
    <link:calculationArc order='20' weight='1.0' xlink:arcrole='https://xbrl.org/2023/arcrole/summation-item' xlink:from='loc_OperatingLeaseLeaseIncome' xlink:to='loc_OperatingLeaseVariableLeaseIncome' xlink:type='arc' />
    <link:calculationArc order='20' weight='1.0' xlink:arcrole='https://xbrl.org/2023/arcrole/summation-item' xlink:from='loc_LeaseIncome' xlink:to='loc_SalesTypeLeaseLeaseIncome' xlink:type='arc' />
    <link:calculationArc order='10' weight='1.0' xlink:arcrole='https://xbrl.org/2023/arcrole/summation-item' xlink:from='loc_SalesTypeLeaseLeaseIncome' xlink:to='loc_SalesTypeLeaseVariableLeaseIncome' xlink:type='arc' />
    <link:calculationArc order='20' weight='1.0' xlink:arcrole='https://xbrl.org/2023/arcrole/summation-item' xlink:from='loc_SalesTypeLeaseLeaseIncome' xlink:to='loc_SalesTypeLeaseInterestIncome' xlink:type='arc' />
    <link:calculationArc order='10' weight='1.0' xlink:arcrole='https://xbrl.org/2023/arcrole/summation-item' xlink:from='loc_SalesTypeLeaseInterestIncome' xlink:to='loc_SalesTypeLeaseInterestIncomeLeaseReceivable' xlink:type='arc' />
    <link:calculationArc order='20' weight='1.0' xlink:arcrole='https://xbrl.org/2023/arcrole/summation-item' xlink:from='loc_SalesTypeLeaseInterestIncome' xlink:to='loc_SalesTypeLeaseInterestIncomeUnguaranteedResidualAsset' xlink:type='arc' />
    <link:calculationArc order='30' weight='1.0' xlink:arcrole='https://xbrl.org/2023/arcrole/summation-item' xlink:from='loc_SalesTypeLeaseLeaseIncome' xlink:to='loc_SalesTypeLeaseSellingProfitLoss' xlink:type='arc' />
    <link:calculationArc order='10' weight='1.0' xlink:arcrole='https://xbrl.org/2023/arcrole/summation-item' xlink:from='loc_SalesTypeLeaseSellingProfitLoss' xlink:to='loc_SalesTypeLeaseRevenue' xlink:type='arc' />
    <link:calculationArc order='20' weight='-1.0' xlink:arcrole='https://xbrl.org/2023/arcrole/summation-item' xlink:from='loc_SalesTypeLeaseSellingProfitLoss' xlink:to='loc_SalesTypeLeaseImpairmentLoss' xlink:type='arc' />
    <link:calculationArc order='30' weight='-1.0' xlink:arcrole='https://xbrl.org/2023/arcrole/summation-item' xlink:from='loc_SalesTypeLeaseSellingProfitLoss' xlink:to='loc_CostOfGoodsSoldSalesTypeLease' xlink:type='arc' />
    <link:calculationArc order='30' weight='1.0' xlink:arcrole='https://xbrl.org/2023/arcrole/summation-item' xlink:from='loc_LeaseIncome' xlink:to='loc_DirectFinancingLeaseLeaseIncome' xlink:type='arc' />
    <link:calculationArc order='10' weight='-1.0' xlink:arcrole='https://xbrl.org/2023/arcrole/summation-item' xlink:from='loc_DirectFinancingLeaseLeaseIncome' xlink:to='loc_DirectFinancingLeaseSellingLoss' xlink:type='arc' />
    <link:calculationArc order='10' weight='-1.0' xlink:arcrole='https://xbrl.org/2023/arcrole/summation-item' xlink:from='loc_DirectFinancingLeaseSellingLoss' xlink:to='loc_DirectFinancingLeaseRevenue' xlink:type='arc' />
    <link:calculationArc order='20' weight='1.0' xlink:arcrole='https://xbrl.org/2023/arcrole/summation-item' xlink:from='loc_DirectFinancingLeaseSellingLoss' xlink:to='loc_DirectFinancingLeaseImpairmentLoss' xlink:type='arc' />
    <link:calculationArc order='30' weight='1.0' xlink:arcrole='https://xbrl.org/2023/arcrole/summation-item' xlink:from='loc_DirectFinancingLeaseSellingLoss' xlink:to='loc_CostOfGoodsSoldDirectFinancingLease' xlink:type='arc' />
    <link:calculationArc order='20' weight='1.0' xlink:arcrole='https://xbrl.org/2023/arcrole/summation-item' xlink:from='loc_DirectFinancingLeaseLeaseIncome' xlink:to='loc_DirectFinancingLeaseVariableLeaseIncome' xlink:type='arc' />
    <link:calculationArc order='30' weight='1.0' xlink:arcrole='https://xbrl.org/2023/arcrole/summation-item' xlink:from='loc_DirectFinancingLeaseLeaseIncome' xlink:to='loc_DirectFinancingLeaseInterestIncome' xlink:type='arc' />
    <link:calculationArc order='10' weight='1.0' xlink:arcrole='https://xbrl.org/2023/arcrole/summation-item' xlink:from='loc_NoninterestIncome' xlink:to='loc_RevenueFromContractWithCustomerIncludingAssessedTax' xlink:type='arc' />
    <link:calculationArc order='20' weight='1.0' xlink:arcrole='https://xbrl.org/2023/arcrole/summation-item' xlink:from='loc_NoninterestIncome' xlink:to='loc_RevenueNotFromContractWithCustomerExcludingInterestIncome' xlink:type='arc' />
    <link:calculationArc order='10' weight='1.0' xlink:arcrole='https://xbrl.org/2023/arcrole/summation-item' xlink:from='loc_NetInvestmentInLeaseCreditLossExpenseReversal' xlink:to='loc_DirectFinancingLeaseImpairmentLoss' xlink:type='arc' />
    <link:calculationArc order='20' weight='1.0' xlink:arcrole='https://xbrl.org/2023/arcrole/summation-item' xlink:from='loc_NetInvestmentInLeaseCreditLossExpenseReversal' xlink:to='loc_SalesTypeLeaseImpairmentLoss' xlink:type='arc' />
  </link:calculationLink>
</link:linkbase>
