<?xml version='1.0' encoding='UTF-8'?>

<!--
(c) 2010-2024 Financial Accounting Foundation; (c) 2007-2010 XBRL US, Inc.  All Rights Reserved.
Notice: Authorized Uses are Set Forth at https://xbrl.fasb.org/terms/TaxonomiesTermsConditions.html
  -->
<link:linkbase xmlns:link='http://www.xbrl.org/2003/linkbase' xmlns:xlink='http://www.w3.org/1999/xlink' xmlns:xsi='http://www.w3.org/2001/XMLSchema-instance' xsi:schemaLocation='http://www.xbrl.org/2003/linkbase http://www.xbrl.org/2003/xbrl-linkbase-2003-12-31.xsd'>  <link:arcroleRef arcroleURI='https://xbrl.org/2023/arcrole/summation-item' xlink:href='https://www.xbrl.org/2023/calculation-1.1.xsd#summation-item' xlink:type='simple'/>
  <link:roleRef roleURI='http://fasb.org/us-gaap/role/statement/StatementOfIncomeFirstAlternative' xlink:href='../elts/us-roles-2024.xsd#soi4' xlink:type='simple' />
  <link:calculationLink xlink:role='http://fasb.org/us-gaap/role/statement/StatementOfIncomeFirstAlternative' xlink:type='extended'>
    <link:loc xlink:href='../elts/us-gaap-2024.xsd#us-gaap_ExtinguishmentOfDebtGainLossNetOfTax' xlink:label='loc_ExtinguishmentOfDebtGainLossNetOfTax' xlink:type='locator' />
    <link:loc xlink:href='../elts/us-gaap-2024.xsd#us-gaap_GainsLossesOnExtinguishmentOfDebt' xlink:label='loc_GainsLossesOnExtinguishmentOfDebt' xlink:type='locator' />
    <link:loc xlink:href='../elts/us-gaap-2024.xsd#us-gaap_ExtinguishmentOfDebtGainLossIncomeTax' xlink:label='loc_ExtinguishmentOfDebtGainLossIncomeTax' xlink:type='locator' />
    <link:loc xlink:href='../elts/us-gaap-2024.xsd#us-gaap_IncomeLossFromContinuingOperationsBeforeInterestExpenseInterestIncomeIncomeTaxesExtraordinaryItemsNoncontrollingInterestsNet' xlink:label='loc_IncomeLossFromContinuingOperationsBeforeInterestExpenseInterestIncomeIncomeTaxesExtraordinaryItemsNoncontrollingInterestsNet' xlink:type='locator' />
    <link:loc xlink:href='../elts/us-gaap-2024.xsd#us-gaap_OperatingIncomeLoss' xlink:label='loc_OperatingIncomeLoss' xlink:type='locator' />
    <link:loc xlink:href='../elts/us-gaap-2024.xsd#us-gaap_NonoperatingIncomeExpense' xlink:label='loc_NonoperatingIncomeExpense' xlink:type='locator' />
    <link:loc xlink:href='../elts/us-gaap-2024.xsd#us-gaap_IncomeLossFromEquityMethodInvestments' xlink:label='loc_IncomeLossFromEquityMethodInvestments' xlink:type='locator' />
    <link:loc xlink:href='../elts/us-gaap-2024.xsd#us-gaap_IncomeLossFromContinuingOperationsBeforeIncomeTaxesMinorityInterestAndIncomeLossFromEquityMethodInvestments' xlink:label='loc_IncomeLossFromContinuingOperationsBeforeIncomeTaxesMinorityInterestAndIncomeLossFromEquityMethodInvestments' xlink:type='locator' />
    <link:loc xlink:href='../elts/us-gaap-2024.xsd#us-gaap_Revenues' xlink:label='loc_Revenues' xlink:type='locator' />
    <link:loc xlink:href='../elts/us-gaap-2024.xsd#us-gaap_InterestIncomeExpenseAfterProvisionForLoanLoss' xlink:label='loc_InterestIncomeExpenseAfterProvisionForLoanLoss' xlink:type='locator' />
    <link:loc xlink:href='../elts/us-gaap-2024.xsd#us-gaap_InterestIncomeExpenseNet' xlink:label='loc_InterestIncomeExpenseNet' xlink:type='locator' />
    <link:loc xlink:href='../elts/us-gaap-2024.xsd#us-gaap_InterestAndFeeIncomeLoansAndLeases' xlink:label='loc_InterestAndFeeIncomeLoansAndLeases' xlink:type='locator' />
    <link:loc xlink:href='../elts/us-gaap-2024.xsd#us-gaap_InterestIncomeAndFeesBankersAcceptancesCertificatesOfDepositAndCommercialPaper' xlink:label='loc_InterestIncomeAndFeesBankersAcceptancesCertificatesOfDepositAndCommercialPaper' xlink:type='locator' />
    <link:loc xlink:href='../elts/us-gaap-2024.xsd#us-gaap_InterestIncomePurchasedReceivables' xlink:label='loc_InterestIncomePurchasedReceivables' xlink:type='locator' />
    <link:loc xlink:href='../elts/us-gaap-2024.xsd#us-gaap_InterestIncomeDepositsWithFinancialInstitutions' xlink:label='loc_InterestIncomeDepositsWithFinancialInstitutions' xlink:type='locator' />
    <link:loc xlink:href='../elts/us-gaap-2024.xsd#us-gaap_InterestIncomeFederalFundsSoldAndSecuritiesPurchasedUnderAgreementsToResell' xlink:label='loc_InterestIncomeFederalFundsSoldAndSecuritiesPurchasedUnderAgreementsToResell' xlink:type='locator' />
    <link:loc xlink:href='../elts/us-gaap-2024.xsd#us-gaap_InterestIncomeOperating' xlink:label='loc_InterestIncomeOperating' xlink:type='locator' />
    <link:loc xlink:href='../elts/us-gaap-2024.xsd#us-gaap_InterestIncomeSecuritiesMortgageBacked' xlink:label='loc_InterestIncomeSecuritiesMortgageBacked' xlink:type='locator' />
    <link:loc xlink:href='../elts/us-gaap-2024.xsd#us-gaap_InterestIncomeSecuritiesStateAndMunicipal' xlink:label='loc_InterestIncomeSecuritiesStateAndMunicipal' xlink:type='locator' />
    <link:loc xlink:href='../elts/us-gaap-2024.xsd#us-gaap_InterestIncomeSecuritiesUSTreasuryAndOtherUSGovernment' xlink:label='loc_InterestIncomeSecuritiesUSTreasuryAndOtherUSGovernment' xlink:type='locator' />
    <link:loc xlink:href='../elts/us-gaap-2024.xsd#us-gaap_InterestIncomeSecuritiesUSTreasury' xlink:label='loc_InterestIncomeSecuritiesUSTreasury' xlink:type='locator' />
    <link:loc xlink:href='../elts/us-gaap-2024.xsd#us-gaap_InterestIncomeSecuritiesOtherUSGovernment' xlink:label='loc_InterestIncomeSecuritiesOtherUSGovernment' xlink:type='locator' />
    <link:loc xlink:href='../elts/us-gaap-2024.xsd#us-gaap_InterestIncomeSecuritiesCorporateDebtOperating' xlink:label='loc_InterestIncomeSecuritiesCorporateDebtOperating' xlink:type='locator' />
    <link:loc xlink:href='../elts/us-gaap-2024.xsd#us-gaap_InterestExpenseOperating' xlink:label='loc_InterestExpenseOperating' xlink:type='locator' />
    <link:loc xlink:href='../elts/us-gaap-2024.xsd#us-gaap_ProvisionForLoanLeaseAndOtherLosses' xlink:label='loc_ProvisionForLoanLeaseAndOtherLosses' xlink:type='locator' />
    <link:loc xlink:href='../elts/us-gaap-2024.xsd#us-gaap_NoninterestIncome' xlink:label='loc_NoninterestIncome' xlink:type='locator' />
    <link:loc xlink:href='../elts/us-gaap-2024.xsd#us-gaap_DividendIncomeOperating' xlink:label='loc_DividendIncomeOperating' xlink:type='locator' />
    <link:loc xlink:href='../elts/us-gaap-2024.xsd#us-gaap_InvestmentBankingAdvisoryBrokerageAndUnderwritingFeesAndCommissions' xlink:label='loc_InvestmentBankingAdvisoryBrokerageAndUnderwritingFeesAndCommissions' xlink:type='locator' />
    <link:loc xlink:href='../elts/us-gaap-2024.xsd#us-gaap_InvestmentBankingRevenue' xlink:label='loc_InvestmentBankingRevenue' xlink:type='locator' />
    <link:loc xlink:href='../elts/us-gaap-2024.xsd#us-gaap_UnderwritingIncomeLoss' xlink:label='loc_UnderwritingIncomeLoss' xlink:type='locator' />
    <link:loc xlink:href='../elts/us-gaap-2024.xsd#us-gaap_PrincipalTransactionsRevenue' xlink:label='loc_PrincipalTransactionsRevenue' xlink:type='locator' />
    <link:loc xlink:href='../elts/us-gaap-2024.xsd#us-gaap_PremiumsEarnedNet' xlink:label='loc_PremiumsEarnedNet' xlink:type='locator' />
    <link:loc xlink:href='../elts/us-gaap-2024.xsd#us-gaap_DirectPremiumsEarned' xlink:label='loc_DirectPremiumsEarned' xlink:type='locator' />
    <link:loc xlink:href='../elts/us-gaap-2024.xsd#us-gaap_CededPremiumsEarned' xlink:label='loc_CededPremiumsEarned' xlink:type='locator' />
    <link:loc xlink:href='../elts/us-gaap-2024.xsd#us-gaap_AssumedPremiumsEarned' xlink:label='loc_AssumedPremiumsEarned' xlink:type='locator' />
    <link:loc xlink:href='../elts/us-gaap-2024.xsd#us-gaap_GainsLossesOnSalesOfAssets' xlink:label='loc_GainsLossesOnSalesOfAssets' xlink:type='locator' />
    <link:loc xlink:href='../elts/us-gaap-2024.xsd#us-gaap_GainLossOnSaleOfLeasedAssetsNetOperatingLeases' xlink:label='loc_GainLossOnSaleOfLeasedAssetsNetOperatingLeases' xlink:type='locator' />
    <link:loc xlink:href='../elts/us-gaap-2024.xsd#us-gaap_GainLossOnSaleOfStockInSubsidiaryOrEquityMethodInvestee' xlink:label='loc_GainLossOnSaleOfStockInSubsidiaryOrEquityMethodInvestee' xlink:type='locator' />
    <link:loc xlink:href='../elts/us-gaap-2024.xsd#us-gaap_GainLossOnSaleOfPropertyPlantEquipment' xlink:label='loc_GainLossOnSaleOfPropertyPlantEquipment' xlink:type='locator' />
    <link:loc xlink:href='../elts/us-gaap-2024.xsd#us-gaap_GainLossOnSaleOfBusiness' xlink:label='loc_GainLossOnSaleOfBusiness' xlink:type='locator' />
    <link:loc xlink:href='../elts/us-gaap-2024.xsd#us-gaap_GainLossOnDerivativeInstrumentsNetPretax' xlink:label='loc_GainLossOnDerivativeInstrumentsNetPretax' xlink:type='locator' />
    <link:loc xlink:href='../elts/us-gaap-2024.xsd#us-gaap_GainOnDerivativeInstrumentsPretax' xlink:label='loc_GainOnDerivativeInstrumentsPretax' xlink:type='locator' />
    <link:loc xlink:href='../elts/us-gaap-2024.xsd#us-gaap_LossOnDerivativeInstrumentsPretax' xlink:label='loc_LossOnDerivativeInstrumentsPretax' xlink:type='locator' />
    <link:loc xlink:href='../elts/us-gaap-2024.xsd#us-gaap_NoninterestIncomeOther' xlink:label='loc_NoninterestIncomeOther' xlink:type='locator' />
    <link:loc xlink:href='../elts/us-gaap-2024.xsd#us-gaap_VentureCapitalGainsLossesNet' xlink:label='loc_VentureCapitalGainsLossesNet' xlink:type='locator' />
    <link:loc xlink:href='../elts/us-gaap-2024.xsd#us-gaap_BankOwnedLifeInsuranceIncome' xlink:label='loc_BankOwnedLifeInsuranceIncome' xlink:type='locator' />
    <link:loc xlink:href='../elts/us-gaap-2024.xsd#us-gaap_ProfitLossFromRealEstateOperations' xlink:label='loc_ProfitLossFromRealEstateOperations' xlink:type='locator' />
    <link:loc xlink:href='../elts/us-gaap-2024.xsd#us-gaap_RealEstateInvestmentPartnershipRevenue' xlink:label='loc_RealEstateInvestmentPartnershipRevenue' xlink:type='locator' />
    <link:loc xlink:href='../elts/us-gaap-2024.xsd#us-gaap_ConversionGainsAndLossesOnForeignInvestments' xlink:label='loc_ConversionGainsAndLossesOnForeignInvestments' xlink:type='locator' />
    <link:loc xlink:href='../elts/us-gaap-2024.xsd#us-gaap_GainLossOnSaleOfPreviouslyUnissuedStockBySubsidiaryOrEquityInvesteeNonoperatingIncome' xlink:label='loc_GainLossOnSaleOfPreviouslyUnissuedStockBySubsidiaryOrEquityInvesteeNonoperatingIncome' xlink:type='locator' />
    <link:loc xlink:href='../elts/us-gaap-2024.xsd#us-gaap_MortgageServicingRightsMSRImpairmentRecovery' xlink:label='loc_MortgageServicingRightsMSRImpairmentRecovery' xlink:type='locator' />
    <link:loc xlink:href='../elts/us-gaap-2024.xsd#us-gaap_ForeignCurrencyTransactionGainLossBeforeTax' xlink:label='loc_ForeignCurrencyTransactionGainLossBeforeTax' xlink:type='locator' />
    <link:loc xlink:href='../elts/us-gaap-2024.xsd#us-gaap_ForeignCurrencyTransactionGainBeforeTax' xlink:label='loc_ForeignCurrencyTransactionGainBeforeTax' xlink:type='locator' />
    <link:loc xlink:href='../elts/us-gaap-2024.xsd#us-gaap_ForeignCurrencyTransactionLossBeforeTax' xlink:label='loc_ForeignCurrencyTransactionLossBeforeTax' xlink:type='locator' />
    <link:loc xlink:href='../elts/us-gaap-2024.xsd#us-gaap_DebtInstrumentConvertibleBeneficialConversionFeature' xlink:label='loc_DebtInstrumentConvertibleBeneficialConversionFeature' xlink:type='locator' />
    <link:loc xlink:href='../elts/us-gaap-2024.xsd#us-gaap_NoninterestIncomeOtherOperatingIncome' xlink:label='loc_NoninterestIncomeOtherOperatingIncome' xlink:type='locator' />
    <link:loc xlink:href='../elts/us-gaap-2024.xsd#us-gaap_NoninterestExpense' xlink:label='loc_NoninterestExpense' xlink:type='locator' />
    <link:loc xlink:href='../elts/us-gaap-2024.xsd#us-gaap_PolicyholderBenefitsAndClaimsIncurredNet' xlink:label='loc_PolicyholderBenefitsAndClaimsIncurredNet' xlink:type='locator' />
    <link:loc xlink:href='../elts/us-gaap-2024.xsd#us-gaap_LaborAndRelatedExpense' xlink:label='loc_LaborAndRelatedExpense' xlink:type='locator' />
    <link:loc xlink:href='../elts/us-gaap-2024.xsd#us-gaap_DeferredCompensationArrangementWithIndividualCompensationExpense' xlink:label='loc_DeferredCompensationArrangementWithIndividualCompensationExpense' xlink:type='locator' />
    <link:loc xlink:href='../elts/us-gaap-2024.xsd#us-gaap_TaxesExcludingIncomeAndExciseTaxes' xlink:label='loc_TaxesExcludingIncomeAndExciseTaxes' xlink:type='locator' />
    <link:loc xlink:href='../elts/us-gaap-2024.xsd#us-gaap_NoninterestExpenseRelatedToPerformanceFees' xlink:label='loc_NoninterestExpenseRelatedToPerformanceFees' xlink:type='locator' />
    <link:loc xlink:href='../elts/us-gaap-2024.xsd#us-gaap_ProfessionalFees' xlink:label='loc_ProfessionalFees' xlink:type='locator' />
    <link:loc xlink:href='../elts/us-gaap-2024.xsd#us-gaap_NoninterestExpenseInvestmentAdvisoryFees' xlink:label='loc_NoninterestExpenseInvestmentAdvisoryFees' xlink:type='locator' />
    <link:loc xlink:href='../elts/us-gaap-2024.xsd#us-gaap_NoninterestExpenseTransferAgentAndCustodianFees' xlink:label='loc_NoninterestExpenseTransferAgentAndCustodianFees' xlink:type='locator' />
    <link:loc xlink:href='../elts/us-gaap-2024.xsd#us-gaap_NoninterestExpenseDirectorsFees' xlink:label='loc_NoninterestExpenseDirectorsFees' xlink:type='locator' />
    <link:loc xlink:href='../elts/us-gaap-2024.xsd#us-gaap_NoninterestExpenseOfferingCost' xlink:label='loc_NoninterestExpenseOfferingCost' xlink:type='locator' />
    <link:loc xlink:href='../elts/us-gaap-2024.xsd#us-gaap_NoninterestExpenseCommissionExpense' xlink:label='loc_NoninterestExpenseCommissionExpense' xlink:type='locator' />
    <link:loc xlink:href='../elts/us-gaap-2024.xsd#us-gaap_NoninterestExpensePrintingAndFulfillment' xlink:label='loc_NoninterestExpensePrintingAndFulfillment' xlink:type='locator' />
    <link:loc xlink:href='../elts/us-gaap-2024.xsd#us-gaap_FloorBrokerageExchangeAndClearanceFees' xlink:label='loc_FloorBrokerageExchangeAndClearanceFees' xlink:type='locator' />
    <link:loc xlink:href='../elts/us-gaap-2024.xsd#us-gaap_SubadvisoryFeesForMutualFunds' xlink:label='loc_SubadvisoryFeesForMutualFunds' xlink:type='locator' />
    <link:loc xlink:href='../elts/us-gaap-2024.xsd#us-gaap_ExpenseRelatedToDistributionOrServicingAndUnderwritingFees' xlink:label='loc_ExpenseRelatedToDistributionOrServicingAndUnderwritingFees' xlink:type='locator' />
    <link:loc xlink:href='../elts/us-gaap-2024.xsd#us-gaap_BusinessDevelopment' xlink:label='loc_BusinessDevelopment' xlink:type='locator' />
    <link:loc xlink:href='../elts/us-gaap-2024.xsd#us-gaap_CommunicationsInformationTechnologyAndOccupancy' xlink:label='loc_CommunicationsInformationTechnologyAndOccupancy' xlink:type='locator' />
    <link:loc xlink:href='../elts/us-gaap-2024.xsd#us-gaap_ForeclosedRealEstateExpense' xlink:label='loc_ForeclosedRealEstateExpense' xlink:type='locator' />
    <link:loc xlink:href='../elts/us-gaap-2024.xsd#us-gaap_RealEstateInvestmentPartnershipCostOfSales' xlink:label='loc_RealEstateInvestmentPartnershipCostOfSales' xlink:type='locator' />
    <link:loc xlink:href='../elts/us-gaap-2024.xsd#us-gaap_AccretionExpenseIncludingAssetRetirementObligations' xlink:label='loc_AccretionExpenseIncludingAssetRetirementObligations' xlink:type='locator' />
    <link:loc xlink:href='../elts/us-gaap-2024.xsd#us-gaap_DepreciationAndAmortization' xlink:label='loc_DepreciationAndAmortization' xlink:type='locator' />
    <link:loc xlink:href='../elts/us-gaap-2024.xsd#us-gaap_EquipmentExpense' xlink:label='loc_EquipmentExpense' xlink:type='locator' />
    <link:loc xlink:href='../elts/us-gaap-2024.xsd#us-gaap_SuppliesAndPostageExpense' xlink:label='loc_SuppliesAndPostageExpense' xlink:type='locator' />
    <link:loc xlink:href='../elts/us-gaap-2024.xsd#us-gaap_FederalDepositInsuranceCorporationPremiumExpense' xlink:label='loc_FederalDepositInsuranceCorporationPremiumExpense' xlink:type='locator' />
    <link:loc xlink:href='../elts/us-gaap-2024.xsd#us-gaap_SellingGeneralAndAdministrativeExpense' xlink:label='loc_SellingGeneralAndAdministrativeExpense' xlink:type='locator' />
    <link:loc xlink:href='../elts/us-gaap-2024.xsd#us-gaap_MarketingAndAdvertisingExpense' xlink:label='loc_MarketingAndAdvertisingExpense' xlink:type='locator' />
    <link:loc xlink:href='../elts/us-gaap-2024.xsd#us-gaap_LoanProcessingFee' xlink:label='loc_LoanProcessingFee' xlink:type='locator' />
    <link:loc xlink:href='../elts/us-gaap-2024.xsd#us-gaap_RecapitalizationCosts' xlink:label='loc_RecapitalizationCosts' xlink:type='locator' />
    <link:loc xlink:href='../elts/us-gaap-2024.xsd#us-gaap_RestructuringSettlementAndImpairmentProvisions' xlink:label='loc_RestructuringSettlementAndImpairmentProvisions' xlink:type='locator' />
    <link:loc xlink:href='../elts/us-gaap-2024.xsd#us-gaap_RoyaltyExpense' xlink:label='loc_RoyaltyExpense' xlink:type='locator' />
    <link:loc xlink:href='../elts/us-gaap-2024.xsd#us-gaap_PreOpeningCosts' xlink:label='loc_PreOpeningCosts' xlink:type='locator' />
    <link:loc xlink:href='../elts/us-gaap-2024.xsd#us-gaap_LegalFees' xlink:label='loc_LegalFees' xlink:type='locator' />
    <link:loc xlink:href='../elts/us-gaap-2024.xsd#us-gaap_UnsolicitedTenderOfferCosts' xlink:label='loc_UnsolicitedTenderOfferCosts' xlink:type='locator' />
    <link:loc xlink:href='../elts/us-gaap-2024.xsd#us-gaap_OtherNoninterestExpense' xlink:label='loc_OtherNoninterestExpense' xlink:type='locator' />
    <link:loc xlink:href='../elts/us-gaap-2024.xsd#us-gaap_BusinessCombinationIntegrationRelatedCosts' xlink:label='loc_BusinessCombinationIntegrationRelatedCosts' xlink:type='locator' />
    <link:loc xlink:href='../elts/us-gaap-2024.xsd#us-gaap_LossContingencyLossInPeriod' xlink:label='loc_LossContingencyLossInPeriod' xlink:type='locator' />
    <link:loc xlink:href='../elts/us-gaap-2024.xsd#us-gaap_NetPeriodicDefinedBenefitsExpenseReversalOfExpenseExcludingServiceCostComponent' xlink:label='loc_NetPeriodicDefinedBenefitsExpenseReversalOfExpenseExcludingServiceCostComponent' xlink:type='locator' />
    <link:loc xlink:href='../elts/us-gaap-2024.xsd#us-gaap_IncomeLossAttributableToParent' xlink:label='loc_IncomeLossAttributableToParent' xlink:type='locator' />
    <link:loc xlink:href='../elts/us-gaap-2024.xsd#us-gaap_NetIncomeLossAllocatedToGeneralPartners' xlink:label='loc_NetIncomeLossAllocatedToGeneralPartners' xlink:type='locator' />
    <link:loc xlink:href='../elts/us-gaap-2024.xsd#us-gaap_NetIncomeLossAllocatedToLimitedPartners' xlink:label='loc_NetIncomeLossAllocatedToLimitedPartners' xlink:type='locator' />
    <link:loc xlink:href='../elts/us-gaap-2024.xsd#us-gaap_UndistributedEarnings' xlink:label='loc_UndistributedEarnings' xlink:type='locator' />
    <link:loc xlink:href='../elts/us-gaap-2024.xsd#us-gaap_UndistributedContinuingOperationEarningsLossBasic' xlink:label='loc_UndistributedContinuingOperationEarningsLossBasic' xlink:type='locator' />
    <link:loc xlink:href='../elts/us-gaap-2024.xsd#us-gaap_UndistributedDiscontinuedOperationEarningsLossBasic' xlink:label='loc_UndistributedDiscontinuedOperationEarningsLossBasic' xlink:type='locator' />
    <link:loc xlink:href='../elts/us-gaap-2024.xsd#us-gaap_UndistributedEarningsLossAvailableToCommonShareholdersDiluted' xlink:label='loc_UndistributedEarningsLossAvailableToCommonShareholdersDiluted' xlink:type='locator' />
    <link:loc xlink:href='../elts/us-gaap-2024.xsd#us-gaap_UndistributedEarningsDiluted' xlink:label='loc_UndistributedEarningsDiluted' xlink:type='locator' />
    <link:loc xlink:href='../elts/us-gaap-2024.xsd#us-gaap_DistributedEarnings' xlink:label='loc_DistributedEarnings' xlink:type='locator' />
    <link:loc xlink:href='../elts/us-gaap-2024.xsd#us-gaap_NetIncomeLossAttributableToParentDiluted' xlink:label='loc_NetIncomeLossAttributableToParentDiluted' xlink:type='locator' />
    <link:loc xlink:href='../elts/us-gaap-2024.xsd#us-gaap_NetIncomeLoss' xlink:label='loc_NetIncomeLoss' xlink:type='locator' />
    <link:loc xlink:href='../elts/us-gaap-2024.xsd#us-gaap_InterestOnConvertibleDebtNetOfTax' xlink:label='loc_InterestOnConvertibleDebtNetOfTax' xlink:type='locator' />
    <link:loc xlink:href='../elts/us-gaap-2024.xsd#us-gaap_ConvertiblePreferredDividendsNetOfTax' xlink:label='loc_ConvertiblePreferredDividendsNetOfTax' xlink:type='locator' />
    <link:loc xlink:href='../elts/us-gaap-2024.xsd#us-gaap_DilutiveSecurities' xlink:label='loc_DilutiveSecurities' xlink:type='locator' />
    <link:loc xlink:href='../elts/us-gaap-2024.xsd#us-gaap_UndistributedEarningsLossAllocatedToParticipatingSecuritiesDiluted' xlink:label='loc_UndistributedEarningsLossAllocatedToParticipatingSecuritiesDiluted' xlink:type='locator' />
    <link:loc xlink:href='../elts/us-gaap-2024.xsd#us-gaap_UndistributedDiscontinuedOperationEarningsLossAllocationToParticipatingSecuritiesDiluted' xlink:label='loc_UndistributedDiscontinuedOperationEarningsLossAllocationToParticipatingSecuritiesDiluted' xlink:type='locator' />
    <link:loc xlink:href='../elts/us-gaap-2024.xsd#us-gaap_UndistributedContinuingOperationEarningsLossAllocationToParticipatingSecuritiesDiluted' xlink:label='loc_UndistributedContinuingOperationEarningsLossAllocationToParticipatingSecuritiesDiluted' xlink:type='locator' />
    <link:loc xlink:href='../elts/us-gaap-2024.xsd#us-gaap_UndistributedEarningsLossAvailableToCommonShareholdersBasic' xlink:label='loc_UndistributedEarningsLossAvailableToCommonShareholdersBasic' xlink:type='locator' />
    <link:loc xlink:href='../elts/us-gaap-2024.xsd#us-gaap_UndistributedEarningsLossFromContinuingOperationsAvailableToCommonShareholdersBasic' xlink:label='loc_UndistributedEarningsLossFromContinuingOperationsAvailableToCommonShareholdersBasic' xlink:type='locator' />
    <link:loc xlink:href='../elts/us-gaap-2024.xsd#us-gaap_UndistributedEarningsLossFromDiscontinuedOperationsAvailableToCommonShareholdersBasic' xlink:label='loc_UndistributedEarningsLossFromDiscontinuedOperationsAvailableToCommonShareholdersBasic' xlink:type='locator' />
    <link:loc xlink:href='../elts/us-gaap-2024.xsd#us-gaap_AociIncludingPortionAttributableToNoncontrollingInterestPeriodIncreaseDecrease' xlink:label='loc_AociIncludingPortionAttributableToNoncontrollingInterestPeriodIncreaseDecrease' xlink:type='locator' />
    <link:loc xlink:href='../elts/us-gaap-2024.xsd#us-gaap_OtherComprehensiveIncomeLossNetOfTax' xlink:label='loc_OtherComprehensiveIncomeLossNetOfTax' xlink:type='locator' />
    <link:loc xlink:href='../elts/us-gaap-2024.xsd#us-gaap_OtherComprehensiveIncomeLossBeforeReclassificationsNetOfTax' xlink:label='loc_OtherComprehensiveIncomeLossBeforeReclassificationsNetOfTax' xlink:type='locator' />
    <link:loc xlink:href='../elts/us-gaap-2024.xsd#us-gaap_ReclassificationFromAccumulatedOtherComprehensiveIncomeCurrentPeriodNetOfTax' xlink:label='loc_ReclassificationFromAccumulatedOtherComprehensiveIncomeCurrentPeriodNetOfTax' xlink:type='locator' />
    <link:loc xlink:href='../elts/us-gaap-2024.xsd#us-gaap_OciEquityMethodInvestmentAfterTax' xlink:label='loc_OciEquityMethodInvestmentAfterTax' xlink:type='locator' />
    <link:loc xlink:href='../elts/us-gaap-2024.xsd#us-gaap_LeaseIncome' xlink:label='loc_LeaseIncome' xlink:type='locator' />
    <link:loc xlink:href='../elts/us-gaap-2024.xsd#us-gaap_SalesTypeAndDirectFinancingLeasesProfitLoss' xlink:label='loc_SalesTypeAndDirectFinancingLeasesProfitLoss' xlink:type='locator' />
    <link:loc xlink:href='../elts/us-gaap-2024.xsd#us-gaap_SalesTypeAndDirectFinancingLeasesInterestIncome' xlink:label='loc_SalesTypeAndDirectFinancingLeasesInterestIncome' xlink:type='locator' />
    <link:loc xlink:href='../elts/us-gaap-2024.xsd#us-gaap_VariableLeaseIncome' xlink:label='loc_VariableLeaseIncome' xlink:type='locator' />
    <link:loc xlink:href='../elts/us-gaap-2024.xsd#us-gaap_OperatingLeaseLeaseIncomeLeasePayments' xlink:label='loc_OperatingLeaseLeaseIncomeLeasePayments' xlink:type='locator' />
    <link:calculationArc order='10' weight='1.0' xlink:arcrole='https://xbrl.org/2023/arcrole/summation-item' xlink:from='loc_ExtinguishmentOfDebtGainLossNetOfTax' xlink:to='loc_GainsLossesOnExtinguishmentOfDebt' xlink:type='arc' />
    <link:calculationArc order='20' weight='-1.0' xlink:arcrole='https://xbrl.org/2023/arcrole/summation-item' xlink:from='loc_ExtinguishmentOfDebtGainLossNetOfTax' xlink:to='loc_ExtinguishmentOfDebtGainLossIncomeTax' xlink:type='arc' />
    <link:calculationArc order='10' weight='1.0' xlink:arcrole='https://xbrl.org/2023/arcrole/summation-item' xlink:from='loc_IncomeLossFromContinuingOperationsBeforeInterestExpenseInterestIncomeIncomeTaxesExtraordinaryItemsNoncontrollingInterestsNet' xlink:to='loc_OperatingIncomeLoss' xlink:type='arc' />
    <link:calculationArc order='20' weight='1.0' xlink:arcrole='https://xbrl.org/2023/arcrole/summation-item' xlink:from='loc_IncomeLossFromContinuingOperationsBeforeInterestExpenseInterestIncomeIncomeTaxesExtraordinaryItemsNoncontrollingInterestsNet' xlink:to='loc_NonoperatingIncomeExpense' xlink:type='arc' />
    <link:calculationArc order='30' weight='1.0' xlink:arcrole='https://xbrl.org/2023/arcrole/summation-item' xlink:from='loc_IncomeLossFromContinuingOperationsBeforeInterestExpenseInterestIncomeIncomeTaxesExtraordinaryItemsNoncontrollingInterestsNet' xlink:to='loc_IncomeLossFromEquityMethodInvestments' xlink:type='arc' />
    <link:calculationArc order='10' weight='1.0' xlink:arcrole='https://xbrl.org/2023/arcrole/summation-item' xlink:from='loc_IncomeLossFromContinuingOperationsBeforeIncomeTaxesMinorityInterestAndIncomeLossFromEquityMethodInvestments' xlink:to='loc_Revenues' xlink:type='arc' />
    <link:calculationArc order='10' weight='1.0' xlink:arcrole='https://xbrl.org/2023/arcrole/summation-item' xlink:from='loc_Revenues' xlink:to='loc_InterestIncomeExpenseAfterProvisionForLoanLoss' xlink:type='arc' />
    <link:calculationArc order='10' weight='1.0' xlink:arcrole='https://xbrl.org/2023/arcrole/summation-item' xlink:from='loc_InterestIncomeExpenseAfterProvisionForLoanLoss' xlink:to='loc_InterestIncomeExpenseNet' xlink:type='arc' />
    <link:calculationArc order='10' weight='1.0' xlink:arcrole='https://xbrl.org/2023/arcrole/summation-item' xlink:from='loc_InterestIncomeExpenseNet' xlink:to='loc_InterestAndFeeIncomeLoansAndLeases' xlink:type='arc' />
    <link:calculationArc order='20' weight='1.0' xlink:arcrole='https://xbrl.org/2023/arcrole/summation-item' xlink:from='loc_InterestIncomeExpenseNet' xlink:to='loc_InterestIncomeAndFeesBankersAcceptancesCertificatesOfDepositAndCommercialPaper' xlink:type='arc' />
    <link:calculationArc order='30' weight='1.0' xlink:arcrole='https://xbrl.org/2023/arcrole/summation-item' xlink:from='loc_InterestIncomeExpenseNet' xlink:to='loc_InterestIncomePurchasedReceivables' xlink:type='arc' />
    <link:calculationArc order='40' weight='1.0' xlink:arcrole='https://xbrl.org/2023/arcrole/summation-item' xlink:from='loc_InterestIncomeExpenseNet' xlink:to='loc_InterestIncomeDepositsWithFinancialInstitutions' xlink:type='arc' />
    <link:calculationArc order='50' weight='1.0' xlink:arcrole='https://xbrl.org/2023/arcrole/summation-item' xlink:from='loc_InterestIncomeExpenseNet' xlink:to='loc_InterestIncomeFederalFundsSoldAndSecuritiesPurchasedUnderAgreementsToResell' xlink:type='arc' />
    <link:calculationArc order='60' weight='1.0' xlink:arcrole='https://xbrl.org/2023/arcrole/summation-item' xlink:from='loc_InterestIncomeExpenseNet' xlink:to='loc_InterestIncomeOperating' xlink:type='arc' />
    <link:calculationArc order='10' weight='1.0' xlink:arcrole='https://xbrl.org/2023/arcrole/summation-item' xlink:from='loc_InterestIncomeOperating' xlink:to='loc_InterestIncomeSecuritiesMortgageBacked' xlink:type='arc' />
    <link:calculationArc order='20' weight='1.0' xlink:arcrole='https://xbrl.org/2023/arcrole/summation-item' xlink:from='loc_InterestIncomeOperating' xlink:to='loc_InterestIncomeSecuritiesStateAndMunicipal' xlink:type='arc' />
    <link:calculationArc order='30' weight='1.0' xlink:arcrole='https://xbrl.org/2023/arcrole/summation-item' xlink:from='loc_InterestIncomeOperating' xlink:to='loc_InterestIncomeSecuritiesUSTreasuryAndOtherUSGovernment' xlink:type='arc' />
    <link:calculationArc order='10' weight='1.0' xlink:arcrole='https://xbrl.org/2023/arcrole/summation-item' xlink:from='loc_InterestIncomeSecuritiesUSTreasuryAndOtherUSGovernment' xlink:to='loc_InterestIncomeSecuritiesUSTreasury' xlink:type='arc' />
    <link:calculationArc order='20' weight='1.0' xlink:arcrole='https://xbrl.org/2023/arcrole/summation-item' xlink:from='loc_InterestIncomeSecuritiesUSTreasuryAndOtherUSGovernment' xlink:to='loc_InterestIncomeSecuritiesOtherUSGovernment' xlink:type='arc' />
    <link:calculationArc order='40' weight='1.0' xlink:arcrole='https://xbrl.org/2023/arcrole/summation-item' xlink:from='loc_InterestIncomeOperating' xlink:to='loc_InterestIncomeSecuritiesCorporateDebtOperating' xlink:type='arc' />
    <link:calculationArc order='70' weight='-1.0' xlink:arcrole='https://xbrl.org/2023/arcrole/summation-item' xlink:from='loc_InterestIncomeExpenseNet' xlink:to='loc_InterestExpenseOperating' xlink:type='arc' />
    <link:calculationArc order='20' weight='-1.0' xlink:arcrole='https://xbrl.org/2023/arcrole/summation-item' xlink:from='loc_InterestIncomeExpenseAfterProvisionForLoanLoss' xlink:to='loc_ProvisionForLoanLeaseAndOtherLosses' xlink:type='arc' />
    <link:calculationArc order='20' weight='1.0' xlink:arcrole='https://xbrl.org/2023/arcrole/summation-item' xlink:from='loc_Revenues' xlink:to='loc_NoninterestIncome' xlink:type='arc' />
    <link:calculationArc order='10' weight='1.0' xlink:arcrole='https://xbrl.org/2023/arcrole/summation-item' xlink:from='loc_NoninterestIncome' xlink:to='loc_DividendIncomeOperating' xlink:type='arc' />
    <link:calculationArc order='20' weight='1.0' xlink:arcrole='https://xbrl.org/2023/arcrole/summation-item' xlink:from='loc_NoninterestIncome' xlink:to='loc_InvestmentBankingAdvisoryBrokerageAndUnderwritingFeesAndCommissions' xlink:type='arc' />
    <link:calculationArc order='10' weight='1.0' xlink:arcrole='https://xbrl.org/2023/arcrole/summation-item' xlink:from='loc_InvestmentBankingAdvisoryBrokerageAndUnderwritingFeesAndCommissions' xlink:to='loc_InvestmentBankingRevenue' xlink:type='arc' />
    <link:calculationArc order='20' weight='1.0' xlink:arcrole='https://xbrl.org/2023/arcrole/summation-item' xlink:from='loc_InvestmentBankingAdvisoryBrokerageAndUnderwritingFeesAndCommissions' xlink:to='loc_UnderwritingIncomeLoss' xlink:type='arc' />
    <link:calculationArc order='30' weight='1.0' xlink:arcrole='https://xbrl.org/2023/arcrole/summation-item' xlink:from='loc_NoninterestIncome' xlink:to='loc_PrincipalTransactionsRevenue' xlink:type='arc' />
    <link:calculationArc order='40' weight='1.0' xlink:arcrole='https://xbrl.org/2023/arcrole/summation-item' xlink:from='loc_NoninterestIncome' xlink:to='loc_PremiumsEarnedNet' xlink:type='arc' />
    <link:calculationArc order='10' weight='1.0' xlink:arcrole='https://xbrl.org/2023/arcrole/summation-item' xlink:from='loc_PremiumsEarnedNet' xlink:to='loc_DirectPremiumsEarned' xlink:type='arc' />
    <link:calculationArc order='20' weight='-1.0' xlink:arcrole='https://xbrl.org/2023/arcrole/summation-item' xlink:from='loc_PremiumsEarnedNet' xlink:to='loc_CededPremiumsEarned' xlink:type='arc' />
    <link:calculationArc order='30' weight='1.0' xlink:arcrole='https://xbrl.org/2023/arcrole/summation-item' xlink:from='loc_PremiumsEarnedNet' xlink:to='loc_AssumedPremiumsEarned' xlink:type='arc' />
    <link:calculationArc order='50' weight='1.0' xlink:arcrole='https://xbrl.org/2023/arcrole/summation-item' xlink:from='loc_NoninterestIncome' xlink:to='loc_GainsLossesOnSalesOfAssets' xlink:type='arc' />
    <link:calculationArc order='60' weight='1.0' xlink:arcrole='https://xbrl.org/2023/arcrole/summation-item' xlink:from='loc_NoninterestIncome' xlink:to='loc_GainLossOnSaleOfLeasedAssetsNetOperatingLeases' xlink:type='arc' />
    <link:calculationArc order='70' weight='1.0' xlink:arcrole='https://xbrl.org/2023/arcrole/summation-item' xlink:from='loc_NoninterestIncome' xlink:to='loc_GainLossOnSaleOfStockInSubsidiaryOrEquityMethodInvestee' xlink:type='arc' />
    <link:calculationArc order='80' weight='1.0' xlink:arcrole='https://xbrl.org/2023/arcrole/summation-item' xlink:from='loc_NoninterestIncome' xlink:to='loc_GainLossOnSaleOfPropertyPlantEquipment' xlink:type='arc' />
    <link:calculationArc order='90' weight='1.0' xlink:arcrole='https://xbrl.org/2023/arcrole/summation-item' xlink:from='loc_NoninterestIncome' xlink:to='loc_GainLossOnSaleOfBusiness' xlink:type='arc' />
    <link:calculationArc order='100' weight='1.0' xlink:arcrole='https://xbrl.org/2023/arcrole/summation-item' xlink:from='loc_NoninterestIncome' xlink:to='loc_GainLossOnDerivativeInstrumentsNetPretax' xlink:type='arc' />
    <link:calculationArc order='10' weight='1.0' xlink:arcrole='https://xbrl.org/2023/arcrole/summation-item' xlink:from='loc_GainLossOnDerivativeInstrumentsNetPretax' xlink:to='loc_GainOnDerivativeInstrumentsPretax' xlink:type='arc' />
    <link:calculationArc order='20' weight='-1.0' xlink:arcrole='https://xbrl.org/2023/arcrole/summation-item' xlink:from='loc_GainLossOnDerivativeInstrumentsNetPretax' xlink:to='loc_LossOnDerivativeInstrumentsPretax' xlink:type='arc' />
    <link:calculationArc order='110' weight='1.0' xlink:arcrole='https://xbrl.org/2023/arcrole/summation-item' xlink:from='loc_NoninterestIncome' xlink:to='loc_NoninterestIncomeOther' xlink:type='arc' />
    <link:calculationArc order='120' weight='1.0' xlink:arcrole='https://xbrl.org/2023/arcrole/summation-item' xlink:from='loc_NoninterestIncome' xlink:to='loc_VentureCapitalGainsLossesNet' xlink:type='arc' />
    <link:calculationArc order='130' weight='1.0' xlink:arcrole='https://xbrl.org/2023/arcrole/summation-item' xlink:from='loc_NoninterestIncome' xlink:to='loc_BankOwnedLifeInsuranceIncome' xlink:type='arc' />
    <link:calculationArc order='140' weight='1.0' xlink:arcrole='https://xbrl.org/2023/arcrole/summation-item' xlink:from='loc_NoninterestIncome' xlink:to='loc_ProfitLossFromRealEstateOperations' xlink:type='arc' />
    <link:calculationArc order='150' weight='1.0' xlink:arcrole='https://xbrl.org/2023/arcrole/summation-item' xlink:from='loc_NoninterestIncome' xlink:to='loc_RealEstateInvestmentPartnershipRevenue' xlink:type='arc' />
    <link:calculationArc order='160' weight='1.0' xlink:arcrole='https://xbrl.org/2023/arcrole/summation-item' xlink:from='loc_NoninterestIncome' xlink:to='loc_ConversionGainsAndLossesOnForeignInvestments' xlink:type='arc' />
    <link:calculationArc order='170' weight='1.0' xlink:arcrole='https://xbrl.org/2023/arcrole/summation-item' xlink:from='loc_NoninterestIncome' xlink:to='loc_GainLossOnSaleOfPreviouslyUnissuedStockBySubsidiaryOrEquityInvesteeNonoperatingIncome' xlink:type='arc' />
    <link:calculationArc order='180' weight='-1.0' xlink:arcrole='https://xbrl.org/2023/arcrole/summation-item' xlink:from='loc_NoninterestIncome' xlink:to='loc_MortgageServicingRightsMSRImpairmentRecovery' xlink:type='arc' />
    <link:calculationArc order='190' weight='1.0' xlink:arcrole='https://xbrl.org/2023/arcrole/summation-item' xlink:from='loc_NoninterestIncome' xlink:to='loc_ForeignCurrencyTransactionGainLossBeforeTax' xlink:type='arc' />
    <link:calculationArc order='10' weight='1.0' xlink:arcrole='https://xbrl.org/2023/arcrole/summation-item' xlink:from='loc_ForeignCurrencyTransactionGainLossBeforeTax' xlink:to='loc_ForeignCurrencyTransactionGainBeforeTax' xlink:type='arc' />
    <link:calculationArc order='20' weight='-1.0' xlink:arcrole='https://xbrl.org/2023/arcrole/summation-item' xlink:from='loc_ForeignCurrencyTransactionGainLossBeforeTax' xlink:to='loc_ForeignCurrencyTransactionLossBeforeTax' xlink:type='arc' />
    <link:calculationArc order='200' weight='1.0' xlink:arcrole='https://xbrl.org/2023/arcrole/summation-item' xlink:from='loc_NoninterestIncome' xlink:to='loc_DebtInstrumentConvertibleBeneficialConversionFeature' xlink:type='arc' />
    <link:calculationArc order='210' weight='1.0' xlink:arcrole='https://xbrl.org/2023/arcrole/summation-item' xlink:from='loc_NoninterestIncome' xlink:to='loc_GainsLossesOnExtinguishmentOfDebt' xlink:type='arc' />
    <link:calculationArc order='220' weight='1.0' xlink:arcrole='https://xbrl.org/2023/arcrole/summation-item' xlink:from='loc_NoninterestIncome' xlink:to='loc_NoninterestIncomeOtherOperatingIncome' xlink:type='arc' />
    <link:calculationArc order='20' weight='-1.0' xlink:arcrole='https://xbrl.org/2023/arcrole/summation-item' xlink:from='loc_IncomeLossFromContinuingOperationsBeforeIncomeTaxesMinorityInterestAndIncomeLossFromEquityMethodInvestments' xlink:to='loc_NoninterestExpense' xlink:type='arc' />
    <link:calculationArc order='10' weight='1.0' xlink:arcrole='https://xbrl.org/2023/arcrole/summation-item' xlink:from='loc_NoninterestExpense' xlink:to='loc_PolicyholderBenefitsAndClaimsIncurredNet' xlink:type='arc' />
    <link:calculationArc order='20' weight='1.0' xlink:arcrole='https://xbrl.org/2023/arcrole/summation-item' xlink:from='loc_NoninterestExpense' xlink:to='loc_LaborAndRelatedExpense' xlink:type='arc' />
    <link:calculationArc order='10' weight='1.0' xlink:arcrole='https://xbrl.org/2023/arcrole/summation-item' xlink:from='loc_LaborAndRelatedExpense' xlink:to='loc_DeferredCompensationArrangementWithIndividualCompensationExpense' xlink:type='arc' />
    <link:calculationArc order='30' weight='1.0' xlink:arcrole='https://xbrl.org/2023/arcrole/summation-item' xlink:from='loc_NoninterestExpense' xlink:to='loc_TaxesExcludingIncomeAndExciseTaxes' xlink:type='arc' />
    <link:calculationArc order='40' weight='1.0' xlink:arcrole='https://xbrl.org/2023/arcrole/summation-item' xlink:from='loc_NoninterestExpense' xlink:to='loc_NoninterestExpenseRelatedToPerformanceFees' xlink:type='arc' />
    <link:calculationArc order='50' weight='1.0' xlink:arcrole='https://xbrl.org/2023/arcrole/summation-item' xlink:from='loc_NoninterestExpense' xlink:to='loc_ProfessionalFees' xlink:type='arc' />
    <link:calculationArc order='60' weight='1.0' xlink:arcrole='https://xbrl.org/2023/arcrole/summation-item' xlink:from='loc_NoninterestExpense' xlink:to='loc_NoninterestExpenseInvestmentAdvisoryFees' xlink:type='arc' />
    <link:calculationArc order='70' weight='1.0' xlink:arcrole='https://xbrl.org/2023/arcrole/summation-item' xlink:from='loc_NoninterestExpense' xlink:to='loc_NoninterestExpenseTransferAgentAndCustodianFees' xlink:type='arc' />
    <link:calculationArc order='80' weight='1.0' xlink:arcrole='https://xbrl.org/2023/arcrole/summation-item' xlink:from='loc_NoninterestExpense' xlink:to='loc_NoninterestExpenseDirectorsFees' xlink:type='arc' />
    <link:calculationArc order='90' weight='1.0' xlink:arcrole='https://xbrl.org/2023/arcrole/summation-item' xlink:from='loc_NoninterestExpense' xlink:to='loc_NoninterestExpenseOfferingCost' xlink:type='arc' />
    <link:calculationArc order='100' weight='1.0' xlink:arcrole='https://xbrl.org/2023/arcrole/summation-item' xlink:from='loc_NoninterestExpense' xlink:to='loc_NoninterestExpenseCommissionExpense' xlink:type='arc' />
    <link:calculationArc order='110' weight='1.0' xlink:arcrole='https://xbrl.org/2023/arcrole/summation-item' xlink:from='loc_NoninterestExpense' xlink:to='loc_NoninterestExpensePrintingAndFulfillment' xlink:type='arc' />
    <link:calculationArc order='120' weight='1.0' xlink:arcrole='https://xbrl.org/2023/arcrole/summation-item' xlink:from='loc_NoninterestExpense' xlink:to='loc_FloorBrokerageExchangeAndClearanceFees' xlink:type='arc' />
    <link:calculationArc order='130' weight='1.0' xlink:arcrole='https://xbrl.org/2023/arcrole/summation-item' xlink:from='loc_NoninterestExpense' xlink:to='loc_SubadvisoryFeesForMutualFunds' xlink:type='arc' />
    <link:calculationArc order='140' weight='1.0' xlink:arcrole='https://xbrl.org/2023/arcrole/summation-item' xlink:from='loc_NoninterestExpense' xlink:to='loc_ExpenseRelatedToDistributionOrServicingAndUnderwritingFees' xlink:type='arc' />
    <link:calculationArc order='150' weight='1.0' xlink:arcrole='https://xbrl.org/2023/arcrole/summation-item' xlink:from='loc_NoninterestExpense' xlink:to='loc_BusinessDevelopment' xlink:type='arc' />
    <link:calculationArc order='160' weight='1.0' xlink:arcrole='https://xbrl.org/2023/arcrole/summation-item' xlink:from='loc_NoninterestExpense' xlink:to='loc_CommunicationsInformationTechnologyAndOccupancy' xlink:type='arc' />
    <link:calculationArc order='170' weight='1.0' xlink:arcrole='https://xbrl.org/2023/arcrole/summation-item' xlink:from='loc_NoninterestExpense' xlink:to='loc_ForeclosedRealEstateExpense' xlink:type='arc' />
    <link:calculationArc order='180' weight='1.0' xlink:arcrole='https://xbrl.org/2023/arcrole/summation-item' xlink:from='loc_NoninterestExpense' xlink:to='loc_RealEstateInvestmentPartnershipCostOfSales' xlink:type='arc' />
    <link:calculationArc order='190' weight='1.0' xlink:arcrole='https://xbrl.org/2023/arcrole/summation-item' xlink:from='loc_NoninterestExpense' xlink:to='loc_AccretionExpenseIncludingAssetRetirementObligations' xlink:type='arc' />
    <link:calculationArc order='200' weight='1.0' xlink:arcrole='https://xbrl.org/2023/arcrole/summation-item' xlink:from='loc_NoninterestExpense' xlink:to='loc_DepreciationAndAmortization' xlink:type='arc' />
    <link:calculationArc order='210' weight='1.0' xlink:arcrole='https://xbrl.org/2023/arcrole/summation-item' xlink:from='loc_NoninterestExpense' xlink:to='loc_EquipmentExpense' xlink:type='arc' />
    <link:calculationArc order='220' weight='1.0' xlink:arcrole='https://xbrl.org/2023/arcrole/summation-item' xlink:from='loc_NoninterestExpense' xlink:to='loc_SuppliesAndPostageExpense' xlink:type='arc' />
    <link:calculationArc order='230' weight='1.0' xlink:arcrole='https://xbrl.org/2023/arcrole/summation-item' xlink:from='loc_NoninterestExpense' xlink:to='loc_FederalDepositInsuranceCorporationPremiumExpense' xlink:type='arc' />
    <link:calculationArc order='240' weight='1.0' xlink:arcrole='https://xbrl.org/2023/arcrole/summation-item' xlink:from='loc_NoninterestExpense' xlink:to='loc_SellingGeneralAndAdministrativeExpense' xlink:type='arc' />
    <link:calculationArc order='250' weight='1.0' xlink:arcrole='https://xbrl.org/2023/arcrole/summation-item' xlink:from='loc_NoninterestExpense' xlink:to='loc_MarketingAndAdvertisingExpense' xlink:type='arc' />
    <link:calculationArc order='260' weight='1.0' xlink:arcrole='https://xbrl.org/2023/arcrole/summation-item' xlink:from='loc_NoninterestExpense' xlink:to='loc_LoanProcessingFee' xlink:type='arc' />
    <link:calculationArc order='270' weight='1.0' xlink:arcrole='https://xbrl.org/2023/arcrole/summation-item' xlink:from='loc_NoninterestExpense' xlink:to='loc_RecapitalizationCosts' xlink:type='arc' />
    <link:calculationArc order='280' weight='1.0' xlink:arcrole='https://xbrl.org/2023/arcrole/summation-item' xlink:from='loc_NoninterestExpense' xlink:to='loc_RestructuringSettlementAndImpairmentProvisions' xlink:type='arc' />
    <link:calculationArc order='290' weight='1.0' xlink:arcrole='https://xbrl.org/2023/arcrole/summation-item' xlink:from='loc_NoninterestExpense' xlink:to='loc_RoyaltyExpense' xlink:type='arc' />
    <link:calculationArc order='300' weight='1.0' xlink:arcrole='https://xbrl.org/2023/arcrole/summation-item' xlink:from='loc_NoninterestExpense' xlink:to='loc_PreOpeningCosts' xlink:type='arc' />
    <link:calculationArc order='310' weight='1.0' xlink:arcrole='https://xbrl.org/2023/arcrole/summation-item' xlink:from='loc_NoninterestExpense' xlink:to='loc_LegalFees' xlink:type='arc' />
    <link:calculationArc order='320' weight='1.0' xlink:arcrole='https://xbrl.org/2023/arcrole/summation-item' xlink:from='loc_NoninterestExpense' xlink:to='loc_UnsolicitedTenderOfferCosts' xlink:type='arc' />
    <link:calculationArc order='330' weight='1.0' xlink:arcrole='https://xbrl.org/2023/arcrole/summation-item' xlink:from='loc_NoninterestExpense' xlink:to='loc_OtherNoninterestExpense' xlink:type='arc' />
    <link:calculationArc order='340' weight='1.0' xlink:arcrole='https://xbrl.org/2023/arcrole/summation-item' xlink:from='loc_NoninterestExpense' xlink:to='loc_BusinessCombinationIntegrationRelatedCosts' xlink:type='arc' />
    <link:calculationArc order='350' weight='1.0' xlink:arcrole='https://xbrl.org/2023/arcrole/summation-item' xlink:from='loc_NoninterestExpense' xlink:to='loc_LossContingencyLossInPeriod' xlink:type='arc' />
    <link:calculationArc order='360' weight='1.0' xlink:arcrole='https://xbrl.org/2023/arcrole/summation-item' xlink:from='loc_NoninterestExpense' xlink:to='loc_NetPeriodicDefinedBenefitsExpenseReversalOfExpenseExcludingServiceCostComponent' xlink:type='arc' />
    <link:calculationArc order='10' weight='1.0' xlink:arcrole='https://xbrl.org/2023/arcrole/summation-item' xlink:from='loc_IncomeLossAttributableToParent' xlink:to='loc_NetIncomeLossAllocatedToGeneralPartners' xlink:type='arc' />
    <link:calculationArc order='20' weight='1.0' xlink:arcrole='https://xbrl.org/2023/arcrole/summation-item' xlink:from='loc_IncomeLossAttributableToParent' xlink:to='loc_NetIncomeLossAllocatedToLimitedPartners' xlink:type='arc' />
    <link:calculationArc order='10' weight='1.0' xlink:arcrole='https://xbrl.org/2023/arcrole/summation-item' xlink:from='loc_UndistributedEarnings' xlink:to='loc_UndistributedContinuingOperationEarningsLossBasic' xlink:type='arc' />
    <link:calculationArc order='20' weight='1.0' xlink:arcrole='https://xbrl.org/2023/arcrole/summation-item' xlink:from='loc_UndistributedEarnings' xlink:to='loc_UndistributedDiscontinuedOperationEarningsLossBasic' xlink:type='arc' />
    <link:calculationArc order='10' weight='1.0' xlink:arcrole='https://xbrl.org/2023/arcrole/summation-item' xlink:from='loc_UndistributedEarningsLossAvailableToCommonShareholdersDiluted' xlink:to='loc_UndistributedEarningsDiluted' xlink:type='arc' />
    <link:calculationArc order='10' weight='-1.0' xlink:arcrole='https://xbrl.org/2023/arcrole/summation-item' xlink:from='loc_UndistributedEarningsDiluted' xlink:to='loc_DistributedEarnings' xlink:type='arc' />
    <link:calculationArc order='20' weight='1.0' xlink:arcrole='https://xbrl.org/2023/arcrole/summation-item' xlink:from='loc_UndistributedEarningsDiluted' xlink:to='loc_NetIncomeLossAttributableToParentDiluted' xlink:type='arc' />
    <link:calculationArc order='10' weight='1.0' xlink:arcrole='https://xbrl.org/2023/arcrole/summation-item' xlink:from='loc_NetIncomeLossAttributableToParentDiluted' xlink:to='loc_NetIncomeLoss' xlink:type='arc' />
    <link:calculationArc order='20' weight='1.0' xlink:arcrole='https://xbrl.org/2023/arcrole/summation-item' xlink:from='loc_NetIncomeLossAttributableToParentDiluted' xlink:to='loc_InterestOnConvertibleDebtNetOfTax' xlink:type='arc' />
    <link:calculationArc order='30' weight='1.0' xlink:arcrole='https://xbrl.org/2023/arcrole/summation-item' xlink:from='loc_NetIncomeLossAttributableToParentDiluted' xlink:to='loc_ConvertiblePreferredDividendsNetOfTax' xlink:type='arc' />
    <link:calculationArc order='40' weight='1.0' xlink:arcrole='https://xbrl.org/2023/arcrole/summation-item' xlink:from='loc_NetIncomeLossAttributableToParentDiluted' xlink:to='loc_DilutiveSecurities' xlink:type='arc' />
    <link:calculationArc order='20' weight='-1.0' xlink:arcrole='https://xbrl.org/2023/arcrole/summation-item' xlink:from='loc_UndistributedEarningsLossAvailableToCommonShareholdersDiluted' xlink:to='loc_UndistributedEarningsLossAllocatedToParticipatingSecuritiesDiluted' xlink:type='arc' />
    <link:calculationArc order='10' weight='1.0' xlink:arcrole='https://xbrl.org/2023/arcrole/summation-item' xlink:from='loc_UndistributedEarningsLossAllocatedToParticipatingSecuritiesDiluted' xlink:to='loc_UndistributedDiscontinuedOperationEarningsLossAllocationToParticipatingSecuritiesDiluted' xlink:type='arc' />
    <link:calculationArc order='20' weight='1.0' xlink:arcrole='https://xbrl.org/2023/arcrole/summation-item' xlink:from='loc_UndistributedEarningsLossAllocatedToParticipatingSecuritiesDiluted' xlink:to='loc_UndistributedContinuingOperationEarningsLossAllocationToParticipatingSecuritiesDiluted' xlink:type='arc' />
    <link:calculationArc order='10' weight='1.0' xlink:arcrole='https://xbrl.org/2023/arcrole/summation-item' xlink:from='loc_UndistributedEarningsLossAvailableToCommonShareholdersBasic' xlink:to='loc_UndistributedEarningsLossFromContinuingOperationsAvailableToCommonShareholdersBasic' xlink:type='arc' />
    <link:calculationArc order='20' weight='1.0' xlink:arcrole='https://xbrl.org/2023/arcrole/summation-item' xlink:from='loc_UndistributedEarningsLossAvailableToCommonShareholdersBasic' xlink:to='loc_UndistributedEarningsLossFromDiscontinuedOperationsAvailableToCommonShareholdersBasic' xlink:type='arc' />
    <link:calculationArc order='10' weight='1.0' xlink:arcrole='https://xbrl.org/2023/arcrole/summation-item' xlink:from='loc_AociIncludingPortionAttributableToNoncontrollingInterestPeriodIncreaseDecrease' xlink:to='loc_OtherComprehensiveIncomeLossNetOfTax' xlink:type='arc' />
    <link:calculationArc order='10' weight='1.0' xlink:arcrole='https://xbrl.org/2023/arcrole/summation-item' xlink:from='loc_OtherComprehensiveIncomeLossNetOfTax' xlink:to='loc_OtherComprehensiveIncomeLossBeforeReclassificationsNetOfTax' xlink:type='arc' />
    <link:calculationArc order='20' weight='-1.0' xlink:arcrole='https://xbrl.org/2023/arcrole/summation-item' xlink:from='loc_OtherComprehensiveIncomeLossNetOfTax' xlink:to='loc_ReclassificationFromAccumulatedOtherComprehensiveIncomeCurrentPeriodNetOfTax' xlink:type='arc' />
    <link:calculationArc order='30' weight='1.0' xlink:arcrole='https://xbrl.org/2023/arcrole/summation-item' xlink:from='loc_OtherComprehensiveIncomeLossNetOfTax' xlink:to='loc_OciEquityMethodInvestmentAfterTax' xlink:type='arc' />
    <link:calculationArc order='10' weight='1.0' xlink:arcrole='https://xbrl.org/2023/arcrole/summation-item' xlink:from='loc_LeaseIncome' xlink:to='loc_SalesTypeAndDirectFinancingLeasesProfitLoss' xlink:type='arc' />
    <link:calculationArc order='20' weight='1.0' xlink:arcrole='https://xbrl.org/2023/arcrole/summation-item' xlink:from='loc_LeaseIncome' xlink:to='loc_SalesTypeAndDirectFinancingLeasesInterestIncome' xlink:type='arc' />
    <link:calculationArc order='30' weight='1.0' xlink:arcrole='https://xbrl.org/2023/arcrole/summation-item' xlink:from='loc_LeaseIncome' xlink:to='loc_VariableLeaseIncome' xlink:type='arc' />
    <link:calculationArc order='40' weight='1.0' xlink:arcrole='https://xbrl.org/2023/arcrole/summation-item' xlink:from='loc_LeaseIncome' xlink:to='loc_OperatingLeaseLeaseIncomeLeasePayments' xlink:type='arc' />
  </link:calculationLink>
</link:linkbase>
