<?xml version='1.0' encoding='UTF-8'?>

<!--
(c) 2010-2024 Financial Accounting Foundation; (c) 2007-2010 XBRL US, Inc.  All Rights Reserved.
Notice: Authorized Uses are Set Forth at https://xbrl.fasb.org/terms/TaxonomiesTermsConditions.html
  -->
<link:linkbase xmlns:link='http://www.xbrl.org/2003/linkbase' xmlns:xlink='http://www.w3.org/1999/xlink' xmlns:xsi='http://www.w3.org/2001/XMLSchema-instance' xsi:schemaLocation='http://www.xbrl.org/2003/linkbase http://www.xbrl.org/2003/xbrl-linkbase-2003-12-31.xsd'>
  <link:roleRef roleURI='http://fasb.org/us-gaap/role/statement/StatementOfCashFlowsIndirectAdditionalElements' xlink:href='../elts/us-roles-2024.xsd#scf-indira' xlink:type='simple' />
  <link:presentationLink xlink:role='http://fasb.org/us-gaap/role/statement/StatementOfCashFlowsIndirectAdditionalElements' xlink:type='extended'>
    <link:loc xlink:href='../elts/us-gaap-2024.xsd#us-gaap_AdditionalCashFlowElementsAndSupplementalCashFlowInformationAbstract' xlink:label='loc_AdditionalCashFlowElementsAndSupplementalCashFlowInformationAbstract' xlink:type='locator' />
    <link:loc xlink:href='../elts/us-gaap-2024.xsd#us-gaap_AdditionalCashFlowElementsAbstract' xlink:label='loc_AdditionalCashFlowElementsAbstract' xlink:type='locator' />
    <link:loc xlink:href='../elts/us-gaap-2024.xsd#us-gaap_AdditionalCashFlowElementsOperatingActivitiesAbstract' xlink:label='loc_AdditionalCashFlowElementsOperatingActivitiesAbstract' xlink:type='locator' />
    <link:loc xlink:href='../elts/us-gaap-2024.xsd#us-gaap_AdjustmentsNoncashItemsToReconcileNetIncomeLossToCashProvidedByUsedInOperatingActivitiesAbstract' xlink:label='loc_AdjustmentsNoncashItemsToReconcileNetIncomeLossToCashProvidedByUsedInOperatingActivitiesAbstract' xlink:type='locator' />
    <link:loc xlink:href='../elts/us-gaap-2024.xsd#us-gaap_GainLossOnInvestmentsAbstract' xlink:label='loc_GainLossOnInvestmentsAbstract' xlink:type='locator' />
    <link:loc xlink:href='../elts/us-gaap-2024.xsd#us-gaap_RealizedInvestmentGainsLossesAbstract' xlink:label='loc_RealizedInvestmentGainsLossesAbstract' xlink:type='locator' />
    <link:loc xlink:href='../elts/us-gaap-2024.xsd#us-gaap_GainLossOnSecuritizationOfFinancialAssets' xlink:label='loc_GainLossOnSecuritizationOfFinancialAssets' xlink:type='locator' />
    <link:loc xlink:href='../elts/us-gaap-2024.xsd#us-gaap_DebtAndEquitySecuritiesRealizedGainLoss' xlink:label='loc_DebtAndEquitySecuritiesRealizedGainLoss' xlink:type='locator' />
    <link:loc xlink:href='../elts/us-gaap-2024.xsd#us-gaap_GainOrLossOnSaleOfStockInSubsidiaryOrEquityMethodInvesteeAbstract' xlink:label='loc_GainOrLossOnSaleOfStockInSubsidiaryOrEquityMethodInvesteeAbstract' xlink:type='locator' />
    <link:loc xlink:href='../elts/us-gaap-2024.xsd#us-gaap_EquityMethodInvestmentRealizedGainLossOnDisposal' xlink:label='loc_EquityMethodInvestmentRealizedGainLossOnDisposal' xlink:type='locator' />
    <link:loc xlink:href='../elts/us-gaap-2024.xsd#us-gaap_GainOrLossOnSaleOfStockInSubsidiary' xlink:label='loc_GainOrLossOnSaleOfStockInSubsidiary' xlink:type='locator' />
    <link:loc xlink:href='../elts/us-gaap-2024.xsd#us-gaap_GainLossOnSaleOfStockInSubsidiaryOrEquityMethodInvestee' xlink:label='loc_GainLossOnSaleOfStockInSubsidiaryOrEquityMethodInvestee' xlink:type='locator' />
    <link:loc xlink:href='../elts/us-gaap-2024.xsd#us-gaap_GainLossOnSaleOfProperties' xlink:label='loc_GainLossOnSaleOfProperties' xlink:type='locator' />
    <link:loc xlink:href='../elts/us-gaap-2024.xsd#us-gaap_GainsLossesOnSalesOfInvestmentRealEstate' xlink:label='loc_GainsLossesOnSalesOfInvestmentRealEstate' xlink:type='locator' />
    <link:loc xlink:href='../elts/us-gaap-2024.xsd#us-gaap_GainLossOnSaleOfOtherInvestments' xlink:label='loc_GainLossOnSaleOfOtherInvestments' xlink:type='locator' />
    <link:loc xlink:href='../elts/us-gaap-2024.xsd#us-gaap_RealizedInvestmentGainsLosses' xlink:label='loc_RealizedInvestmentGainsLosses' xlink:type='locator' />
    <link:loc xlink:href='../elts/us-gaap-2024.xsd#us-gaap_UnrealizedGainLossOnInvestments' xlink:label='loc_UnrealizedGainLossOnInvestments' xlink:type='locator' />
    <link:loc xlink:href='../elts/us-gaap-2024.xsd#us-gaap_GainLossOnInvestments' xlink:label='loc_GainLossOnInvestments' xlink:type='locator' />
    <link:loc xlink:href='../elts/us-gaap-2024.xsd#us-gaap_GainLossOnSaleOfDerivatives' xlink:label='loc_GainLossOnSaleOfDerivatives' xlink:type='locator' />
    <link:loc xlink:href='../elts/us-gaap-2024.xsd#us-gaap_GainLossOnSaleOfCommodityContracts' xlink:label='loc_GainLossOnSaleOfCommodityContracts' xlink:type='locator' />
    <link:loc xlink:href='../elts/us-gaap-2024.xsd#us-gaap_UnrealizedGainLossOnDerivativesAndCommodityContractsAbstract' xlink:label='loc_UnrealizedGainLossOnDerivativesAndCommodityContractsAbstract' xlink:type='locator' />
    <link:loc xlink:href='../elts/us-gaap-2024.xsd#us-gaap_UnrealizedGainLossOnEnergyContracts' xlink:label='loc_UnrealizedGainLossOnEnergyContracts' xlink:type='locator' />
    <link:loc xlink:href='../elts/us-gaap-2024.xsd#us-gaap_UnrealizedGainLossOnCommodityContracts' xlink:label='loc_UnrealizedGainLossOnCommodityContracts' xlink:type='locator' />
    <link:loc xlink:href='../elts/us-gaap-2024.xsd#us-gaap_UnrealizedGainLossOnDerivatives' xlink:label='loc_UnrealizedGainLossOnDerivatives' xlink:type='locator' />
    <link:loc xlink:href='../elts/us-gaap-2024.xsd#us-gaap_UnrealizedGainLossOnDerivativesAndCommodityContracts' xlink:label='loc_UnrealizedGainLossOnDerivativesAndCommodityContracts' xlink:type='locator' />
    <link:loc xlink:href='../elts/us-gaap-2024.xsd#us-gaap_ForeignCurrencyTransactionGainLossBeforeTaxAbstract' xlink:label='loc_ForeignCurrencyTransactionGainLossBeforeTaxAbstract' xlink:type='locator' />
    <link:loc xlink:href='../elts/us-gaap-2024.xsd#us-gaap_ForeignCurrencyTransactionGainLossUnrealized' xlink:label='loc_ForeignCurrencyTransactionGainLossUnrealized' xlink:type='locator' />
    <link:loc xlink:href='../elts/us-gaap-2024.xsd#us-gaap_ForeignCurrencyTransactionGainLossRealized' xlink:label='loc_ForeignCurrencyTransactionGainLossRealized' xlink:type='locator' />
    <link:loc xlink:href='../elts/us-gaap-2024.xsd#us-gaap_ForeignCurrencyTransactionGainLossBeforeTax' xlink:label='loc_ForeignCurrencyTransactionGainLossBeforeTax' xlink:type='locator' />
    <link:loc xlink:href='../elts/us-gaap-2024.xsd#us-gaap_GainLossOnSalesOfAssetsAndAssetImpairmentCharges' xlink:label='loc_GainLossOnSalesOfAssetsAndAssetImpairmentCharges' xlink:type='locator' />
    <link:loc xlink:href='../elts/us-gaap-2024.xsd#us-gaap_AmortizationOfAboveAndBelowMarketLeases' xlink:label='loc_AmortizationOfAboveAndBelowMarketLeases' xlink:type='locator' />
    <link:loc xlink:href='../elts/us-gaap-2024.xsd#us-gaap_DepreciationAndAmortizationDiscontinuedOperations' xlink:label='loc_DepreciationAndAmortizationDiscontinuedOperations' xlink:type='locator' />
    <link:loc xlink:href='../elts/us-gaap-2024.xsd#us-gaap_GainLossOnDispositionOfRealEstateDiscontinuedOperations' xlink:label='loc_GainLossOnDispositionOfRealEstateDiscontinuedOperations' xlink:type='locator' />
    <link:loc xlink:href='../elts/us-gaap-2024.xsd#us-gaap_OtherAdjustmentsToIncomeDiscontinuedOperations' xlink:label='loc_OtherAdjustmentsToIncomeDiscontinuedOperations' xlink:type='locator' />
    <link:loc xlink:href='../elts/us-gaap-2024.xsd#us-gaap_IncreaseDecreaseInOperatingCapitalAbstract' xlink:label='loc_IncreaseDecreaseInOperatingCapitalAbstract' xlink:type='locator' />
    <link:loc xlink:href='../elts/us-gaap-2024.xsd#us-gaap_IncreaseDecreaseInOperatingAssetsAbstract' xlink:label='loc_IncreaseDecreaseInOperatingAssetsAbstract' xlink:type='locator' />
    <link:loc xlink:href='../elts/us-gaap-2024.xsd#us-gaap_IncreaseDecreaseInTradingSecuritiesAbstract' xlink:label='loc_IncreaseDecreaseInTradingSecuritiesAbstract' xlink:type='locator' />
    <link:loc xlink:href='../elts/us-gaap-2024.xsd#us-gaap_IncreaseDecreaseInEquitySecuritiesFvNi' xlink:label='loc_IncreaseDecreaseInEquitySecuritiesFvNi' xlink:type='locator' />
    <link:loc xlink:href='../elts/us-gaap-2024.xsd#us-gaap_IncreaseDecreaseInDebtSecuritiesTrading' xlink:label='loc_IncreaseDecreaseInDebtSecuritiesTrading' xlink:type='locator' />
    <link:loc xlink:href='../elts/us-gaap-2024.xsd#us-gaap_IncreaseDecreaseInTradingSecurities' xlink:label='loc_IncreaseDecreaseInTradingSecurities' xlink:type='locator' />
    <link:loc xlink:href='../elts/us-gaap-2024.xsd#us-gaap_IncreaseDecreaseInAccountsReceivableAndOtherOperatingAssets' xlink:label='loc_IncreaseDecreaseInAccountsReceivableAndOtherOperatingAssets' xlink:type='locator' />
    <link:loc xlink:href='../elts/us-gaap-2024.xsd#us-gaap_IncreaseDecreaseInInventoriesAndOtherOperatingAssets' xlink:label='loc_IncreaseDecreaseInInventoriesAndOtherOperatingAssets' xlink:type='locator' />
    <link:loc xlink:href='../elts/us-gaap-2024.xsd#us-gaap_IncreaseDecreaseInInventoryForLongTermContractsOrPrograms' xlink:label='loc_IncreaseDecreaseInInventoryForLongTermContractsOrPrograms' xlink:type='locator' />
    <link:loc xlink:href='../elts/us-gaap-2024.xsd#us-gaap_IncreaseDecreaseInMaterialsAndSupplies' xlink:label='loc_IncreaseDecreaseInMaterialsAndSupplies' xlink:type='locator' />
    <link:loc xlink:href='../elts/us-gaap-2024.xsd#us-gaap_IncreaseDecreaseInPrepaidTaxes' xlink:label='loc_IncreaseDecreaseInPrepaidTaxes' xlink:type='locator' />
    <link:loc xlink:href='../elts/us-gaap-2024.xsd#us-gaap_IncreaseDecreaseInOtherCurrentAssets' xlink:label='loc_IncreaseDecreaseInOtherCurrentAssets' xlink:type='locator' />
    <link:loc xlink:href='../elts/us-gaap-2024.xsd#us-gaap_IncreaseDecreaseInOtherNoncurrentAssets' xlink:label='loc_IncreaseDecreaseInOtherNoncurrentAssets' xlink:type='locator' />
    <link:loc xlink:href='../elts/us-gaap-2024.xsd#us-gaap_IncreaseDecreaseInOperatingLiabilitiesAbstract' xlink:label='loc_IncreaseDecreaseInOperatingLiabilitiesAbstract' xlink:type='locator' />
    <link:loc xlink:href='../elts/us-gaap-2024.xsd#us-gaap_IncreaseDecreaseInAccountsPayableAndOtherOperatingLiabilities' xlink:label='loc_IncreaseDecreaseInAccountsPayableAndOtherOperatingLiabilities' xlink:type='locator' />
    <link:loc xlink:href='../elts/us-gaap-2024.xsd#us-gaap_IncreaseDecreaseInAccruedLiabilitiesAndOtherOperatingLiabilities' xlink:label='loc_IncreaseDecreaseInAccruedLiabilitiesAndOtherOperatingLiabilities' xlink:type='locator' />
    <link:loc xlink:href='../elts/us-gaap-2024.xsd#us-gaap_IncreaseDecreaseInIncomeTaxes' xlink:label='loc_IncreaseDecreaseInIncomeTaxes' xlink:type='locator' />
    <link:loc xlink:href='../elts/us-gaap-2024.xsd#us-gaap_IncreaseDecreaseInAccruedTaxesPayable' xlink:label='loc_IncreaseDecreaseInAccruedTaxesPayable' xlink:type='locator' />
    <link:loc xlink:href='../elts/us-gaap-2024.xsd#us-gaap_IncreaseDecreaseInSelfInsuranceReserve' xlink:label='loc_IncreaseDecreaseInSelfInsuranceReserve' xlink:type='locator' />
    <link:loc xlink:href='../elts/us-gaap-2024.xsd#us-gaap_IncreaseDecreaseInFuturePolicyBenefitReservesAndOtherInsuranceLiabilities' xlink:label='loc_IncreaseDecreaseInFuturePolicyBenefitReservesAndOtherInsuranceLiabilities' xlink:type='locator' />
    <link:loc xlink:href='../elts/us-gaap-2024.xsd#us-gaap_IncreaseDecreaseInOptionPremiumContractsPayable' xlink:label='loc_IncreaseDecreaseInOptionPremiumContractsPayable' xlink:type='locator' />
    <link:loc xlink:href='../elts/us-gaap-2024.xsd#us-gaap_IncreaseDecreaseInOtherCurrentLiabilities' xlink:label='loc_IncreaseDecreaseInOtherCurrentLiabilities' xlink:type='locator' />
    <link:loc xlink:href='../elts/us-gaap-2024.xsd#us-gaap_IncreaseDecreaseInOtherNoncurrentLiabilities' xlink:label='loc_IncreaseDecreaseInOtherNoncurrentLiabilities' xlink:type='locator' />
    <link:loc xlink:href='../elts/us-gaap-2024.xsd#us-gaap_IncreaseDecreaseInOtherCurrentAssetsAndLiabilitiesNet' xlink:label='loc_IncreaseDecreaseInOtherCurrentAssetsAndLiabilitiesNet' xlink:type='locator' />
    <link:loc xlink:href='../elts/us-gaap-2024.xsd#us-gaap_IncreaseDecreaseInOtherNoncurrentAssetsAndLiabilitiesNet' xlink:label='loc_IncreaseDecreaseInOtherNoncurrentAssetsAndLiabilitiesNet' xlink:type='locator' />
    <link:loc xlink:href='../elts/us-gaap-2024.xsd#us-gaap_AdditionalCashFlowElementsInvestingActivitiesAbstract' xlink:label='loc_AdditionalCashFlowElementsInvestingActivitiesAbstract' xlink:type='locator' />
    <link:loc xlink:href='../elts/us-gaap-2024.xsd#us-gaap_ProceedsFromInvestingActivitiesAbstract' xlink:label='loc_ProceedsFromInvestingActivitiesAbstract' xlink:type='locator' />
    <link:loc xlink:href='../elts/us-gaap-2024.xsd#us-gaap_ProceedsFromSaleAndMaturityOfTradingSecuritiesHeldforinvestmentAbstract' xlink:label='loc_ProceedsFromSaleAndMaturityOfTradingSecuritiesHeldforinvestmentAbstract' xlink:type='locator' />
    <link:loc xlink:href='../elts/us-gaap-2024.xsd#us-gaap_ProceedsFromSaleOfTradingSecuritiesHeldforinvestment' xlink:label='loc_ProceedsFromSaleOfTradingSecuritiesHeldforinvestment' xlink:type='locator' />
    <link:loc xlink:href='../elts/us-gaap-2024.xsd#us-gaap_ProceedsFromMaturitiesRepaymentsAndCallsOfTradingSecuritiesHeldforinvestment' xlink:label='loc_ProceedsFromMaturitiesRepaymentsAndCallsOfTradingSecuritiesHeldforinvestment' xlink:type='locator' />
    <link:loc xlink:href='../elts/us-gaap-2024.xsd#us-gaap_ProceedsFromSaleAndMaturityOfTradingSecuritiesHeldforinvestment' xlink:label='loc_ProceedsFromSaleAndMaturityOfTradingSecuritiesHeldforinvestment' xlink:type='locator' />
    <link:loc xlink:href='../elts/us-gaap-2024.xsd#us-gaap_ProceedsFromSaleAndCollectionOfFinanceReceivablesAbstract' xlink:label='loc_ProceedsFromSaleAndCollectionOfFinanceReceivablesAbstract' xlink:type='locator' />
    <link:loc xlink:href='../elts/us-gaap-2024.xsd#us-gaap_ProceedsFromSaleOfFinanceReceivables' xlink:label='loc_ProceedsFromSaleOfFinanceReceivables' xlink:type='locator' />
    <link:loc xlink:href='../elts/us-gaap-2024.xsd#us-gaap_ProceedsFromCollectionOfFinanceReceivables' xlink:label='loc_ProceedsFromCollectionOfFinanceReceivables' xlink:type='locator' />
    <link:loc xlink:href='../elts/us-gaap-2024.xsd#us-gaap_ProceedsFromSaleAndCollectionOfFinanceReceivables' xlink:label='loc_ProceedsFromSaleAndCollectionOfFinanceReceivables' xlink:type='locator' />
    <link:loc xlink:href='../elts/us-gaap-2024.xsd#us-gaap_ProceedsFromSalesOfAssetsInvestingActivities' xlink:label='loc_ProceedsFromSalesOfAssetsInvestingActivities' xlink:type='locator' />
    <link:loc xlink:href='../elts/us-gaap-2024.xsd#us-gaap_ProceedsFromSalesOfBusinessAffiliateAndProductiveAssets' xlink:label='loc_ProceedsFromSalesOfBusinessAffiliateAndProductiveAssets' xlink:type='locator' />
    <link:loc xlink:href='../elts/us-gaap-2024.xsd#us-gaap_ProceedsFromRealEstateAndRealEstateJointVentures' xlink:label='loc_ProceedsFromRealEstateAndRealEstateJointVentures' xlink:type='locator' />
    <link:loc xlink:href='../elts/us-gaap-2024.xsd#us-gaap_PaymentsForInvestingActivitiesAbstract' xlink:label='loc_PaymentsForInvestingActivitiesAbstract' xlink:type='locator' />
    <link:loc xlink:href='../elts/us-gaap-2024.xsd#us-gaap_PaymentsToAcquireTradingSecuritiesHeldforinvestment' xlink:label='loc_PaymentsToAcquireTradingSecuritiesHeldforinvestment' xlink:type='locator' />
    <link:loc xlink:href='../elts/us-gaap-2024.xsd#us-gaap_PaymentsToAcquireRealEstateAndRealEstateJointVentures' xlink:label='loc_PaymentsToAcquireRealEstateAndRealEstateJointVentures' xlink:type='locator' />
    <link:loc xlink:href='../elts/us-gaap-2024.xsd#us-gaap_PaymentsToAcquireBusinessTwoNetOfCashAcquired' xlink:label='loc_PaymentsToAcquireBusinessTwoNetOfCashAcquired' xlink:type='locator' />
    <link:loc xlink:href='../elts/us-gaap-2024.xsd#us-gaap_PaymentsToAcquireBusinessThreeNetOfCashAcquired' xlink:label='loc_PaymentsToAcquireBusinessThreeNetOfCashAcquired' xlink:type='locator' />
    <link:loc xlink:href='../elts/us-gaap-2024.xsd#us-gaap_PaymentsToAcquireAssetsInvestingActivities' xlink:label='loc_PaymentsToAcquireAssetsInvestingActivities' xlink:type='locator' />
    <link:loc xlink:href='../elts/us-gaap-2024.xsd#us-gaap_PaymentsForLeasingCostsCommissionsAndTenantImprovementsAbstract' xlink:label='loc_PaymentsForLeasingCostsCommissionsAndTenantImprovementsAbstract' xlink:type='locator' />
    <link:loc xlink:href='../elts/us-gaap-2024.xsd#us-gaap_PaymentsForLeasingCosts' xlink:label='loc_PaymentsForLeasingCosts' xlink:type='locator' />
    <link:loc xlink:href='../elts/us-gaap-2024.xsd#us-gaap_PaymentsForTenantImprovements' xlink:label='loc_PaymentsForTenantImprovements' xlink:type='locator' />
    <link:loc xlink:href='../elts/us-gaap-2024.xsd#us-gaap_PaymentsForLeaseCommissions' xlink:label='loc_PaymentsForLeaseCommissions' xlink:type='locator' />
    <link:loc xlink:href='../elts/us-gaap-2024.xsd#us-gaap_PaymentsForLeasingCostsCommissionsAndTenantImprovements' xlink:label='loc_PaymentsForLeasingCostsCommissionsAndTenantImprovements' xlink:type='locator' />
    <link:loc xlink:href='../elts/us-gaap-2024.xsd#us-gaap_CashAcquiredInExcessOfPaymentsToAcquireBusiness' xlink:label='loc_CashAcquiredInExcessOfPaymentsToAcquireBusiness' xlink:type='locator' />
    <link:loc xlink:href='../elts/us-gaap-2024.xsd#us-gaap_PaymentsForProceedsFromPolicyLoans' xlink:label='loc_PaymentsForProceedsFromPolicyLoans' xlink:type='locator' />
    <link:loc xlink:href='../elts/us-gaap-2024.xsd#us-gaap_IncreaseDecreaseInLeaseAcquisitionCosts' xlink:label='loc_IncreaseDecreaseInLeaseAcquisitionCosts' xlink:type='locator' />
    <link:loc xlink:href='../elts/us-gaap-2024.xsd#us-gaap_IncreaseDecreaseInCollateralHeldUnderSecuritiesLending' xlink:label='loc_IncreaseDecreaseInCollateralHeldUnderSecuritiesLending' xlink:type='locator' />
    <link:loc xlink:href='../elts/us-gaap-2024.xsd#us-gaap_PaymentsForProceedsFromInvestmentsAlternativeAbstract' xlink:label='loc_PaymentsForProceedsFromInvestmentsAlternativeAbstract' xlink:type='locator' />
    <link:loc xlink:href='../elts/us-gaap-2024.xsd#us-gaap_PaymentsForProceedsFromShortTermInvestmentsAlternativeAbstract' xlink:label='loc_PaymentsForProceedsFromShortTermInvestmentsAlternativeAbstract' xlink:type='locator' />
    <link:loc xlink:href='../elts/us-gaap-2024.xsd#us-gaap_PaymentsToAcquireShortTermInvestments' xlink:label='loc_PaymentsToAcquireShortTermInvestments' xlink:type='locator' />
    <link:loc xlink:href='../elts/us-gaap-2024.xsd#us-gaap_ProceedsFromSaleMaturityAndCollectionOfShorttermInvestmentsAbstract' xlink:label='loc_ProceedsFromSaleMaturityAndCollectionOfShorttermInvestmentsAbstract' xlink:type='locator' />
    <link:loc xlink:href='../elts/us-gaap-2024.xsd#us-gaap_ProceedsFromSaleOfShortTermInvestments' xlink:label='loc_ProceedsFromSaleOfShortTermInvestments' xlink:type='locator' />
    <link:loc xlink:href='../elts/us-gaap-2024.xsd#us-gaap_ProceedsFromMaturitiesPrepaymentsAndCallsOfShorttermInvestments' xlink:label='loc_ProceedsFromMaturitiesPrepaymentsAndCallsOfShorttermInvestments' xlink:type='locator' />
    <link:loc xlink:href='../elts/us-gaap-2024.xsd#us-gaap_ProceedsFromSaleMaturityAndCollectionOfShorttermInvestments' xlink:label='loc_ProceedsFromSaleMaturityAndCollectionOfShorttermInvestments' xlink:type='locator' />
    <link:loc xlink:href='../elts/us-gaap-2024.xsd#us-gaap_PaymentsForProceedsFromShortTermInvestments' xlink:label='loc_PaymentsForProceedsFromShortTermInvestments' xlink:type='locator' />
    <link:loc xlink:href='../elts/us-gaap-2024.xsd#us-gaap_PaymentsForProceedsFromLongtermInvestmentsAbstract' xlink:label='loc_PaymentsForProceedsFromLongtermInvestmentsAbstract' xlink:type='locator' />
    <link:loc xlink:href='../elts/us-gaap-2024.xsd#us-gaap_PaymentsToAcquireLongtermInvestments' xlink:label='loc_PaymentsToAcquireLongtermInvestments' xlink:type='locator' />
    <link:loc xlink:href='../elts/us-gaap-2024.xsd#us-gaap_ProceedsFromSaleMaturityAndCollectionOfLongtermInvestmentsAbstract' xlink:label='loc_ProceedsFromSaleMaturityAndCollectionOfLongtermInvestmentsAbstract' xlink:type='locator' />
    <link:loc xlink:href='../elts/us-gaap-2024.xsd#us-gaap_ProceedsFromSaleOfLongtermInvestments' xlink:label='loc_ProceedsFromSaleOfLongtermInvestments' xlink:type='locator' />
    <link:loc xlink:href='../elts/us-gaap-2024.xsd#us-gaap_ProceedsFromMaturitiesPrepaymentsAndCallsOfLongtermInvestments' xlink:label='loc_ProceedsFromMaturitiesPrepaymentsAndCallsOfLongtermInvestments' xlink:type='locator' />
    <link:loc xlink:href='../elts/us-gaap-2024.xsd#us-gaap_ProceedsFromSaleMaturityAndCollectionOfLongtermInvestments' xlink:label='loc_ProceedsFromSaleMaturityAndCollectionOfLongtermInvestments' xlink:type='locator' />
    <link:loc xlink:href='../elts/us-gaap-2024.xsd#us-gaap_PaymentsForProceedsFromLongtermInvestments' xlink:label='loc_PaymentsForProceedsFromLongtermInvestments' xlink:type='locator' />
    <link:loc xlink:href='../elts/us-gaap-2024.xsd#us-gaap_ProceedsFromPaymentsForSecuritiesPurchasedUnderAgreementsToResellAbstract' xlink:label='loc_ProceedsFromPaymentsForSecuritiesPurchasedUnderAgreementsToResellAbstract' xlink:type='locator' />
    <link:loc xlink:href='../elts/us-gaap-2024.xsd#us-gaap_ProceedsFromSecuritiesPurchasedUnderAgreementsToResell' xlink:label='loc_ProceedsFromSecuritiesPurchasedUnderAgreementsToResell' xlink:type='locator' />
    <link:loc xlink:href='../elts/us-gaap-2024.xsd#us-gaap_PaymentsForSecuritiesPurchasedUnderAgreementsToResell' xlink:label='loc_PaymentsForSecuritiesPurchasedUnderAgreementsToResell' xlink:type='locator' />
    <link:loc xlink:href='../elts/us-gaap-2024.xsd#us-gaap_ProceedsFromPaymentsForSecuritiesPurchasedUnderAgreementsToResell' xlink:label='loc_ProceedsFromPaymentsForSecuritiesPurchasedUnderAgreementsToResell' xlink:type='locator' />
    <link:loc xlink:href='../elts/us-gaap-2024.xsd#us-gaap_AdditionalCashFlowElementsFinancingActivitiesAbstract' xlink:label='loc_AdditionalCashFlowElementsFinancingActivitiesAbstract' xlink:type='locator' />
    <link:loc xlink:href='../elts/us-gaap-2024.xsd#us-gaap_ProceedsFromRepaymentsOfDebtAbstract' xlink:label='loc_ProceedsFromRepaymentsOfDebtAbstract' xlink:type='locator' />
    <link:loc xlink:href='../elts/us-gaap-2024.xsd#us-gaap_ProceedsFromRepaymentsOfCommercialPaperAbstract' xlink:label='loc_ProceedsFromRepaymentsOfCommercialPaperAbstract' xlink:type='locator' />
    <link:loc xlink:href='../elts/us-gaap-2024.xsd#us-gaap_ProceedsFromIssuanceOfCommercialPaper' xlink:label='loc_ProceedsFromIssuanceOfCommercialPaper' xlink:type='locator' />
    <link:loc xlink:href='../elts/us-gaap-2024.xsd#us-gaap_RepaymentsOfCommercialPaper' xlink:label='loc_RepaymentsOfCommercialPaper' xlink:type='locator' />
    <link:loc xlink:href='../elts/us-gaap-2024.xsd#us-gaap_ProceedsFromRepaymentsOfCommercialPaper' xlink:label='loc_ProceedsFromRepaymentsOfCommercialPaper' xlink:type='locator' />
    <link:loc xlink:href='../elts/us-gaap-2024.xsd#us-gaap_ProceedsFromRepaymentsOfAccountsReceivableSecuritizationAbstract' xlink:label='loc_ProceedsFromRepaymentsOfAccountsReceivableSecuritizationAbstract' xlink:type='locator' />
    <link:loc xlink:href='../elts/us-gaap-2024.xsd#us-gaap_ProceedsFromAccountsReceivableSecuritization' xlink:label='loc_ProceedsFromAccountsReceivableSecuritization' xlink:type='locator' />
    <link:loc xlink:href='../elts/us-gaap-2024.xsd#us-gaap_RepaymentsOfAccountsReceivableSecuritization' xlink:label='loc_RepaymentsOfAccountsReceivableSecuritization' xlink:type='locator' />
    <link:loc xlink:href='../elts/us-gaap-2024.xsd#us-gaap_ProceedsFromRepaymentsOfAccountsReceivableSecuritization' xlink:label='loc_ProceedsFromRepaymentsOfAccountsReceivableSecuritization' xlink:type='locator' />
    <link:loc xlink:href='../elts/us-gaap-2024.xsd#us-gaap_IncreaseDecreaseInBookOverdrafts' xlink:label='loc_IncreaseDecreaseInBookOverdrafts' xlink:type='locator' />
    <link:loc xlink:href='../elts/us-gaap-2024.xsd#us-gaap_ProceedsFromIssuanceOfDebt' xlink:label='loc_ProceedsFromIssuanceOfDebt' xlink:type='locator' />
    <link:loc xlink:href='../elts/us-gaap-2024.xsd#us-gaap_RepaymentsOfLongtermLoansFromVendors' xlink:label='loc_RepaymentsOfLongtermLoansFromVendors' xlink:type='locator' />
    <link:loc xlink:href='../elts/us-gaap-2024.xsd#us-gaap_RepaymentsOfDebt' xlink:label='loc_RepaymentsOfDebt' xlink:type='locator' />
    <link:loc xlink:href='../elts/us-gaap-2024.xsd#us-gaap_RepaymentsOfDebtAndCapitalLeaseObligations' xlink:label='loc_RepaymentsOfDebtAndCapitalLeaseObligations' xlink:type='locator' />
    <link:loc xlink:href='../elts/us-gaap-2024.xsd#us-gaap_ProceedsFromRepaymentsOfDebtAlternativeAbstract' xlink:label='loc_ProceedsFromRepaymentsOfDebtAlternativeAbstract' xlink:type='locator' />
    <link:loc xlink:href='../elts/us-gaap-2024.xsd#us-gaap_ProceedsFromRepaymentsOfShortTermDebtMaturingInThreeMonthsOrLessAlternativeAbstract' xlink:label='loc_ProceedsFromRepaymentsOfShortTermDebtMaturingInThreeMonthsOrLessAlternativeAbstract' xlink:type='locator' />
    <link:loc xlink:href='../elts/us-gaap-2024.xsd#us-gaap_ProceedsFromShortTermDebtMaturingInThreeMonthsOrLess' xlink:label='loc_ProceedsFromShortTermDebtMaturingInThreeMonthsOrLess' xlink:type='locator' />
    <link:loc xlink:href='../elts/us-gaap-2024.xsd#us-gaap_RepaymentsOfShortTermDebtMaturingInThreeMonthsOrLess' xlink:label='loc_RepaymentsOfShortTermDebtMaturingInThreeMonthsOrLess' xlink:type='locator' />
    <link:loc xlink:href='../elts/us-gaap-2024.xsd#us-gaap_ProceedsFromRepaymentsOfShortTermDebtMaturingInThreeMonthsOrLess' xlink:label='loc_ProceedsFromRepaymentsOfShortTermDebtMaturingInThreeMonthsOrLess' xlink:type='locator' />
    <link:loc xlink:href='../elts/us-gaap-2024.xsd#us-gaap_ProceedsFromRepaymentsOfDebtMaturingInMoreThanThreeMonthsAbstract' xlink:label='loc_ProceedsFromRepaymentsOfDebtMaturingInMoreThanThreeMonthsAbstract' xlink:type='locator' />
    <link:loc xlink:href='../elts/us-gaap-2024.xsd#us-gaap_ProceedsFromDebtMaturingInMoreThanThreeMonths' xlink:label='loc_ProceedsFromDebtMaturingInMoreThanThreeMonths' xlink:type='locator' />
    <link:loc xlink:href='../elts/us-gaap-2024.xsd#us-gaap_RepaymentsOfDebtMaturingInMoreThanThreeMonths' xlink:label='loc_RepaymentsOfDebtMaturingInMoreThanThreeMonths' xlink:type='locator' />
    <link:loc xlink:href='../elts/us-gaap-2024.xsd#us-gaap_ProceedsFromRepaymentsOfDebtMaturingInMoreThanThreeMonths' xlink:label='loc_ProceedsFromRepaymentsOfDebtMaturingInMoreThanThreeMonths' xlink:type='locator' />
    <link:loc xlink:href='../elts/us-gaap-2024.xsd#us-gaap_ProceedsFromDebtNetOfIssuanceCosts' xlink:label='loc_ProceedsFromDebtNetOfIssuanceCosts' xlink:type='locator' />
    <link:loc xlink:href='../elts/us-gaap-2024.xsd#us-gaap_IncreaseDecreaseInSecuritiesLendingPayable' xlink:label='loc_IncreaseDecreaseInSecuritiesLendingPayable' xlink:type='locator' />
    <link:loc xlink:href='../elts/us-gaap-2024.xsd#us-gaap_AdditionalCashFlowElementsSummationsAbstract' xlink:label='loc_AdditionalCashFlowElementsSummationsAbstract' xlink:type='locator' />
    <link:loc xlink:href='../elts/us-gaap-2024.xsd#us-gaap_CashIncludingDiscontinuedOperationsAbstract' xlink:label='loc_CashIncludingDiscontinuedOperationsAbstract' xlink:type='locator' />
    <link:loc xlink:href='../elts/us-gaap-2024.xsd#us-gaap_Cash' xlink:label='loc_Cash' xlink:type='locator' />
    <link:loc xlink:href='../elts/us-gaap-2024.xsd#us-gaap_DisposalGroupIncludingDiscontinuedOperationCash' xlink:label='loc_DisposalGroupIncludingDiscontinuedOperationCash' xlink:type='locator' />
    <link:loc xlink:href='../elts/us-gaap-2024.xsd#us-gaap_CashIncludingDiscontinuedOperations' xlink:label='loc_CashIncludingDiscontinuedOperations' xlink:type='locator' />
    <link:loc xlink:href='../elts/us-gaap-2024.xsd#us-gaap_CashAndCashEquivalentsAtCarryingValueIncludingDiscontinuedOperationsAbstract' xlink:label='loc_CashAndCashEquivalentsAtCarryingValueIncludingDiscontinuedOperationsAbstract' xlink:type='locator' />
    <link:loc xlink:href='../elts/us-gaap-2024.xsd#us-gaap_CashAndCashEquivalentsAtCarryingValue' xlink:label='loc_CashAndCashEquivalentsAtCarryingValue' xlink:type='locator' />
    <link:loc xlink:href='../elts/us-gaap-2024.xsd#us-gaap_DisposalGroupIncludingDiscontinuedOperationCashAndCashEquivalents' xlink:label='loc_DisposalGroupIncludingDiscontinuedOperationCashAndCashEquivalents' xlink:type='locator' />
    <link:loc xlink:href='../elts/us-gaap-2024.xsd#us-gaap_CashAndCashEquivalentsAtCarryingValueIncludingDiscontinuedOperations' xlink:label='loc_CashAndCashEquivalentsAtCarryingValueIncludingDiscontinuedOperations' xlink:type='locator' />
    <link:loc xlink:href='../elts/us-gaap-2024.xsd#us-gaap_SupplementalCashFlowInformationAbstract' xlink:label='loc_SupplementalCashFlowInformationAbstract' xlink:type='locator' />
    <link:loc xlink:href='../elts/us-gaap-2024.xsd#us-gaap_SupplementalCashFlowInformationRelatedText' xlink:label='loc_SupplementalCashFlowInformationRelatedText' xlink:type='locator' />
    <link:loc xlink:href='../elts/us-gaap-2024.xsd#us-gaap_InterestPaidAbstract' xlink:label='loc_InterestPaidAbstract' xlink:type='locator' />
    <link:loc xlink:href='../elts/us-gaap-2024.xsd#us-gaap_InterestPaidNet' xlink:label='loc_InterestPaidNet' xlink:type='locator' />
    <link:loc xlink:href='../elts/us-gaap-2024.xsd#us-gaap_InterestPaidCapitalized' xlink:label='loc_InterestPaidCapitalized' xlink:type='locator' />
    <link:loc xlink:href='../elts/us-gaap-2024.xsd#us-gaap_InterestPaid' xlink:label='loc_InterestPaid' xlink:type='locator' />
    <link:loc xlink:href='../elts/us-gaap-2024.xsd#us-gaap_IncomeTaxPaidByIndividualJurisdictionAbstract' xlink:label='loc_IncomeTaxPaidByIndividualJurisdictionAbstract' xlink:type='locator' />
    <link:loc xlink:href='../elts/us-gaap-2024.xsd#us-gaap_IncomeTaxPaidByIndividualJurisdictionTable' xlink:label='loc_IncomeTaxPaidByIndividualJurisdictionTable' xlink:type='locator' />
    <link:loc xlink:href='../elts/us-gaap-2024.xsd#us-gaap_IncomeTaxAuthorityAxis' xlink:label='loc_IncomeTaxAuthorityAxis' xlink:type='locator' />
    <link:loc xlink:href='../elts/us-gaap-2024.xsd#us-gaap_IncomeTaxAuthorityDomain' xlink:label='loc_IncomeTaxAuthorityDomain' xlink:type='locator' />
    <link:loc xlink:href='../elts/us-gaap-2024.xsd#us-gaap_IncomeTaxPaidByIndividualJurisdictionLineItems' xlink:label='loc_IncomeTaxPaidByIndividualJurisdictionLineItems' xlink:type='locator' />
    <link:loc xlink:href='../elts/us-gaap-2024.xsd#us-gaap_IncomeTaxesPaidNetAbstract' xlink:label='loc_IncomeTaxesPaidNetAbstract' xlink:type='locator' />
    <link:loc xlink:href='../elts/us-gaap-2024.xsd#us-gaap_IncomeTaxPaidFederalAfterRefundReceivedAbstract' xlink:label='loc_IncomeTaxPaidFederalAfterRefundReceivedAbstract' xlink:type='locator' />
    <link:loc xlink:href='../elts/us-gaap-2024.xsd#us-gaap_IncomeTaxPaidFederalBeforeRefundReceived' xlink:label='loc_IncomeTaxPaidFederalBeforeRefundReceived' xlink:type='locator' />
    <link:loc xlink:href='../elts/us-gaap-2024.xsd#us-gaap_ProceedsFromIncomeTaxRefundFederal' xlink:label='loc_ProceedsFromIncomeTaxRefundFederal' xlink:type='locator' />
    <link:loc xlink:href='../elts/us-gaap-2024.xsd#us-gaap_IncomeTaxPaidFederalAfterRefundReceived' xlink:label='loc_IncomeTaxPaidFederalAfterRefundReceived' xlink:type='locator' />
    <link:loc xlink:href='../elts/us-gaap-2024.xsd#us-gaap_IncomeTaxPaidStateAndLocalAfterRefundReceivedAbstract' xlink:label='loc_IncomeTaxPaidStateAndLocalAfterRefundReceivedAbstract' xlink:type='locator' />
    <link:loc xlink:href='../elts/us-gaap-2024.xsd#us-gaap_IncomeTaxPaidStateAndLocalBeforeRefundReceived' xlink:label='loc_IncomeTaxPaidStateAndLocalBeforeRefundReceived' xlink:type='locator' />
    <link:loc xlink:href='../elts/us-gaap-2024.xsd#us-gaap_ProceedsFromIncomeTaxRefundStateAndLocal' xlink:label='loc_ProceedsFromIncomeTaxRefundStateAndLocal' xlink:type='locator' />
    <link:loc xlink:href='../elts/us-gaap-2024.xsd#us-gaap_IncomeTaxPaidStateAndLocalAfterRefundReceived' xlink:label='loc_IncomeTaxPaidStateAndLocalAfterRefundReceived' xlink:type='locator' />
    <link:loc xlink:href='../elts/us-gaap-2024.xsd#us-gaap_IncomeTaxPaidAfterRefundReceivedStateAndLocalJurisdictionsExtensibleEnumeration' xlink:label='loc_IncomeTaxPaidAfterRefundReceivedStateAndLocalJurisdictionsExtensibleEnumeration' xlink:type='locator' />
    <link:loc xlink:href='../elts/us-gaap-2024.xsd#us-gaap_IncomeTaxPaidForeignAfterRefundReceivedAbstract' xlink:label='loc_IncomeTaxPaidForeignAfterRefundReceivedAbstract' xlink:type='locator' />
    <link:loc xlink:href='../elts/us-gaap-2024.xsd#us-gaap_IncomeTaxPaidForeignBeforeRefundReceived' xlink:label='loc_IncomeTaxPaidForeignBeforeRefundReceived' xlink:type='locator' />
    <link:loc xlink:href='../elts/us-gaap-2024.xsd#us-gaap_ProceedsFromIncomeTaxRefundForeign' xlink:label='loc_ProceedsFromIncomeTaxRefundForeign' xlink:type='locator' />
    <link:loc xlink:href='../elts/us-gaap-2024.xsd#us-gaap_IncomeTaxPaidForeignAfterRefundReceived' xlink:label='loc_IncomeTaxPaidForeignAfterRefundReceived' xlink:type='locator' />
    <link:loc xlink:href='../elts/us-gaap-2024.xsd#us-gaap_IncomeTaxPaidAfterRefundReceivedForeignJurisdictionExtensibleEnumeration' xlink:label='loc_IncomeTaxPaidAfterRefundReceivedForeignJurisdictionExtensibleEnumeration' xlink:type='locator' />
    <link:loc xlink:href='../elts/us-gaap-2024.xsd#us-gaap_IncomeTaxesPaidNet' xlink:label='loc_IncomeTaxesPaidNet' xlink:type='locator' />
    <link:loc xlink:href='../elts/us-gaap-2024.xsd#us-gaap_IncomeTaxRefundsDiscontinuedOperations' xlink:label='loc_IncomeTaxRefundsDiscontinuedOperations' xlink:type='locator' />
    <link:loc xlink:href='../elts/us-gaap-2024.xsd#us-gaap_InterestPaidDiscontinuedOperations' xlink:label='loc_InterestPaidDiscontinuedOperations' xlink:type='locator' />
    <link:loc xlink:href='../elts/us-gaap-2024.xsd#us-gaap_NoncashInvestingAndFinancingItemsAbstract' xlink:label='loc_NoncashInvestingAndFinancingItemsAbstract' xlink:type='locator' />
    <link:loc xlink:href='../elts/us-gaap-2024.xsd#us-gaap_NoncashInvestingAndFinancingActivitiesRelatedText' xlink:label='loc_NoncashInvestingAndFinancingActivitiesRelatedText' xlink:type='locator' />
    <link:loc xlink:href='../elts/us-gaap-2024.xsd#us-gaap_FairValueOfAssetsAcquired' xlink:label='loc_FairValueOfAssetsAcquired' xlink:type='locator' />
    <link:loc xlink:href='../elts/us-gaap-2024.xsd#us-gaap_DebtIssuanceCostsIncurredDuringNoncashOrPartialNoncashTransaction' xlink:label='loc_DebtIssuanceCostsIncurredDuringNoncashOrPartialNoncashTransaction' xlink:type='locator' />
    <link:loc xlink:href='../elts/us-gaap-2024.xsd#us-gaap_SettlementOfAssetRetirementObligationsThroughNoncashPaymentsAmount' xlink:label='loc_SettlementOfAssetRetirementObligationsThroughNoncashPaymentsAmount' xlink:type='locator' />
    <link:loc xlink:href='../elts/us-gaap-2024.xsd#us-gaap_CapitalLeaseObligationsIncurred' xlink:label='loc_CapitalLeaseObligationsIncurred' xlink:type='locator' />
    <link:loc xlink:href='../elts/us-gaap-2024.xsd#us-gaap_TransferOfOtherRealEstate' xlink:label='loc_TransferOfOtherRealEstate' xlink:type='locator' />
    <link:loc xlink:href='../elts/us-gaap-2024.xsd#us-gaap_TransferToOtherRealEstate' xlink:label='loc_TransferToOtherRealEstate' xlink:type='locator' />
    <link:loc xlink:href='../elts/us-gaap-2024.xsd#us-gaap_TransferOfInvestments' xlink:label='loc_TransferOfInvestments' xlink:type='locator' />
    <link:loc xlink:href='../elts/us-gaap-2024.xsd#us-gaap_TransferToInvestments' xlink:label='loc_TransferToInvestments' xlink:type='locator' />
    <link:loc xlink:href='../elts/us-gaap-2024.xsd#us-gaap_TransferOfPortfolioLoansAndLeasesToHeldForSale1' xlink:label='loc_TransferOfPortfolioLoansAndLeasesToHeldForSale1' xlink:type='locator' />
    <link:loc xlink:href='../elts/us-gaap-2024.xsd#us-gaap_TransferOfLoansHeldForSaleToPortfolioLoans1' xlink:label='loc_TransferOfLoansHeldForSaleToPortfolioLoans1' xlink:type='locator' />
    <link:loc xlink:href='../elts/us-gaap-2024.xsd#us-gaap_NotesReduction' xlink:label='loc_NotesReduction' xlink:type='locator' />
    <link:loc xlink:href='../elts/us-gaap-2024.xsd#us-gaap_NotesIssued1' xlink:label='loc_NotesIssued1' xlink:type='locator' />
    <link:loc xlink:href='../elts/us-gaap-2024.xsd#us-gaap_StockIssued1' xlink:label='loc_StockIssued1' xlink:type='locator' />
    <link:loc xlink:href='../elts/us-gaap-2024.xsd#us-gaap_LiabilitiesAssumed1' xlink:label='loc_LiabilitiesAssumed1' xlink:type='locator' />
    <link:loc xlink:href='../elts/us-gaap-2024.xsd#us-gaap_LineOfCreditAssumed1' xlink:label='loc_LineOfCreditAssumed1' xlink:type='locator' />
    <link:loc xlink:href='../elts/us-gaap-2024.xsd#us-gaap_LoansAssumed1' xlink:label='loc_LoansAssumed1' xlink:type='locator' />
    <link:loc xlink:href='../elts/us-gaap-2024.xsd#us-gaap_NotesAssumed1' xlink:label='loc_NotesAssumed1' xlink:type='locator' />
    <link:loc xlink:href='../elts/us-gaap-2024.xsd#us-gaap_SupplementalDeferredPurchasePrice' xlink:label='loc_SupplementalDeferredPurchasePrice' xlink:type='locator' />
    <link:loc xlink:href='../elts/us-gaap-2024.xsd#us-gaap_EscrowDepositDisbursementsRelatedToPropertyAcquisition1' xlink:label='loc_EscrowDepositDisbursementsRelatedToPropertyAcquisition1' xlink:type='locator' />
    <link:loc xlink:href='../elts/us-gaap-2024.xsd#us-gaap_EscrowDepositsRelatedToPropertySales' xlink:label='loc_EscrowDepositsRelatedToPropertySales' xlink:type='locator' />
    <link:loc xlink:href='../elts/us-gaap-2024.xsd#us-gaap_MortgageLoanRelatedToPropertySales1' xlink:label='loc_MortgageLoanRelatedToPropertySales1' xlink:type='locator' />
    <link:loc xlink:href='../elts/us-gaap-2024.xsd#us-gaap_TransferMortgagePayable' xlink:label='loc_TransferMortgagePayable' xlink:type='locator' />
    <link:loc xlink:href='../elts/us-gaap-2024.xsd#us-gaap_ContributionOfProperty' xlink:label='loc_ContributionOfProperty' xlink:type='locator' />
    <link:loc xlink:href='../elts/us-gaap-2024.xsd#us-gaap_CapitalExpendituresIncurredButNotYetPaid' xlink:label='loc_CapitalExpendituresIncurredButNotYetPaid' xlink:type='locator' />
    <link:loc xlink:href='../elts/us-gaap-2024.xsd#us-gaap_ConstructionInProgressExpendituresIncurredButNotYetPaid' xlink:label='loc_ConstructionInProgressExpendituresIncurredButNotYetPaid' xlink:type='locator' />
    <link:loc xlink:href='../elts/us-gaap-2024.xsd#us-gaap_ConsiderationReceivedForBeneficialInterestObtainedForTransferringFinancialAsset' xlink:label='loc_ConsiderationReceivedForBeneficialInterestObtainedForTransferringFinancialAsset' xlink:type='locator' />
    <link:presentationArc order='10' xlink:arcrole='http://www.xbrl.org/2003/arcrole/parent-child' xlink:from='loc_AdditionalCashFlowElementsAndSupplementalCashFlowInformationAbstract' xlink:to='loc_AdditionalCashFlowElementsAbstract' xlink:type='arc' />
    <link:presentationArc order='10' xlink:arcrole='http://www.xbrl.org/2003/arcrole/parent-child' xlink:from='loc_AdditionalCashFlowElementsAbstract' xlink:to='loc_AdditionalCashFlowElementsOperatingActivitiesAbstract' xlink:type='arc' />
    <link:presentationArc order='10' xlink:arcrole='http://www.xbrl.org/2003/arcrole/parent-child' xlink:from='loc_AdditionalCashFlowElementsOperatingActivitiesAbstract' xlink:to='loc_AdjustmentsNoncashItemsToReconcileNetIncomeLossToCashProvidedByUsedInOperatingActivitiesAbstract' xlink:type='arc' />
    <link:presentationArc order='10' xlink:arcrole='http://www.xbrl.org/2003/arcrole/parent-child' xlink:from='loc_AdjustmentsNoncashItemsToReconcileNetIncomeLossToCashProvidedByUsedInOperatingActivitiesAbstract' xlink:to='loc_GainLossOnInvestmentsAbstract' xlink:type='arc' />
    <link:presentationArc order='10' xlink:arcrole='http://www.xbrl.org/2003/arcrole/parent-child' xlink:from='loc_GainLossOnInvestmentsAbstract' xlink:to='loc_RealizedInvestmentGainsLossesAbstract' xlink:type='arc' />
    <link:presentationArc order='10' xlink:arcrole='http://www.xbrl.org/2003/arcrole/parent-child' xlink:from='loc_RealizedInvestmentGainsLossesAbstract' xlink:to='loc_GainLossOnSecuritizationOfFinancialAssets' xlink:type='arc' />
    <link:presentationArc order='20' xlink:arcrole='http://www.xbrl.org/2003/arcrole/parent-child' xlink:from='loc_RealizedInvestmentGainsLossesAbstract' xlink:to='loc_DebtAndEquitySecuritiesRealizedGainLoss' xlink:type='arc' />
    <link:presentationArc order='30' xlink:arcrole='http://www.xbrl.org/2003/arcrole/parent-child' xlink:from='loc_RealizedInvestmentGainsLossesAbstract' xlink:to='loc_GainOrLossOnSaleOfStockInSubsidiaryOrEquityMethodInvesteeAbstract' xlink:type='arc' />
    <link:presentationArc order='10' xlink:arcrole='http://www.xbrl.org/2003/arcrole/parent-child' xlink:from='loc_GainOrLossOnSaleOfStockInSubsidiaryOrEquityMethodInvesteeAbstract' xlink:to='loc_EquityMethodInvestmentRealizedGainLossOnDisposal' xlink:type='arc' />
    <link:presentationArc order='20' xlink:arcrole='http://www.xbrl.org/2003/arcrole/parent-child' xlink:from='loc_GainOrLossOnSaleOfStockInSubsidiaryOrEquityMethodInvesteeAbstract' xlink:to='loc_GainOrLossOnSaleOfStockInSubsidiary' xlink:type='arc' />
    <link:presentationArc order='30' preferredLabel='http://www.xbrl.org/2003/role/totalLabel' xlink:arcrole='http://www.xbrl.org/2003/arcrole/parent-child' xlink:from='loc_GainOrLossOnSaleOfStockInSubsidiaryOrEquityMethodInvesteeAbstract' xlink:to='loc_GainLossOnSaleOfStockInSubsidiaryOrEquityMethodInvestee' xlink:type='arc' />
    <link:presentationArc order='40' xlink:arcrole='http://www.xbrl.org/2003/arcrole/parent-child' xlink:from='loc_RealizedInvestmentGainsLossesAbstract' xlink:to='loc_GainLossOnSaleOfProperties' xlink:type='arc' />
    <link:presentationArc order='50' xlink:arcrole='http://www.xbrl.org/2003/arcrole/parent-child' xlink:from='loc_RealizedInvestmentGainsLossesAbstract' xlink:to='loc_GainsLossesOnSalesOfInvestmentRealEstate' xlink:type='arc' />
    <link:presentationArc order='60' xlink:arcrole='http://www.xbrl.org/2003/arcrole/parent-child' xlink:from='loc_RealizedInvestmentGainsLossesAbstract' xlink:to='loc_GainLossOnSaleOfOtherInvestments' xlink:type='arc' />
    <link:presentationArc order='70' preferredLabel='http://www.xbrl.org/2003/role/totalLabel' xlink:arcrole='http://www.xbrl.org/2003/arcrole/parent-child' xlink:from='loc_RealizedInvestmentGainsLossesAbstract' xlink:to='loc_RealizedInvestmentGainsLosses' xlink:type='arc' />
    <link:presentationArc order='20' xlink:arcrole='http://www.xbrl.org/2003/arcrole/parent-child' xlink:from='loc_GainLossOnInvestmentsAbstract' xlink:to='loc_UnrealizedGainLossOnInvestments' xlink:type='arc' />
    <link:presentationArc order='30' preferredLabel='http://www.xbrl.org/2003/role/totalLabel' xlink:arcrole='http://www.xbrl.org/2003/arcrole/parent-child' xlink:from='loc_GainLossOnInvestmentsAbstract' xlink:to='loc_GainLossOnInvestments' xlink:type='arc' />
    <link:presentationArc order='20' xlink:arcrole='http://www.xbrl.org/2003/arcrole/parent-child' xlink:from='loc_AdjustmentsNoncashItemsToReconcileNetIncomeLossToCashProvidedByUsedInOperatingActivitiesAbstract' xlink:to='loc_GainLossOnSaleOfDerivatives' xlink:type='arc' />
    <link:presentationArc order='30' xlink:arcrole='http://www.xbrl.org/2003/arcrole/parent-child' xlink:from='loc_AdjustmentsNoncashItemsToReconcileNetIncomeLossToCashProvidedByUsedInOperatingActivitiesAbstract' xlink:to='loc_GainLossOnSaleOfCommodityContracts' xlink:type='arc' />
    <link:presentationArc order='40' xlink:arcrole='http://www.xbrl.org/2003/arcrole/parent-child' xlink:from='loc_AdjustmentsNoncashItemsToReconcileNetIncomeLossToCashProvidedByUsedInOperatingActivitiesAbstract' xlink:to='loc_UnrealizedGainLossOnDerivativesAndCommodityContractsAbstract' xlink:type='arc' />
    <link:presentationArc order='10' xlink:arcrole='http://www.xbrl.org/2003/arcrole/parent-child' xlink:from='loc_UnrealizedGainLossOnDerivativesAndCommodityContractsAbstract' xlink:to='loc_UnrealizedGainLossOnEnergyContracts' xlink:type='arc' />
    <link:presentationArc order='20' xlink:arcrole='http://www.xbrl.org/2003/arcrole/parent-child' xlink:from='loc_UnrealizedGainLossOnDerivativesAndCommodityContractsAbstract' xlink:to='loc_UnrealizedGainLossOnCommodityContracts' xlink:type='arc' />
    <link:presentationArc order='30' xlink:arcrole='http://www.xbrl.org/2003/arcrole/parent-child' xlink:from='loc_UnrealizedGainLossOnDerivativesAndCommodityContractsAbstract' xlink:to='loc_UnrealizedGainLossOnDerivatives' xlink:type='arc' />
    <link:presentationArc order='40' preferredLabel='http://www.xbrl.org/2003/role/totalLabel' xlink:arcrole='http://www.xbrl.org/2003/arcrole/parent-child' xlink:from='loc_UnrealizedGainLossOnDerivativesAndCommodityContractsAbstract' xlink:to='loc_UnrealizedGainLossOnDerivativesAndCommodityContracts' xlink:type='arc' />
    <link:presentationArc order='50' xlink:arcrole='http://www.xbrl.org/2003/arcrole/parent-child' xlink:from='loc_AdjustmentsNoncashItemsToReconcileNetIncomeLossToCashProvidedByUsedInOperatingActivitiesAbstract' xlink:to='loc_ForeignCurrencyTransactionGainLossBeforeTaxAbstract' xlink:type='arc' />
    <link:presentationArc order='10' xlink:arcrole='http://www.xbrl.org/2003/arcrole/parent-child' xlink:from='loc_ForeignCurrencyTransactionGainLossBeforeTaxAbstract' xlink:to='loc_ForeignCurrencyTransactionGainLossUnrealized' xlink:type='arc' />
    <link:presentationArc order='20' xlink:arcrole='http://www.xbrl.org/2003/arcrole/parent-child' xlink:from='loc_ForeignCurrencyTransactionGainLossBeforeTaxAbstract' xlink:to='loc_ForeignCurrencyTransactionGainLossRealized' xlink:type='arc' />
    <link:presentationArc order='30' preferredLabel='http://www.xbrl.org/2003/role/totalLabel' xlink:arcrole='http://www.xbrl.org/2003/arcrole/parent-child' xlink:from='loc_ForeignCurrencyTransactionGainLossBeforeTaxAbstract' xlink:to='loc_ForeignCurrencyTransactionGainLossBeforeTax' xlink:type='arc' />
    <link:presentationArc order='60' xlink:arcrole='http://www.xbrl.org/2003/arcrole/parent-child' xlink:from='loc_AdjustmentsNoncashItemsToReconcileNetIncomeLossToCashProvidedByUsedInOperatingActivitiesAbstract' xlink:to='loc_GainLossOnSalesOfAssetsAndAssetImpairmentCharges' xlink:type='arc' />
    <link:presentationArc order='70' xlink:arcrole='http://www.xbrl.org/2003/arcrole/parent-child' xlink:from='loc_AdjustmentsNoncashItemsToReconcileNetIncomeLossToCashProvidedByUsedInOperatingActivitiesAbstract' xlink:to='loc_AmortizationOfAboveAndBelowMarketLeases' xlink:type='arc' />
    <link:presentationArc order='80' xlink:arcrole='http://www.xbrl.org/2003/arcrole/parent-child' xlink:from='loc_AdjustmentsNoncashItemsToReconcileNetIncomeLossToCashProvidedByUsedInOperatingActivitiesAbstract' xlink:to='loc_DepreciationAndAmortizationDiscontinuedOperations' xlink:type='arc' />
    <link:presentationArc order='90' xlink:arcrole='http://www.xbrl.org/2003/arcrole/parent-child' xlink:from='loc_AdjustmentsNoncashItemsToReconcileNetIncomeLossToCashProvidedByUsedInOperatingActivitiesAbstract' xlink:to='loc_GainLossOnDispositionOfRealEstateDiscontinuedOperations' xlink:type='arc' />
    <link:presentationArc order='100' xlink:arcrole='http://www.xbrl.org/2003/arcrole/parent-child' xlink:from='loc_AdjustmentsNoncashItemsToReconcileNetIncomeLossToCashProvidedByUsedInOperatingActivitiesAbstract' xlink:to='loc_OtherAdjustmentsToIncomeDiscontinuedOperations' xlink:type='arc' />
    <link:presentationArc order='20' xlink:arcrole='http://www.xbrl.org/2003/arcrole/parent-child' xlink:from='loc_AdditionalCashFlowElementsOperatingActivitiesAbstract' xlink:to='loc_IncreaseDecreaseInOperatingCapitalAbstract' xlink:type='arc' />
    <link:presentationArc order='10' xlink:arcrole='http://www.xbrl.org/2003/arcrole/parent-child' xlink:from='loc_IncreaseDecreaseInOperatingCapitalAbstract' xlink:to='loc_IncreaseDecreaseInOperatingAssetsAbstract' xlink:type='arc' />
    <link:presentationArc order='10' xlink:arcrole='http://www.xbrl.org/2003/arcrole/parent-child' xlink:from='loc_IncreaseDecreaseInOperatingAssetsAbstract' xlink:to='loc_IncreaseDecreaseInTradingSecuritiesAbstract' xlink:type='arc' />
    <link:presentationArc order='10' xlink:arcrole='http://www.xbrl.org/2003/arcrole/parent-child' xlink:from='loc_IncreaseDecreaseInTradingSecuritiesAbstract' xlink:to='loc_IncreaseDecreaseInEquitySecuritiesFvNi' xlink:type='arc' />
    <link:presentationArc order='20' xlink:arcrole='http://www.xbrl.org/2003/arcrole/parent-child' xlink:from='loc_IncreaseDecreaseInTradingSecuritiesAbstract' xlink:to='loc_IncreaseDecreaseInDebtSecuritiesTrading' xlink:type='arc' />
    <link:presentationArc order='30' preferredLabel='http://www.xbrl.org/2003/role/totalLabel' xlink:arcrole='http://www.xbrl.org/2003/arcrole/parent-child' xlink:from='loc_IncreaseDecreaseInTradingSecuritiesAbstract' xlink:to='loc_IncreaseDecreaseInTradingSecurities' xlink:type='arc' />
    <link:presentationArc order='20' xlink:arcrole='http://www.xbrl.org/2003/arcrole/parent-child' xlink:from='loc_IncreaseDecreaseInOperatingAssetsAbstract' xlink:to='loc_IncreaseDecreaseInAccountsReceivableAndOtherOperatingAssets' xlink:type='arc' />
    <link:presentationArc order='30' xlink:arcrole='http://www.xbrl.org/2003/arcrole/parent-child' xlink:from='loc_IncreaseDecreaseInOperatingAssetsAbstract' xlink:to='loc_IncreaseDecreaseInInventoriesAndOtherOperatingAssets' xlink:type='arc' />
    <link:presentationArc order='40' xlink:arcrole='http://www.xbrl.org/2003/arcrole/parent-child' xlink:from='loc_IncreaseDecreaseInOperatingAssetsAbstract' xlink:to='loc_IncreaseDecreaseInInventoryForLongTermContractsOrPrograms' xlink:type='arc' />
    <link:presentationArc order='50' xlink:arcrole='http://www.xbrl.org/2003/arcrole/parent-child' xlink:from='loc_IncreaseDecreaseInOperatingAssetsAbstract' xlink:to='loc_IncreaseDecreaseInMaterialsAndSupplies' xlink:type='arc' />
    <link:presentationArc order='60' xlink:arcrole='http://www.xbrl.org/2003/arcrole/parent-child' xlink:from='loc_IncreaseDecreaseInOperatingAssetsAbstract' xlink:to='loc_IncreaseDecreaseInPrepaidTaxes' xlink:type='arc' />
    <link:presentationArc order='70' xlink:arcrole='http://www.xbrl.org/2003/arcrole/parent-child' xlink:from='loc_IncreaseDecreaseInOperatingAssetsAbstract' xlink:to='loc_IncreaseDecreaseInOtherCurrentAssets' xlink:type='arc' />
    <link:presentationArc order='80' xlink:arcrole='http://www.xbrl.org/2003/arcrole/parent-child' xlink:from='loc_IncreaseDecreaseInOperatingAssetsAbstract' xlink:to='loc_IncreaseDecreaseInOtherNoncurrentAssets' xlink:type='arc' />
    <link:presentationArc order='20' xlink:arcrole='http://www.xbrl.org/2003/arcrole/parent-child' xlink:from='loc_IncreaseDecreaseInOperatingCapitalAbstract' xlink:to='loc_IncreaseDecreaseInOperatingLiabilitiesAbstract' xlink:type='arc' />
    <link:presentationArc order='10' xlink:arcrole='http://www.xbrl.org/2003/arcrole/parent-child' xlink:from='loc_IncreaseDecreaseInOperatingLiabilitiesAbstract' xlink:to='loc_IncreaseDecreaseInAccountsPayableAndOtherOperatingLiabilities' xlink:type='arc' />
    <link:presentationArc order='20' xlink:arcrole='http://www.xbrl.org/2003/arcrole/parent-child' xlink:from='loc_IncreaseDecreaseInOperatingLiabilitiesAbstract' xlink:to='loc_IncreaseDecreaseInAccruedLiabilitiesAndOtherOperatingLiabilities' xlink:type='arc' />
    <link:presentationArc order='30' xlink:arcrole='http://www.xbrl.org/2003/arcrole/parent-child' xlink:from='loc_IncreaseDecreaseInOperatingLiabilitiesAbstract' xlink:to='loc_IncreaseDecreaseInIncomeTaxes' xlink:type='arc' />
    <link:presentationArc order='40' xlink:arcrole='http://www.xbrl.org/2003/arcrole/parent-child' xlink:from='loc_IncreaseDecreaseInOperatingLiabilitiesAbstract' xlink:to='loc_IncreaseDecreaseInAccruedTaxesPayable' xlink:type='arc' />
    <link:presentationArc order='50' xlink:arcrole='http://www.xbrl.org/2003/arcrole/parent-child' xlink:from='loc_IncreaseDecreaseInOperatingLiabilitiesAbstract' xlink:to='loc_IncreaseDecreaseInSelfInsuranceReserve' xlink:type='arc' />
    <link:presentationArc order='60' xlink:arcrole='http://www.xbrl.org/2003/arcrole/parent-child' xlink:from='loc_IncreaseDecreaseInOperatingLiabilitiesAbstract' xlink:to='loc_IncreaseDecreaseInFuturePolicyBenefitReservesAndOtherInsuranceLiabilities' xlink:type='arc' />
    <link:presentationArc order='70' xlink:arcrole='http://www.xbrl.org/2003/arcrole/parent-child' xlink:from='loc_IncreaseDecreaseInOperatingLiabilitiesAbstract' xlink:to='loc_IncreaseDecreaseInOptionPremiumContractsPayable' xlink:type='arc' />
    <link:presentationArc order='80' xlink:arcrole='http://www.xbrl.org/2003/arcrole/parent-child' xlink:from='loc_IncreaseDecreaseInOperatingLiabilitiesAbstract' xlink:to='loc_IncreaseDecreaseInOtherCurrentLiabilities' xlink:type='arc' />
    <link:presentationArc order='90' xlink:arcrole='http://www.xbrl.org/2003/arcrole/parent-child' xlink:from='loc_IncreaseDecreaseInOperatingLiabilitiesAbstract' xlink:to='loc_IncreaseDecreaseInOtherNoncurrentLiabilities' xlink:type='arc' />
    <link:presentationArc order='30' xlink:arcrole='http://www.xbrl.org/2003/arcrole/parent-child' xlink:from='loc_IncreaseDecreaseInOperatingCapitalAbstract' xlink:to='loc_IncreaseDecreaseInOtherCurrentAssetsAndLiabilitiesNet' xlink:type='arc' />
    <link:presentationArc order='40' xlink:arcrole='http://www.xbrl.org/2003/arcrole/parent-child' xlink:from='loc_IncreaseDecreaseInOperatingCapitalAbstract' xlink:to='loc_IncreaseDecreaseInOtherNoncurrentAssetsAndLiabilitiesNet' xlink:type='arc' />
    <link:presentationArc order='20' xlink:arcrole='http://www.xbrl.org/2003/arcrole/parent-child' xlink:from='loc_AdditionalCashFlowElementsAbstract' xlink:to='loc_AdditionalCashFlowElementsInvestingActivitiesAbstract' xlink:type='arc' />
    <link:presentationArc order='10' xlink:arcrole='http://www.xbrl.org/2003/arcrole/parent-child' xlink:from='loc_AdditionalCashFlowElementsInvestingActivitiesAbstract' xlink:to='loc_ProceedsFromInvestingActivitiesAbstract' xlink:type='arc' />
    <link:presentationArc order='10' xlink:arcrole='http://www.xbrl.org/2003/arcrole/parent-child' xlink:from='loc_ProceedsFromInvestingActivitiesAbstract' xlink:to='loc_ProceedsFromSaleAndMaturityOfTradingSecuritiesHeldforinvestmentAbstract' xlink:type='arc' />
    <link:presentationArc order='10' xlink:arcrole='http://www.xbrl.org/2003/arcrole/parent-child' xlink:from='loc_ProceedsFromSaleAndMaturityOfTradingSecuritiesHeldforinvestmentAbstract' xlink:to='loc_ProceedsFromSaleOfTradingSecuritiesHeldforinvestment' xlink:type='arc' />
    <link:presentationArc order='20' xlink:arcrole='http://www.xbrl.org/2003/arcrole/parent-child' xlink:from='loc_ProceedsFromSaleAndMaturityOfTradingSecuritiesHeldforinvestmentAbstract' xlink:to='loc_ProceedsFromMaturitiesRepaymentsAndCallsOfTradingSecuritiesHeldforinvestment' xlink:type='arc' />
    <link:presentationArc order='30' preferredLabel='http://www.xbrl.org/2003/role/totalLabel' xlink:arcrole='http://www.xbrl.org/2003/arcrole/parent-child' xlink:from='loc_ProceedsFromSaleAndMaturityOfTradingSecuritiesHeldforinvestmentAbstract' xlink:to='loc_ProceedsFromSaleAndMaturityOfTradingSecuritiesHeldforinvestment' xlink:type='arc' />
    <link:presentationArc order='20' xlink:arcrole='http://www.xbrl.org/2003/arcrole/parent-child' xlink:from='loc_ProceedsFromInvestingActivitiesAbstract' xlink:to='loc_ProceedsFromSaleAndCollectionOfFinanceReceivablesAbstract' xlink:type='arc' />
    <link:presentationArc order='10' xlink:arcrole='http://www.xbrl.org/2003/arcrole/parent-child' xlink:from='loc_ProceedsFromSaleAndCollectionOfFinanceReceivablesAbstract' xlink:to='loc_ProceedsFromSaleOfFinanceReceivables' xlink:type='arc' />
    <link:presentationArc order='20' xlink:arcrole='http://www.xbrl.org/2003/arcrole/parent-child' xlink:from='loc_ProceedsFromSaleAndCollectionOfFinanceReceivablesAbstract' xlink:to='loc_ProceedsFromCollectionOfFinanceReceivables' xlink:type='arc' />
    <link:presentationArc order='30' preferredLabel='http://www.xbrl.org/2003/role/totalLabel' xlink:arcrole='http://www.xbrl.org/2003/arcrole/parent-child' xlink:from='loc_ProceedsFromSaleAndCollectionOfFinanceReceivablesAbstract' xlink:to='loc_ProceedsFromSaleAndCollectionOfFinanceReceivables' xlink:type='arc' />
    <link:presentationArc order='30' xlink:arcrole='http://www.xbrl.org/2003/arcrole/parent-child' xlink:from='loc_ProceedsFromInvestingActivitiesAbstract' xlink:to='loc_ProceedsFromSalesOfAssetsInvestingActivities' xlink:type='arc' />
    <link:presentationArc order='40' xlink:arcrole='http://www.xbrl.org/2003/arcrole/parent-child' xlink:from='loc_ProceedsFromInvestingActivitiesAbstract' xlink:to='loc_ProceedsFromSalesOfBusinessAffiliateAndProductiveAssets' xlink:type='arc' />
    <link:presentationArc order='50' xlink:arcrole='http://www.xbrl.org/2003/arcrole/parent-child' xlink:from='loc_ProceedsFromInvestingActivitiesAbstract' xlink:to='loc_ProceedsFromRealEstateAndRealEstateJointVentures' xlink:type='arc' />
    <link:presentationArc order='20' xlink:arcrole='http://www.xbrl.org/2003/arcrole/parent-child' xlink:from='loc_AdditionalCashFlowElementsInvestingActivitiesAbstract' xlink:to='loc_PaymentsForInvestingActivitiesAbstract' xlink:type='arc' />
    <link:presentationArc order='10' xlink:arcrole='http://www.xbrl.org/2003/arcrole/parent-child' xlink:from='loc_PaymentsForInvestingActivitiesAbstract' xlink:to='loc_PaymentsToAcquireTradingSecuritiesHeldforinvestment' xlink:type='arc' />
    <link:presentationArc order='20' xlink:arcrole='http://www.xbrl.org/2003/arcrole/parent-child' xlink:from='loc_PaymentsForInvestingActivitiesAbstract' xlink:to='loc_PaymentsToAcquireRealEstateAndRealEstateJointVentures' xlink:type='arc' />
    <link:presentationArc order='30' xlink:arcrole='http://www.xbrl.org/2003/arcrole/parent-child' xlink:from='loc_PaymentsForInvestingActivitiesAbstract' xlink:to='loc_PaymentsToAcquireBusinessTwoNetOfCashAcquired' xlink:type='arc' />
    <link:presentationArc order='40' xlink:arcrole='http://www.xbrl.org/2003/arcrole/parent-child' xlink:from='loc_PaymentsForInvestingActivitiesAbstract' xlink:to='loc_PaymentsToAcquireBusinessThreeNetOfCashAcquired' xlink:type='arc' />
    <link:presentationArc order='50' xlink:arcrole='http://www.xbrl.org/2003/arcrole/parent-child' xlink:from='loc_PaymentsForInvestingActivitiesAbstract' xlink:to='loc_PaymentsToAcquireAssetsInvestingActivities' xlink:type='arc' />
    <link:presentationArc order='60' xlink:arcrole='http://www.xbrl.org/2003/arcrole/parent-child' xlink:from='loc_PaymentsForInvestingActivitiesAbstract' xlink:to='loc_PaymentsForLeasingCostsCommissionsAndTenantImprovementsAbstract' xlink:type='arc' />
    <link:presentationArc order='10' xlink:arcrole='http://www.xbrl.org/2003/arcrole/parent-child' xlink:from='loc_PaymentsForLeasingCostsCommissionsAndTenantImprovementsAbstract' xlink:to='loc_PaymentsForLeasingCosts' xlink:type='arc' />
    <link:presentationArc order='20' xlink:arcrole='http://www.xbrl.org/2003/arcrole/parent-child' xlink:from='loc_PaymentsForLeasingCostsCommissionsAndTenantImprovementsAbstract' xlink:to='loc_PaymentsForTenantImprovements' xlink:type='arc' />
    <link:presentationArc order='30' xlink:arcrole='http://www.xbrl.org/2003/arcrole/parent-child' xlink:from='loc_PaymentsForLeasingCostsCommissionsAndTenantImprovementsAbstract' xlink:to='loc_PaymentsForLeaseCommissions' xlink:type='arc' />
    <link:presentationArc order='40' preferredLabel='http://www.xbrl.org/2003/role/totalLabel' xlink:arcrole='http://www.xbrl.org/2003/arcrole/parent-child' xlink:from='loc_PaymentsForLeasingCostsCommissionsAndTenantImprovementsAbstract' xlink:to='loc_PaymentsForLeasingCostsCommissionsAndTenantImprovements' xlink:type='arc' />
    <link:presentationArc order='30' xlink:arcrole='http://www.xbrl.org/2003/arcrole/parent-child' xlink:from='loc_AdditionalCashFlowElementsInvestingActivitiesAbstract' xlink:to='loc_CashAcquiredInExcessOfPaymentsToAcquireBusiness' xlink:type='arc' />
    <link:presentationArc order='40' xlink:arcrole='http://www.xbrl.org/2003/arcrole/parent-child' xlink:from='loc_AdditionalCashFlowElementsInvestingActivitiesAbstract' xlink:to='loc_PaymentsForProceedsFromPolicyLoans' xlink:type='arc' />
    <link:presentationArc order='50' xlink:arcrole='http://www.xbrl.org/2003/arcrole/parent-child' xlink:from='loc_AdditionalCashFlowElementsInvestingActivitiesAbstract' xlink:to='loc_IncreaseDecreaseInLeaseAcquisitionCosts' xlink:type='arc' />
    <link:presentationArc order='60' xlink:arcrole='http://www.xbrl.org/2003/arcrole/parent-child' xlink:from='loc_AdditionalCashFlowElementsInvestingActivitiesAbstract' xlink:to='loc_IncreaseDecreaseInCollateralHeldUnderSecuritiesLending' xlink:type='arc' />
    <link:presentationArc order='70' xlink:arcrole='http://www.xbrl.org/2003/arcrole/parent-child' xlink:from='loc_AdditionalCashFlowElementsInvestingActivitiesAbstract' xlink:to='loc_PaymentsForProceedsFromInvestmentsAlternativeAbstract' xlink:type='arc' />
    <link:presentationArc order='10' xlink:arcrole='http://www.xbrl.org/2003/arcrole/parent-child' xlink:from='loc_PaymentsForProceedsFromInvestmentsAlternativeAbstract' xlink:to='loc_PaymentsForProceedsFromShortTermInvestmentsAlternativeAbstract' xlink:type='arc' />
    <link:presentationArc order='10' xlink:arcrole='http://www.xbrl.org/2003/arcrole/parent-child' xlink:from='loc_PaymentsForProceedsFromShortTermInvestmentsAlternativeAbstract' xlink:to='loc_PaymentsToAcquireShortTermInvestments' xlink:type='arc' />
    <link:presentationArc order='20' xlink:arcrole='http://www.xbrl.org/2003/arcrole/parent-child' xlink:from='loc_PaymentsForProceedsFromShortTermInvestmentsAlternativeAbstract' xlink:to='loc_ProceedsFromSaleMaturityAndCollectionOfShorttermInvestmentsAbstract' xlink:type='arc' />
    <link:presentationArc order='10' xlink:arcrole='http://www.xbrl.org/2003/arcrole/parent-child' xlink:from='loc_ProceedsFromSaleMaturityAndCollectionOfShorttermInvestmentsAbstract' xlink:to='loc_ProceedsFromSaleOfShortTermInvestments' xlink:type='arc' />
    <link:presentationArc order='20' xlink:arcrole='http://www.xbrl.org/2003/arcrole/parent-child' xlink:from='loc_ProceedsFromSaleMaturityAndCollectionOfShorttermInvestmentsAbstract' xlink:to='loc_ProceedsFromMaturitiesPrepaymentsAndCallsOfShorttermInvestments' xlink:type='arc' />
    <link:presentationArc order='30' preferredLabel='http://www.xbrl.org/2003/role/totalLabel' xlink:arcrole='http://www.xbrl.org/2003/arcrole/parent-child' xlink:from='loc_ProceedsFromSaleMaturityAndCollectionOfShorttermInvestmentsAbstract' xlink:to='loc_ProceedsFromSaleMaturityAndCollectionOfShorttermInvestments' xlink:type='arc' />
    <link:presentationArc order='30' preferredLabel='http://www.xbrl.org/2003/role/totalLabel' xlink:arcrole='http://www.xbrl.org/2003/arcrole/parent-child' xlink:from='loc_PaymentsForProceedsFromShortTermInvestmentsAlternativeAbstract' xlink:to='loc_PaymentsForProceedsFromShortTermInvestments' xlink:type='arc' />
    <link:presentationArc order='20' xlink:arcrole='http://www.xbrl.org/2003/arcrole/parent-child' xlink:from='loc_PaymentsForProceedsFromInvestmentsAlternativeAbstract' xlink:to='loc_PaymentsForProceedsFromLongtermInvestmentsAbstract' xlink:type='arc' />
    <link:presentationArc order='10' xlink:arcrole='http://www.xbrl.org/2003/arcrole/parent-child' xlink:from='loc_PaymentsForProceedsFromLongtermInvestmentsAbstract' xlink:to='loc_PaymentsToAcquireLongtermInvestments' xlink:type='arc' />
    <link:presentationArc order='20' xlink:arcrole='http://www.xbrl.org/2003/arcrole/parent-child' xlink:from='loc_PaymentsForProceedsFromLongtermInvestmentsAbstract' xlink:to='loc_ProceedsFromSaleMaturityAndCollectionOfLongtermInvestmentsAbstract' xlink:type='arc' />
    <link:presentationArc order='10' xlink:arcrole='http://www.xbrl.org/2003/arcrole/parent-child' xlink:from='loc_ProceedsFromSaleMaturityAndCollectionOfLongtermInvestmentsAbstract' xlink:to='loc_ProceedsFromSaleOfLongtermInvestments' xlink:type='arc' />
    <link:presentationArc order='20' xlink:arcrole='http://www.xbrl.org/2003/arcrole/parent-child' xlink:from='loc_ProceedsFromSaleMaturityAndCollectionOfLongtermInvestmentsAbstract' xlink:to='loc_ProceedsFromMaturitiesPrepaymentsAndCallsOfLongtermInvestments' xlink:type='arc' />
    <link:presentationArc order='30' preferredLabel='http://www.xbrl.org/2003/role/totalLabel' xlink:arcrole='http://www.xbrl.org/2003/arcrole/parent-child' xlink:from='loc_ProceedsFromSaleMaturityAndCollectionOfLongtermInvestmentsAbstract' xlink:to='loc_ProceedsFromSaleMaturityAndCollectionOfLongtermInvestments' xlink:type='arc' />
    <link:presentationArc order='30' preferredLabel='http://www.xbrl.org/2003/role/totalLabel' xlink:arcrole='http://www.xbrl.org/2003/arcrole/parent-child' xlink:from='loc_PaymentsForProceedsFromLongtermInvestmentsAbstract' xlink:to='loc_PaymentsForProceedsFromLongtermInvestments' xlink:type='arc' />
    <link:presentationArc order='80' xlink:arcrole='http://www.xbrl.org/2003/arcrole/parent-child' xlink:from='loc_AdditionalCashFlowElementsInvestingActivitiesAbstract' xlink:to='loc_ProceedsFromPaymentsForSecuritiesPurchasedUnderAgreementsToResellAbstract' xlink:type='arc' />
    <link:presentationArc order='10' xlink:arcrole='http://www.xbrl.org/2003/arcrole/parent-child' xlink:from='loc_ProceedsFromPaymentsForSecuritiesPurchasedUnderAgreementsToResellAbstract' xlink:to='loc_ProceedsFromSecuritiesPurchasedUnderAgreementsToResell' xlink:type='arc' />
    <link:presentationArc order='20' xlink:arcrole='http://www.xbrl.org/2003/arcrole/parent-child' xlink:from='loc_ProceedsFromPaymentsForSecuritiesPurchasedUnderAgreementsToResellAbstract' xlink:to='loc_PaymentsForSecuritiesPurchasedUnderAgreementsToResell' xlink:type='arc' />
    <link:presentationArc order='30' preferredLabel='http://www.xbrl.org/2003/role/totalLabel' xlink:arcrole='http://www.xbrl.org/2003/arcrole/parent-child' xlink:from='loc_ProceedsFromPaymentsForSecuritiesPurchasedUnderAgreementsToResellAbstract' xlink:to='loc_ProceedsFromPaymentsForSecuritiesPurchasedUnderAgreementsToResell' xlink:type='arc' />
    <link:presentationArc order='30' xlink:arcrole='http://www.xbrl.org/2003/arcrole/parent-child' xlink:from='loc_AdditionalCashFlowElementsAbstract' xlink:to='loc_AdditionalCashFlowElementsFinancingActivitiesAbstract' xlink:type='arc' />
    <link:presentationArc order='10' xlink:arcrole='http://www.xbrl.org/2003/arcrole/parent-child' xlink:from='loc_AdditionalCashFlowElementsFinancingActivitiesAbstract' xlink:to='loc_ProceedsFromRepaymentsOfDebtAbstract' xlink:type='arc' />
    <link:presentationArc order='10' xlink:arcrole='http://www.xbrl.org/2003/arcrole/parent-child' xlink:from='loc_ProceedsFromRepaymentsOfDebtAbstract' xlink:to='loc_ProceedsFromRepaymentsOfCommercialPaperAbstract' xlink:type='arc' />
    <link:presentationArc order='10' xlink:arcrole='http://www.xbrl.org/2003/arcrole/parent-child' xlink:from='loc_ProceedsFromRepaymentsOfCommercialPaperAbstract' xlink:to='loc_ProceedsFromIssuanceOfCommercialPaper' xlink:type='arc' />
    <link:presentationArc order='20' xlink:arcrole='http://www.xbrl.org/2003/arcrole/parent-child' xlink:from='loc_ProceedsFromRepaymentsOfCommercialPaperAbstract' xlink:to='loc_RepaymentsOfCommercialPaper' xlink:type='arc' />
    <link:presentationArc order='30' preferredLabel='http://www.xbrl.org/2003/role/totalLabel' xlink:arcrole='http://www.xbrl.org/2003/arcrole/parent-child' xlink:from='loc_ProceedsFromRepaymentsOfCommercialPaperAbstract' xlink:to='loc_ProceedsFromRepaymentsOfCommercialPaper' xlink:type='arc' />
    <link:presentationArc order='20' xlink:arcrole='http://www.xbrl.org/2003/arcrole/parent-child' xlink:from='loc_ProceedsFromRepaymentsOfDebtAbstract' xlink:to='loc_ProceedsFromRepaymentsOfAccountsReceivableSecuritizationAbstract' xlink:type='arc' />
    <link:presentationArc order='10' xlink:arcrole='http://www.xbrl.org/2003/arcrole/parent-child' xlink:from='loc_ProceedsFromRepaymentsOfAccountsReceivableSecuritizationAbstract' xlink:to='loc_ProceedsFromAccountsReceivableSecuritization' xlink:type='arc' />
    <link:presentationArc order='20' xlink:arcrole='http://www.xbrl.org/2003/arcrole/parent-child' xlink:from='loc_ProceedsFromRepaymentsOfAccountsReceivableSecuritizationAbstract' xlink:to='loc_RepaymentsOfAccountsReceivableSecuritization' xlink:type='arc' />
    <link:presentationArc order='30' preferredLabel='http://www.xbrl.org/2003/role/totalLabel' xlink:arcrole='http://www.xbrl.org/2003/arcrole/parent-child' xlink:from='loc_ProceedsFromRepaymentsOfAccountsReceivableSecuritizationAbstract' xlink:to='loc_ProceedsFromRepaymentsOfAccountsReceivableSecuritization' xlink:type='arc' />
    <link:presentationArc order='30' xlink:arcrole='http://www.xbrl.org/2003/arcrole/parent-child' xlink:from='loc_ProceedsFromRepaymentsOfDebtAbstract' xlink:to='loc_IncreaseDecreaseInBookOverdrafts' xlink:type='arc' />
    <link:presentationArc order='40' xlink:arcrole='http://www.xbrl.org/2003/arcrole/parent-child' xlink:from='loc_ProceedsFromRepaymentsOfDebtAbstract' xlink:to='loc_ProceedsFromIssuanceOfDebt' xlink:type='arc' />
    <link:presentationArc order='50' xlink:arcrole='http://www.xbrl.org/2003/arcrole/parent-child' xlink:from='loc_ProceedsFromRepaymentsOfDebtAbstract' xlink:to='loc_RepaymentsOfLongtermLoansFromVendors' xlink:type='arc' />
    <link:presentationArc order='60' xlink:arcrole='http://www.xbrl.org/2003/arcrole/parent-child' xlink:from='loc_ProceedsFromRepaymentsOfDebtAbstract' xlink:to='loc_RepaymentsOfDebt' xlink:type='arc' />
    <link:presentationArc order='70' xlink:arcrole='http://www.xbrl.org/2003/arcrole/parent-child' xlink:from='loc_ProceedsFromRepaymentsOfDebtAbstract' xlink:to='loc_RepaymentsOfDebtAndCapitalLeaseObligations' xlink:type='arc' />
    <link:presentationArc order='20' xlink:arcrole='http://www.xbrl.org/2003/arcrole/parent-child' xlink:from='loc_AdditionalCashFlowElementsFinancingActivitiesAbstract' xlink:to='loc_ProceedsFromRepaymentsOfDebtAlternativeAbstract' xlink:type='arc' />
    <link:presentationArc order='10' xlink:arcrole='http://www.xbrl.org/2003/arcrole/parent-child' xlink:from='loc_ProceedsFromRepaymentsOfDebtAlternativeAbstract' xlink:to='loc_ProceedsFromRepaymentsOfShortTermDebtMaturingInThreeMonthsOrLessAlternativeAbstract' xlink:type='arc' />
    <link:presentationArc order='10' xlink:arcrole='http://www.xbrl.org/2003/arcrole/parent-child' xlink:from='loc_ProceedsFromRepaymentsOfShortTermDebtMaturingInThreeMonthsOrLessAlternativeAbstract' xlink:to='loc_ProceedsFromShortTermDebtMaturingInThreeMonthsOrLess' xlink:type='arc' />
    <link:presentationArc order='20' xlink:arcrole='http://www.xbrl.org/2003/arcrole/parent-child' xlink:from='loc_ProceedsFromRepaymentsOfShortTermDebtMaturingInThreeMonthsOrLessAlternativeAbstract' xlink:to='loc_RepaymentsOfShortTermDebtMaturingInThreeMonthsOrLess' xlink:type='arc' />
    <link:presentationArc order='30' preferredLabel='http://www.xbrl.org/2003/role/totalLabel' xlink:arcrole='http://www.xbrl.org/2003/arcrole/parent-child' xlink:from='loc_ProceedsFromRepaymentsOfShortTermDebtMaturingInThreeMonthsOrLessAlternativeAbstract' xlink:to='loc_ProceedsFromRepaymentsOfShortTermDebtMaturingInThreeMonthsOrLess' xlink:type='arc' />
    <link:presentationArc order='20' xlink:arcrole='http://www.xbrl.org/2003/arcrole/parent-child' xlink:from='loc_ProceedsFromRepaymentsOfDebtAlternativeAbstract' xlink:to='loc_ProceedsFromRepaymentsOfDebtMaturingInMoreThanThreeMonthsAbstract' xlink:type='arc' />
    <link:presentationArc order='10' xlink:arcrole='http://www.xbrl.org/2003/arcrole/parent-child' xlink:from='loc_ProceedsFromRepaymentsOfDebtMaturingInMoreThanThreeMonthsAbstract' xlink:to='loc_ProceedsFromDebtMaturingInMoreThanThreeMonths' xlink:type='arc' />
    <link:presentationArc order='20' xlink:arcrole='http://www.xbrl.org/2003/arcrole/parent-child' xlink:from='loc_ProceedsFromRepaymentsOfDebtMaturingInMoreThanThreeMonthsAbstract' xlink:to='loc_RepaymentsOfDebtMaturingInMoreThanThreeMonths' xlink:type='arc' />
    <link:presentationArc order='30' preferredLabel='http://www.xbrl.org/2003/role/totalLabel' xlink:arcrole='http://www.xbrl.org/2003/arcrole/parent-child' xlink:from='loc_ProceedsFromRepaymentsOfDebtMaturingInMoreThanThreeMonthsAbstract' xlink:to='loc_ProceedsFromRepaymentsOfDebtMaturingInMoreThanThreeMonths' xlink:type='arc' />
    <link:presentationArc order='30' xlink:arcrole='http://www.xbrl.org/2003/arcrole/parent-child' xlink:from='loc_AdditionalCashFlowElementsFinancingActivitiesAbstract' xlink:to='loc_ProceedsFromDebtNetOfIssuanceCosts' xlink:type='arc' />
    <link:presentationArc order='40' xlink:arcrole='http://www.xbrl.org/2003/arcrole/parent-child' xlink:from='loc_AdditionalCashFlowElementsFinancingActivitiesAbstract' xlink:to='loc_IncreaseDecreaseInSecuritiesLendingPayable' xlink:type='arc' />
    <link:presentationArc order='40' xlink:arcrole='http://www.xbrl.org/2003/arcrole/parent-child' xlink:from='loc_AdditionalCashFlowElementsAbstract' xlink:to='loc_AdditionalCashFlowElementsSummationsAbstract' xlink:type='arc' />
    <link:presentationArc order='10' xlink:arcrole='http://www.xbrl.org/2003/arcrole/parent-child' xlink:from='loc_AdditionalCashFlowElementsSummationsAbstract' xlink:to='loc_CashIncludingDiscontinuedOperationsAbstract' xlink:type='arc' />
    <link:presentationArc order='10' xlink:arcrole='http://www.xbrl.org/2003/arcrole/parent-child' xlink:from='loc_CashIncludingDiscontinuedOperationsAbstract' xlink:to='loc_Cash' xlink:type='arc' />
    <link:presentationArc order='20' xlink:arcrole='http://www.xbrl.org/2003/arcrole/parent-child' xlink:from='loc_CashIncludingDiscontinuedOperationsAbstract' xlink:to='loc_DisposalGroupIncludingDiscontinuedOperationCash' xlink:type='arc' />
    <link:presentationArc order='30' preferredLabel='http://www.xbrl.org/2003/role/totalLabel' xlink:arcrole='http://www.xbrl.org/2003/arcrole/parent-child' xlink:from='loc_CashIncludingDiscontinuedOperationsAbstract' xlink:to='loc_CashIncludingDiscontinuedOperations' xlink:type='arc' />
    <link:presentationArc order='20' xlink:arcrole='http://www.xbrl.org/2003/arcrole/parent-child' xlink:from='loc_AdditionalCashFlowElementsSummationsAbstract' xlink:to='loc_CashAndCashEquivalentsAtCarryingValueIncludingDiscontinuedOperationsAbstract' xlink:type='arc' />
    <link:presentationArc order='10' xlink:arcrole='http://www.xbrl.org/2003/arcrole/parent-child' xlink:from='loc_CashAndCashEquivalentsAtCarryingValueIncludingDiscontinuedOperationsAbstract' xlink:to='loc_CashAndCashEquivalentsAtCarryingValue' xlink:type='arc' />
    <link:presentationArc order='20' xlink:arcrole='http://www.xbrl.org/2003/arcrole/parent-child' xlink:from='loc_CashAndCashEquivalentsAtCarryingValueIncludingDiscontinuedOperationsAbstract' xlink:to='loc_DisposalGroupIncludingDiscontinuedOperationCashAndCashEquivalents' xlink:type='arc' />
    <link:presentationArc order='30' preferredLabel='http://www.xbrl.org/2003/role/totalLabel' xlink:arcrole='http://www.xbrl.org/2003/arcrole/parent-child' xlink:from='loc_CashAndCashEquivalentsAtCarryingValueIncludingDiscontinuedOperationsAbstract' xlink:to='loc_CashAndCashEquivalentsAtCarryingValueIncludingDiscontinuedOperations' xlink:type='arc' />
    <link:presentationArc order='20' xlink:arcrole='http://www.xbrl.org/2003/arcrole/parent-child' xlink:from='loc_AdditionalCashFlowElementsAndSupplementalCashFlowInformationAbstract' xlink:to='loc_SupplementalCashFlowInformationAbstract' xlink:type='arc' />
    <link:presentationArc order='10' xlink:arcrole='http://www.xbrl.org/2003/arcrole/parent-child' xlink:from='loc_SupplementalCashFlowInformationAbstract' xlink:to='loc_SupplementalCashFlowInformationRelatedText' xlink:type='arc' />
    <link:presentationArc order='20' xlink:arcrole='http://www.xbrl.org/2003/arcrole/parent-child' xlink:from='loc_SupplementalCashFlowInformationAbstract' xlink:to='loc_InterestPaidAbstract' xlink:type='arc' />
    <link:presentationArc order='10' xlink:arcrole='http://www.xbrl.org/2003/arcrole/parent-child' xlink:from='loc_InterestPaidAbstract' xlink:to='loc_InterestPaidNet' xlink:type='arc' />
    <link:presentationArc order='20' xlink:arcrole='http://www.xbrl.org/2003/arcrole/parent-child' xlink:from='loc_InterestPaidAbstract' xlink:to='loc_InterestPaidCapitalized' xlink:type='arc' />
    <link:presentationArc order='30' preferredLabel='http://www.xbrl.org/2003/role/totalLabel' xlink:arcrole='http://www.xbrl.org/2003/arcrole/parent-child' xlink:from='loc_InterestPaidAbstract' xlink:to='loc_InterestPaid' xlink:type='arc' />
    <link:presentationArc order='30' xlink:arcrole='http://www.xbrl.org/2003/arcrole/parent-child' xlink:from='loc_SupplementalCashFlowInformationAbstract' xlink:to='loc_IncomeTaxPaidByIndividualJurisdictionAbstract' xlink:type='arc' />
    <link:presentationArc order='10' xlink:arcrole='http://www.xbrl.org/2003/arcrole/parent-child' xlink:from='loc_IncomeTaxPaidByIndividualJurisdictionAbstract' xlink:to='loc_IncomeTaxPaidByIndividualJurisdictionTable' xlink:type='arc' />
    <link:presentationArc order='10' xlink:arcrole='http://www.xbrl.org/2003/arcrole/parent-child' xlink:from='loc_IncomeTaxPaidByIndividualJurisdictionTable' xlink:to='loc_IncomeTaxAuthorityAxis' xlink:type='arc' />
    <link:presentationArc order='10' xlink:arcrole='http://www.xbrl.org/2003/arcrole/parent-child' xlink:from='loc_IncomeTaxAuthorityAxis' xlink:to='loc_IncomeTaxAuthorityDomain' xlink:type='arc' />
    <link:presentationArc order='20' xlink:arcrole='http://www.xbrl.org/2003/arcrole/parent-child' xlink:from='loc_IncomeTaxPaidByIndividualJurisdictionTable' xlink:to='loc_IncomeTaxPaidByIndividualJurisdictionLineItems' xlink:type='arc' />
    <link:presentationArc order='10' xlink:arcrole='http://www.xbrl.org/2003/arcrole/parent-child' xlink:from='loc_IncomeTaxPaidByIndividualJurisdictionLineItems' xlink:to='loc_IncomeTaxesPaidNetAbstract' xlink:type='arc' />
    <link:presentationArc order='10' xlink:arcrole='http://www.xbrl.org/2003/arcrole/parent-child' xlink:from='loc_IncomeTaxesPaidNetAbstract' xlink:to='loc_IncomeTaxPaidFederalAfterRefundReceivedAbstract' xlink:type='arc' />
    <link:presentationArc order='10' xlink:arcrole='http://www.xbrl.org/2003/arcrole/parent-child' xlink:from='loc_IncomeTaxPaidFederalAfterRefundReceivedAbstract' xlink:to='loc_IncomeTaxPaidFederalBeforeRefundReceived' xlink:type='arc' />
    <link:presentationArc order='20' xlink:arcrole='http://www.xbrl.org/2003/arcrole/parent-child' xlink:from='loc_IncomeTaxPaidFederalAfterRefundReceivedAbstract' xlink:to='loc_ProceedsFromIncomeTaxRefundFederal' xlink:type='arc' />
    <link:presentationArc order='30' preferredLabel='http://www.xbrl.org/2003/role/totalLabel' xlink:arcrole='http://www.xbrl.org/2003/arcrole/parent-child' xlink:from='loc_IncomeTaxPaidFederalAfterRefundReceivedAbstract' xlink:to='loc_IncomeTaxPaidFederalAfterRefundReceived' xlink:type='arc' />
    <link:presentationArc order='20' xlink:arcrole='http://www.xbrl.org/2003/arcrole/parent-child' xlink:from='loc_IncomeTaxesPaidNetAbstract' xlink:to='loc_IncomeTaxPaidStateAndLocalAfterRefundReceivedAbstract' xlink:type='arc' />
    <link:presentationArc order='10' xlink:arcrole='http://www.xbrl.org/2003/arcrole/parent-child' xlink:from='loc_IncomeTaxPaidStateAndLocalAfterRefundReceivedAbstract' xlink:to='loc_IncomeTaxPaidStateAndLocalBeforeRefundReceived' xlink:type='arc' />
    <link:presentationArc order='20' xlink:arcrole='http://www.xbrl.org/2003/arcrole/parent-child' xlink:from='loc_IncomeTaxPaidStateAndLocalAfterRefundReceivedAbstract' xlink:to='loc_ProceedsFromIncomeTaxRefundStateAndLocal' xlink:type='arc' />
    <link:presentationArc order='30' preferredLabel='http://www.xbrl.org/2003/role/totalLabel' xlink:arcrole='http://www.xbrl.org/2003/arcrole/parent-child' xlink:from='loc_IncomeTaxPaidStateAndLocalAfterRefundReceivedAbstract' xlink:to='loc_IncomeTaxPaidStateAndLocalAfterRefundReceived' xlink:type='arc' />
    <link:presentationArc order='10' xlink:arcrole='http://www.xbrl.org/2003/arcrole/parent-child' xlink:from='loc_IncomeTaxPaidStateAndLocalAfterRefundReceived' xlink:to='loc_IncomeTaxPaidAfterRefundReceivedStateAndLocalJurisdictionsExtensibleEnumeration' xlink:type='arc' />
    <link:presentationArc order='30' xlink:arcrole='http://www.xbrl.org/2003/arcrole/parent-child' xlink:from='loc_IncomeTaxesPaidNetAbstract' xlink:to='loc_IncomeTaxPaidForeignAfterRefundReceivedAbstract' xlink:type='arc' />
    <link:presentationArc order='10' xlink:arcrole='http://www.xbrl.org/2003/arcrole/parent-child' xlink:from='loc_IncomeTaxPaidForeignAfterRefundReceivedAbstract' xlink:to='loc_IncomeTaxPaidForeignBeforeRefundReceived' xlink:type='arc' />
    <link:presentationArc order='20' xlink:arcrole='http://www.xbrl.org/2003/arcrole/parent-child' xlink:from='loc_IncomeTaxPaidForeignAfterRefundReceivedAbstract' xlink:to='loc_ProceedsFromIncomeTaxRefundForeign' xlink:type='arc' />
    <link:presentationArc order='30' preferredLabel='http://www.xbrl.org/2003/role/totalLabel' xlink:arcrole='http://www.xbrl.org/2003/arcrole/parent-child' xlink:from='loc_IncomeTaxPaidForeignAfterRefundReceivedAbstract' xlink:to='loc_IncomeTaxPaidForeignAfterRefundReceived' xlink:type='arc' />
    <link:presentationArc order='10' xlink:arcrole='http://www.xbrl.org/2003/arcrole/parent-child' xlink:from='loc_IncomeTaxPaidForeignAfterRefundReceived' xlink:to='loc_IncomeTaxPaidAfterRefundReceivedForeignJurisdictionExtensibleEnumeration' xlink:type='arc' />
    <link:presentationArc order='40' preferredLabel='http://www.xbrl.org/2003/role/totalLabel' xlink:arcrole='http://www.xbrl.org/2003/arcrole/parent-child' xlink:from='loc_IncomeTaxesPaidNetAbstract' xlink:to='loc_IncomeTaxesPaidNet' xlink:type='arc' />
    <link:presentationArc order='40' xlink:arcrole='http://www.xbrl.org/2003/arcrole/parent-child' xlink:from='loc_SupplementalCashFlowInformationAbstract' xlink:to='loc_IncomeTaxRefundsDiscontinuedOperations' xlink:type='arc' />
    <link:presentationArc order='50' xlink:arcrole='http://www.xbrl.org/2003/arcrole/parent-child' xlink:from='loc_SupplementalCashFlowInformationAbstract' xlink:to='loc_InterestPaidDiscontinuedOperations' xlink:type='arc' />
    <link:presentationArc order='30' xlink:arcrole='http://www.xbrl.org/2003/arcrole/parent-child' xlink:from='loc_AdditionalCashFlowElementsAndSupplementalCashFlowInformationAbstract' xlink:to='loc_NoncashInvestingAndFinancingItemsAbstract' xlink:type='arc' />
    <link:presentationArc order='10' xlink:arcrole='http://www.xbrl.org/2003/arcrole/parent-child' xlink:from='loc_NoncashInvestingAndFinancingItemsAbstract' xlink:to='loc_NoncashInvestingAndFinancingActivitiesRelatedText' xlink:type='arc' />
    <link:presentationArc order='20' xlink:arcrole='http://www.xbrl.org/2003/arcrole/parent-child' xlink:from='loc_NoncashInvestingAndFinancingItemsAbstract' xlink:to='loc_FairValueOfAssetsAcquired' xlink:type='arc' />
    <link:presentationArc order='30' xlink:arcrole='http://www.xbrl.org/2003/arcrole/parent-child' xlink:from='loc_NoncashInvestingAndFinancingItemsAbstract' xlink:to='loc_DebtIssuanceCostsIncurredDuringNoncashOrPartialNoncashTransaction' xlink:type='arc' />
    <link:presentationArc order='40' xlink:arcrole='http://www.xbrl.org/2003/arcrole/parent-child' xlink:from='loc_NoncashInvestingAndFinancingItemsAbstract' xlink:to='loc_SettlementOfAssetRetirementObligationsThroughNoncashPaymentsAmount' xlink:type='arc' />
    <link:presentationArc order='50' xlink:arcrole='http://www.xbrl.org/2003/arcrole/parent-child' xlink:from='loc_NoncashInvestingAndFinancingItemsAbstract' xlink:to='loc_CapitalLeaseObligationsIncurred' xlink:type='arc' />
    <link:presentationArc order='60' xlink:arcrole='http://www.xbrl.org/2003/arcrole/parent-child' xlink:from='loc_NoncashInvestingAndFinancingItemsAbstract' xlink:to='loc_TransferOfOtherRealEstate' xlink:type='arc' />
    <link:presentationArc order='70' xlink:arcrole='http://www.xbrl.org/2003/arcrole/parent-child' xlink:from='loc_NoncashInvestingAndFinancingItemsAbstract' xlink:to='loc_TransferToOtherRealEstate' xlink:type='arc' />
    <link:presentationArc order='80' xlink:arcrole='http://www.xbrl.org/2003/arcrole/parent-child' xlink:from='loc_NoncashInvestingAndFinancingItemsAbstract' xlink:to='loc_TransferOfInvestments' xlink:type='arc' />
    <link:presentationArc order='90' xlink:arcrole='http://www.xbrl.org/2003/arcrole/parent-child' xlink:from='loc_NoncashInvestingAndFinancingItemsAbstract' xlink:to='loc_TransferToInvestments' xlink:type='arc' />
    <link:presentationArc order='100' xlink:arcrole='http://www.xbrl.org/2003/arcrole/parent-child' xlink:from='loc_NoncashInvestingAndFinancingItemsAbstract' xlink:to='loc_TransferOfPortfolioLoansAndLeasesToHeldForSale1' xlink:type='arc' />
    <link:presentationArc order='110' xlink:arcrole='http://www.xbrl.org/2003/arcrole/parent-child' xlink:from='loc_NoncashInvestingAndFinancingItemsAbstract' xlink:to='loc_TransferOfLoansHeldForSaleToPortfolioLoans1' xlink:type='arc' />
    <link:presentationArc order='120' xlink:arcrole='http://www.xbrl.org/2003/arcrole/parent-child' xlink:from='loc_NoncashInvestingAndFinancingItemsAbstract' xlink:to='loc_NotesReduction' xlink:type='arc' />
    <link:presentationArc order='130' xlink:arcrole='http://www.xbrl.org/2003/arcrole/parent-child' xlink:from='loc_NoncashInvestingAndFinancingItemsAbstract' xlink:to='loc_NotesIssued1' xlink:type='arc' />
    <link:presentationArc order='140' xlink:arcrole='http://www.xbrl.org/2003/arcrole/parent-child' xlink:from='loc_NoncashInvestingAndFinancingItemsAbstract' xlink:to='loc_StockIssued1' xlink:type='arc' />
    <link:presentationArc order='150' xlink:arcrole='http://www.xbrl.org/2003/arcrole/parent-child' xlink:from='loc_NoncashInvestingAndFinancingItemsAbstract' xlink:to='loc_LiabilitiesAssumed1' xlink:type='arc' />
    <link:presentationArc order='160' xlink:arcrole='http://www.xbrl.org/2003/arcrole/parent-child' xlink:from='loc_NoncashInvestingAndFinancingItemsAbstract' xlink:to='loc_LineOfCreditAssumed1' xlink:type='arc' />
    <link:presentationArc order='170' xlink:arcrole='http://www.xbrl.org/2003/arcrole/parent-child' xlink:from='loc_NoncashInvestingAndFinancingItemsAbstract' xlink:to='loc_LoansAssumed1' xlink:type='arc' />
    <link:presentationArc order='180' xlink:arcrole='http://www.xbrl.org/2003/arcrole/parent-child' xlink:from='loc_NoncashInvestingAndFinancingItemsAbstract' xlink:to='loc_NotesAssumed1' xlink:type='arc' />
    <link:presentationArc order='190' xlink:arcrole='http://www.xbrl.org/2003/arcrole/parent-child' xlink:from='loc_NoncashInvestingAndFinancingItemsAbstract' xlink:to='loc_SupplementalDeferredPurchasePrice' xlink:type='arc' />
    <link:presentationArc order='200' xlink:arcrole='http://www.xbrl.org/2003/arcrole/parent-child' xlink:from='loc_NoncashInvestingAndFinancingItemsAbstract' xlink:to='loc_EscrowDepositDisbursementsRelatedToPropertyAcquisition1' xlink:type='arc' />
    <link:presentationArc order='210' xlink:arcrole='http://www.xbrl.org/2003/arcrole/parent-child' xlink:from='loc_NoncashInvestingAndFinancingItemsAbstract' xlink:to='loc_EscrowDepositsRelatedToPropertySales' xlink:type='arc' />
    <link:presentationArc order='220' xlink:arcrole='http://www.xbrl.org/2003/arcrole/parent-child' xlink:from='loc_NoncashInvestingAndFinancingItemsAbstract' xlink:to='loc_MortgageLoanRelatedToPropertySales1' xlink:type='arc' />
    <link:presentationArc order='230' xlink:arcrole='http://www.xbrl.org/2003/arcrole/parent-child' xlink:from='loc_NoncashInvestingAndFinancingItemsAbstract' xlink:to='loc_TransferMortgagePayable' xlink:type='arc' />
    <link:presentationArc order='240' xlink:arcrole='http://www.xbrl.org/2003/arcrole/parent-child' xlink:from='loc_NoncashInvestingAndFinancingItemsAbstract' xlink:to='loc_ContributionOfProperty' xlink:type='arc' />
    <link:presentationArc order='250' xlink:arcrole='http://www.xbrl.org/2003/arcrole/parent-child' xlink:from='loc_NoncashInvestingAndFinancingItemsAbstract' xlink:to='loc_CapitalExpendituresIncurredButNotYetPaid' xlink:type='arc' />
    <link:presentationArc order='260' xlink:arcrole='http://www.xbrl.org/2003/arcrole/parent-child' xlink:from='loc_NoncashInvestingAndFinancingItemsAbstract' xlink:to='loc_ConstructionInProgressExpendituresIncurredButNotYetPaid' xlink:type='arc' />
    <link:presentationArc order='270' xlink:arcrole='http://www.xbrl.org/2003/arcrole/parent-child' xlink:from='loc_NoncashInvestingAndFinancingItemsAbstract' xlink:to='loc_ConsiderationReceivedForBeneficialInterestObtainedForTransferringFinancialAsset' xlink:type='arc' />
  </link:presentationLink>
</link:linkbase>
