<?xml version='1.0' encoding='UTF-8'?>

<!--
(c) 2010-2024 Financial Accounting Foundation; (c) 2007-2010 XBRL US, Inc.  All Rights Reserved.
Notice: Authorized Uses are Set Forth at https://xbrl.fasb.org/terms/TaxonomiesTermsConditions.html
  -->
<link:linkbase xmlns:link='http://www.xbrl.org/2003/linkbase' xmlns:xlink='http://www.w3.org/1999/xlink' xmlns:xsi='http://www.w3.org/2001/XMLSchema-instance' xsi:schemaLocation='http://www.xbrl.org/2003/linkbase http://www.xbrl.org/2003/xbrl-linkbase-2003-12-31.xsd'>  <link:arcroleRef arcroleURI='https://xbrl.org/2023/arcrole/summation-item' xlink:href='https://www.xbrl.org/2023/calculation-1.1.xsd#summation-item' xlink:type='simple'/>
  <link:roleRef roleURI='http://fasb.org/us-gaap/role/statement/StatementOfFinancialPositionUnclassified-DepositBasedOperationsFirstAlternate' xlink:href='../elts/us-roles-2024.xsd#sfp-dbo1' xlink:type='simple' />
  <link:calculationLink xlink:role='http://fasb.org/us-gaap/role/statement/StatementOfFinancialPositionUnclassified-DepositBasedOperationsFirstAlternate' xlink:type='extended'>
    <link:loc xlink:href='../elts/us-gaap-2024.xsd#us-gaap_LongTermDebt' xlink:label='loc_LongTermDebt' xlink:type='locator' />
    <link:loc xlink:href='../elts/us-gaap-2024.xsd#us-gaap_LongTermDebtMaturitiesRepaymentsOfPrincipalInNextTwelveMonths' xlink:label='loc_LongTermDebtMaturitiesRepaymentsOfPrincipalInNextTwelveMonths' xlink:type='locator' />
    <link:loc xlink:href='../elts/us-gaap-2024.xsd#us-gaap_LongTermDebtMaturingInYearsTwoAndThree' xlink:label='loc_LongTermDebtMaturingInYearsTwoAndThree' xlink:type='locator' />
    <link:loc xlink:href='../elts/us-gaap-2024.xsd#us-gaap_LongTermDebtMaturitiesRepaymentsOfPrincipalInYearTwo' xlink:label='loc_LongTermDebtMaturitiesRepaymentsOfPrincipalInYearTwo' xlink:type='locator' />
    <link:loc xlink:href='../elts/us-gaap-2024.xsd#us-gaap_LongTermDebtMaturitiesRepaymentsOfPrincipalInYearThree' xlink:label='loc_LongTermDebtMaturitiesRepaymentsOfPrincipalInYearThree' xlink:type='locator' />
    <link:loc xlink:href='../elts/us-gaap-2024.xsd#us-gaap_LongTermDebtMaturingInYearsFourAndFive' xlink:label='loc_LongTermDebtMaturingInYearsFourAndFive' xlink:type='locator' />
    <link:loc xlink:href='../elts/us-gaap-2024.xsd#us-gaap_LongTermDebtMaturitiesRepaymentsOfPrincipalInYearFour' xlink:label='loc_LongTermDebtMaturitiesRepaymentsOfPrincipalInYearFour' xlink:type='locator' />
    <link:loc xlink:href='../elts/us-gaap-2024.xsd#us-gaap_LongTermDebtMaturitiesRepaymentsOfPrincipalInYearFive' xlink:label='loc_LongTermDebtMaturitiesRepaymentsOfPrincipalInYearFive' xlink:type='locator' />
    <link:loc xlink:href='../elts/us-gaap-2024.xsd#us-gaap_LongTermDebtMaturitiesRepaymentsOfPrincipalAfterYearFive' xlink:label='loc_LongTermDebtMaturitiesRepaymentsOfPrincipalAfterYearFive' xlink:type='locator' />
    <link:loc xlink:href='../elts/us-gaap-2024.xsd#us-gaap_LoansPayable' xlink:label='loc_LoansPayable' xlink:type='locator' />
    <link:loc xlink:href='../elts/us-gaap-2024.xsd#us-gaap_LoansPayableCurrent' xlink:label='loc_LoansPayableCurrent' xlink:type='locator' />
    <link:loc xlink:href='../elts/us-gaap-2024.xsd#us-gaap_LongTermLoansPayable' xlink:label='loc_LongTermLoansPayable' xlink:type='locator' />
    <link:loc xlink:href='../elts/us-gaap-2024.xsd#us-gaap_NotesAndLoansPayable' xlink:label='loc_NotesAndLoansPayable' xlink:type='locator' />
    <link:loc xlink:href='../elts/us-gaap-2024.xsd#us-gaap_NotesAndLoansPayableCurrent' xlink:label='loc_NotesAndLoansPayableCurrent' xlink:type='locator' />
    <link:loc xlink:href='../elts/us-gaap-2024.xsd#us-gaap_LongTermNotesAndLoans' xlink:label='loc_LongTermNotesAndLoans' xlink:type='locator' />
    <link:loc xlink:href='../elts/us-gaap-2024.xsd#us-gaap_NotesPayable' xlink:label='loc_NotesPayable' xlink:type='locator' />
    <link:loc xlink:href='../elts/us-gaap-2024.xsd#us-gaap_NotesPayableCurrent' xlink:label='loc_NotesPayableCurrent' xlink:type='locator' />
    <link:loc xlink:href='../elts/us-gaap-2024.xsd#us-gaap_LongTermNotesPayable' xlink:label='loc_LongTermNotesPayable' xlink:type='locator' />
    <link:loc xlink:href='../elts/us-gaap-2024.xsd#us-gaap_AccountsReceivableNet' xlink:label='loc_AccountsReceivableNet' xlink:type='locator' />
    <link:loc xlink:href='../elts/us-gaap-2024.xsd#us-gaap_AccountsReceivableGross' xlink:label='loc_AccountsReceivableGross' xlink:type='locator' />
    <link:loc xlink:href='../elts/us-gaap-2024.xsd#us-gaap_AllowanceForDoubtfulAccountsReceivable' xlink:label='loc_AllowanceForDoubtfulAccountsReceivable' xlink:type='locator' />
    <link:loc xlink:href='../elts/us-gaap-2024.xsd#us-gaap_Deposits' xlink:label='loc_Deposits' xlink:type='locator' />
    <link:loc xlink:href='../elts/us-gaap-2024.xsd#us-gaap_NoninterestBearingDepositLiabilities' xlink:label='loc_NoninterestBearingDepositLiabilities' xlink:type='locator' />
    <link:loc xlink:href='../elts/us-gaap-2024.xsd#us-gaap_NoninterestBearingDepositLiabilitiesDomestic' xlink:label='loc_NoninterestBearingDepositLiabilitiesDomestic' xlink:type='locator' />
    <link:loc xlink:href='../elts/us-gaap-2024.xsd#us-gaap_NoninterestBearingDomesticDepositBrokered' xlink:label='loc_NoninterestBearingDomesticDepositBrokered' xlink:type='locator' />
    <link:loc xlink:href='../elts/us-gaap-2024.xsd#us-gaap_NoninterestBearingDomesticDepositRetail' xlink:label='loc_NoninterestBearingDomesticDepositRetail' xlink:type='locator' />
    <link:loc xlink:href='../elts/us-gaap-2024.xsd#us-gaap_NoninterestBearingDomesticDepositDemand' xlink:label='loc_NoninterestBearingDomesticDepositDemand' xlink:type='locator' />
    <link:loc xlink:href='../elts/us-gaap-2024.xsd#us-gaap_NoninterestBearingDomesticDepositChecking' xlink:label='loc_NoninterestBearingDomesticDepositChecking' xlink:type='locator' />
    <link:loc xlink:href='../elts/us-gaap-2024.xsd#us-gaap_NoninterestbearingDomesticDepositOther' xlink:label='loc_NoninterestbearingDomesticDepositOther' xlink:type='locator' />
    <link:loc xlink:href='../elts/us-gaap-2024.xsd#us-gaap_NoninterestBearingDepositLiabilitiesForeign' xlink:label='loc_NoninterestBearingDepositLiabilitiesForeign' xlink:type='locator' />
    <link:loc xlink:href='../elts/us-gaap-2024.xsd#us-gaap_InterestBearingDepositLiabilities' xlink:label='loc_InterestBearingDepositLiabilities' xlink:type='locator' />
    <link:loc xlink:href='../elts/us-gaap-2024.xsd#us-gaap_InterestBearingDepositLiabilitiesDomestic' xlink:label='loc_InterestBearingDepositLiabilitiesDomestic' xlink:type='locator' />
    <link:loc xlink:href='../elts/us-gaap-2024.xsd#us-gaap_InterestBearingDomesticDepositBrokered' xlink:label='loc_InterestBearingDomesticDepositBrokered' xlink:type='locator' />
    <link:loc xlink:href='../elts/us-gaap-2024.xsd#us-gaap_InterestBearingDomesticDepositRetail' xlink:label='loc_InterestBearingDomesticDepositRetail' xlink:type='locator' />
    <link:loc xlink:href='../elts/us-gaap-2024.xsd#us-gaap_InterestBearingDomesticDepositDemand' xlink:label='loc_InterestBearingDomesticDepositDemand' xlink:type='locator' />
    <link:loc xlink:href='../elts/us-gaap-2024.xsd#us-gaap_InterestBearingDomesticDepositChecking' xlink:label='loc_InterestBearingDomesticDepositChecking' xlink:type='locator' />
    <link:loc xlink:href='../elts/us-gaap-2024.xsd#us-gaap_InterestBearingDomesticDepositNegotiableOrderOfWithdrawalNOW' xlink:label='loc_InterestBearingDomesticDepositNegotiableOrderOfWithdrawalNOW' xlink:type='locator' />
    <link:loc xlink:href='../elts/us-gaap-2024.xsd#us-gaap_InterestBearingDomesticDepositMoneyMarket' xlink:label='loc_InterestBearingDomesticDepositMoneyMarket' xlink:type='locator' />
    <link:loc xlink:href='../elts/us-gaap-2024.xsd#us-gaap_InterestBearingDomesticDepositSavings' xlink:label='loc_InterestBearingDomesticDepositSavings' xlink:type='locator' />
    <link:loc xlink:href='../elts/us-gaap-2024.xsd#us-gaap_InterestBearingDomesticDepositTimeDeposits' xlink:label='loc_InterestBearingDomesticDepositTimeDeposits' xlink:type='locator' />
    <link:loc xlink:href='../elts/us-gaap-2024.xsd#us-gaap_InterestBearingDomesticDepositCertificatesOfDeposits' xlink:label='loc_InterestBearingDomesticDepositCertificatesOfDeposits' xlink:type='locator' />
    <link:loc xlink:href='../elts/us-gaap-2024.xsd#us-gaap_InterestBearingDomesticDepositOtherTimeDeposit' xlink:label='loc_InterestBearingDomesticDepositOtherTimeDeposit' xlink:type='locator' />
    <link:loc xlink:href='../elts/us-gaap-2024.xsd#us-gaap_InterestbearingDomesticDepositOther' xlink:label='loc_InterestbearingDomesticDepositOther' xlink:type='locator' />
    <link:loc xlink:href='../elts/us-gaap-2024.xsd#us-gaap_InterestBearingDepositLiabilitiesForeign' xlink:label='loc_InterestBearingDepositLiabilitiesForeign' xlink:type='locator' />
    <link:loc xlink:href='../elts/us-gaap-2024.xsd#us-gaap_InterestBearingForeignDepositBrokered' xlink:label='loc_InterestBearingForeignDepositBrokered' xlink:type='locator' />
    <link:loc xlink:href='../elts/us-gaap-2024.xsd#us-gaap_InterestBearingForeignDepositRetail' xlink:label='loc_InterestBearingForeignDepositRetail' xlink:type='locator' />
    <link:loc xlink:href='../elts/us-gaap-2024.xsd#us-gaap_InterestBearingForeignDepositDemand' xlink:label='loc_InterestBearingForeignDepositDemand' xlink:type='locator' />
    <link:loc xlink:href='../elts/us-gaap-2024.xsd#us-gaap_InterestBearingForeignDepositChecking' xlink:label='loc_InterestBearingForeignDepositChecking' xlink:type='locator' />
    <link:loc xlink:href='../elts/us-gaap-2024.xsd#us-gaap_InterestBearingForeignDepositNegotiableOrderOfWithdrawalNOW' xlink:label='loc_InterestBearingForeignDepositNegotiableOrderOfWithdrawalNOW' xlink:type='locator' />
    <link:loc xlink:href='../elts/us-gaap-2024.xsd#us-gaap_InterestBearingForeignDepositMoneyMarket' xlink:label='loc_InterestBearingForeignDepositMoneyMarket' xlink:type='locator' />
    <link:loc xlink:href='../elts/us-gaap-2024.xsd#us-gaap_InterestBearingForeignDepositSavings' xlink:label='loc_InterestBearingForeignDepositSavings' xlink:type='locator' />
    <link:loc xlink:href='../elts/us-gaap-2024.xsd#us-gaap_InterestBearingForeignDepositTimeDeposits' xlink:label='loc_InterestBearingForeignDepositTimeDeposits' xlink:type='locator' />
    <link:loc xlink:href='../elts/us-gaap-2024.xsd#us-gaap_InterestBearingForeignDepositCertificatesOfDeposits' xlink:label='loc_InterestBearingForeignDepositCertificatesOfDeposits' xlink:type='locator' />
    <link:loc xlink:href='../elts/us-gaap-2024.xsd#us-gaap_InterestBearingForeignDepositOtherTimeDeposits' xlink:label='loc_InterestBearingForeignDepositOtherTimeDeposits' xlink:type='locator' />
    <link:loc xlink:href='../elts/us-gaap-2024.xsd#us-gaap_DeferredPolicyAcquisitionCostsAndValueOfBusinessAcquired' xlink:label='loc_DeferredPolicyAcquisitionCostsAndValueOfBusinessAcquired' xlink:type='locator' />
    <link:loc xlink:href='../elts/us-gaap-2024.xsd#us-gaap_DeferredPolicyAcquisitionCosts' xlink:label='loc_DeferredPolicyAcquisitionCosts' xlink:type='locator' />
    <link:loc xlink:href='../elts/us-gaap-2024.xsd#us-gaap_ValueOfBusinessAcquiredVOBA' xlink:label='loc_ValueOfBusinessAcquiredVOBA' xlink:type='locator' />
    <link:loc xlink:href='../elts/us-gaap-2024.xsd#us-gaap_FederalFundsPurchasedAndSecuritiesSoldUnderAgreementsToRepurchase' xlink:label='loc_FederalFundsPurchasedAndSecuritiesSoldUnderAgreementsToRepurchase' xlink:type='locator' />
    <link:loc xlink:href='../elts/us-gaap-2024.xsd#us-gaap_FederalFundsPurchased' xlink:label='loc_FederalFundsPurchased' xlink:type='locator' />
    <link:loc xlink:href='../elts/us-gaap-2024.xsd#us-gaap_SecuritiesSoldUnderAgreementsToRepurchase' xlink:label='loc_SecuritiesSoldUnderAgreementsToRepurchase' xlink:type='locator' />
    <link:loc xlink:href='../elts/us-gaap-2024.xsd#us-gaap_FederalFundsSoldAndSecuritiesPurchasedUnderAgreementsToResell' xlink:label='loc_FederalFundsSoldAndSecuritiesPurchasedUnderAgreementsToResell' xlink:type='locator' />
    <link:loc xlink:href='../elts/us-gaap-2024.xsd#us-gaap_FederalFundsSold' xlink:label='loc_FederalFundsSold' xlink:type='locator' />
    <link:loc xlink:href='../elts/us-gaap-2024.xsd#us-gaap_SecuritiesPurchasedUnderAgreementsToResell' xlink:label='loc_SecuritiesPurchasedUnderAgreementsToResell' xlink:type='locator' />
    <link:loc xlink:href='../elts/us-gaap-2024.xsd#us-gaap_AccrualForEnvironmentalLossContingencies' xlink:label='loc_AccrualForEnvironmentalLossContingencies' xlink:type='locator' />
    <link:loc xlink:href='../elts/us-gaap-2024.xsd#us-gaap_AccruedEnvironmentalLossContingenciesCurrent' xlink:label='loc_AccruedEnvironmentalLossContingenciesCurrent' xlink:type='locator' />
    <link:loc xlink:href='../elts/us-gaap-2024.xsd#us-gaap_AccruedEnvironmentalLossContingenciesNoncurrent' xlink:label='loc_AccruedEnvironmentalLossContingenciesNoncurrent' xlink:type='locator' />
    <link:loc xlink:href='../elts/us-gaap-2024.xsd#us-gaap_ProductWarrantyAccrual' xlink:label='loc_ProductWarrantyAccrual' xlink:type='locator' />
    <link:loc xlink:href='../elts/us-gaap-2024.xsd#us-gaap_ProductWarrantyAccrualClassifiedCurrent' xlink:label='loc_ProductWarrantyAccrualClassifiedCurrent' xlink:type='locator' />
    <link:loc xlink:href='../elts/us-gaap-2024.xsd#us-gaap_ProductWarrantyAccrualNoncurrent' xlink:label='loc_ProductWarrantyAccrualNoncurrent' xlink:type='locator' />
    <link:loc xlink:href='../elts/us-gaap-2024.xsd#us-gaap_DeferredTaxAssetsOperatingLossCarryforwards' xlink:label='loc_DeferredTaxAssetsOperatingLossCarryforwards' xlink:type='locator' />
    <link:loc xlink:href='../elts/us-gaap-2024.xsd#us-gaap_DeferredTaxAssetsOperatingLossCarryforwardsSubjectToExpiration' xlink:label='loc_DeferredTaxAssetsOperatingLossCarryforwardsSubjectToExpiration' xlink:type='locator' />
    <link:loc xlink:href='../elts/us-gaap-2024.xsd#us-gaap_DeferredTaxAssetsOperatingLossCarryforwardsNotSubjectToExpiration' xlink:label='loc_DeferredTaxAssetsOperatingLossCarryforwardsNotSubjectToExpiration' xlink:type='locator' />
    <link:loc xlink:href='../elts/us-gaap-2024.xsd#us-gaap_InvestmentsAndCash' xlink:label='loc_InvestmentsAndCash' xlink:type='locator' />
    <link:loc xlink:href='../elts/us-gaap-2024.xsd#us-gaap_Investments' xlink:label='loc_Investments' xlink:type='locator' />
    <link:loc xlink:href='../elts/us-gaap-2024.xsd#us-gaap_CashAndCashEquivalentsAtCarryingValue' xlink:label='loc_CashAndCashEquivalentsAtCarryingValue' xlink:type='locator' />
    <link:loc xlink:href='../elts/us-gaap-2024.xsd#us-gaap_RecordedThirdPartyEnvironmentalRecoveriesNet' xlink:label='loc_RecordedThirdPartyEnvironmentalRecoveriesNet' xlink:type='locator' />
    <link:loc xlink:href='../elts/us-gaap-2024.xsd#us-gaap_RecordedThirdPartyEnvironmentalRecoveriesCurrent' xlink:label='loc_RecordedThirdPartyEnvironmentalRecoveriesCurrent' xlink:type='locator' />
    <link:loc xlink:href='../elts/us-gaap-2024.xsd#us-gaap_RecordedThirdPartyEnvironmentalRecoveriesNoncurrent' xlink:label='loc_RecordedThirdPartyEnvironmentalRecoveriesNoncurrent' xlink:type='locator' />
    <link:loc xlink:href='../elts/us-gaap-2024.xsd#us-gaap_AssetsOfDisposalGroupIncludingDiscontinuedOperation' xlink:label='loc_AssetsOfDisposalGroupIncludingDiscontinuedOperation' xlink:type='locator' />
    <link:loc xlink:href='../elts/us-gaap-2024.xsd#us-gaap_AssetsOfDisposalGroupIncludingDiscontinuedOperationCurrent' xlink:label='loc_AssetsOfDisposalGroupIncludingDiscontinuedOperationCurrent' xlink:type='locator' />
    <link:loc xlink:href='../elts/us-gaap-2024.xsd#us-gaap_DisposalGroupIncludingDiscontinuedOperationAssetsNoncurrent' xlink:label='loc_DisposalGroupIncludingDiscontinuedOperationAssetsNoncurrent' xlink:type='locator' />
    <link:loc xlink:href='../elts/us-gaap-2024.xsd#us-gaap_OtherBorrowings' xlink:label='loc_OtherBorrowings' xlink:type='locator' />
    <link:loc xlink:href='../elts/us-gaap-2024.xsd#us-gaap_OtherLongTermDebt' xlink:label='loc_OtherLongTermDebt' xlink:type='locator' />
    <link:loc xlink:href='../elts/us-gaap-2024.xsd#us-gaap_OtherLongTermNotesPayable' xlink:label='loc_OtherLongTermNotesPayable' xlink:type='locator' />
    <link:loc xlink:href='../elts/us-gaap-2024.xsd#us-gaap_OtherLoansPayableLongTerm' xlink:label='loc_OtherLoansPayableLongTerm' xlink:type='locator' />
    <link:loc xlink:href='../elts/us-gaap-2024.xsd#us-gaap_OtherShortTermBorrowings' xlink:label='loc_OtherShortTermBorrowings' xlink:type='locator' />
    <link:loc xlink:href='../elts/us-gaap-2024.xsd#us-gaap_OtherNotesPayableCurrent' xlink:label='loc_OtherNotesPayableCurrent' xlink:type='locator' />
    <link:loc xlink:href='../elts/us-gaap-2024.xsd#us-gaap_OtherLoansPayableCurrent' xlink:label='loc_OtherLoansPayableCurrent' xlink:type='locator' />
    <link:loc xlink:href='../elts/us-gaap-2024.xsd#us-gaap_SharesSubjectToMandatoryRedemptionSettlementTermsAmount' xlink:label='loc_SharesSubjectToMandatoryRedemptionSettlementTermsAmount' xlink:type='locator' />
    <link:loc xlink:href='../elts/us-gaap-2024.xsd#us-gaap_FinancialInstrumentsSubjectToMandatoryRedemptionRedeemableWithinOneYear' xlink:label='loc_FinancialInstrumentsSubjectToMandatoryRedemptionRedeemableWithinOneYear' xlink:type='locator' />
    <link:loc xlink:href='../elts/us-gaap-2024.xsd#us-gaap_FinancialInstrumentsSubjectToMandatoryRedemptionRedeemableInYearTwo' xlink:label='loc_FinancialInstrumentsSubjectToMandatoryRedemptionRedeemableInYearTwo' xlink:type='locator' />
    <link:loc xlink:href='../elts/us-gaap-2024.xsd#us-gaap_FinancialInstrumentsSubjectToMandatoryRedemptionRedeemableInYearThree' xlink:label='loc_FinancialInstrumentsSubjectToMandatoryRedemptionRedeemableInYearThree' xlink:type='locator' />
    <link:loc xlink:href='../elts/us-gaap-2024.xsd#us-gaap_FinancialInstrumentsSubjectToMandatoryRedemptionRedeemableInYearFour' xlink:label='loc_FinancialInstrumentsSubjectToMandatoryRedemptionRedeemableInYearFour' xlink:type='locator' />
    <link:loc xlink:href='../elts/us-gaap-2024.xsd#us-gaap_FinancialInstrumentsSubjectToMandatoryRedemptionRedeemableInYearFive' xlink:label='loc_FinancialInstrumentsSubjectToMandatoryRedemptionRedeemableInYearFive' xlink:type='locator' />
    <link:loc xlink:href='../elts/us-gaap-2024.xsd#us-gaap_FinancialInstrumentsSubjectToMandatoryRedemptionPastContractualRedemptionDateDueToOutstandingActivity' xlink:label='loc_FinancialInstrumentsSubjectToMandatoryRedemptionPastContractualRedemptionDateDueToOutstandingActivity' xlink:type='locator' />
    <link:loc xlink:href='../elts/us-gaap-2024.xsd#us-gaap_FinancialInstrumentsSubjectToMandatoryRedemptionPastContractualRedemptionDateDueToRegulatoryAction' xlink:label='loc_FinancialInstrumentsSubjectToMandatoryRedemptionPastContractualRedemptionDateDueToRegulatoryAction' xlink:type='locator' />
    <link:loc xlink:href='../elts/us-gaap-2024.xsd#us-gaap_DeferredTaxAssetsLiabilitiesNet' xlink:label='loc_DeferredTaxAssetsLiabilitiesNet' xlink:type='locator' />
    <link:loc xlink:href='../elts/us-gaap-2024.xsd#us-gaap_DeferredIncomeTaxLiabilities' xlink:label='loc_DeferredIncomeTaxLiabilities' xlink:type='locator' />
    <link:loc xlink:href='../elts/us-gaap-2024.xsd#us-gaap_DeferredTaxAssetsNet' xlink:label='loc_DeferredTaxAssetsNet' xlink:type='locator' />
    <link:loc xlink:href='../elts/us-gaap-2024.xsd#us-gaap_RestrictedInvestments' xlink:label='loc_RestrictedInvestments' xlink:type='locator' />
    <link:loc xlink:href='../elts/us-gaap-2024.xsd#us-gaap_EquitySecuritiesFvNiRestricted' xlink:label='loc_EquitySecuritiesFvNiRestricted' xlink:type='locator' />
    <link:loc xlink:href='../elts/us-gaap-2024.xsd#us-gaap_DebtSecuritiesTradingRestricted' xlink:label='loc_DebtSecuritiesTradingRestricted' xlink:type='locator' />
    <link:loc xlink:href='../elts/us-gaap-2024.xsd#us-gaap_DebtSecuritiesAvailableForSaleRestricted' xlink:label='loc_DebtSecuritiesAvailableForSaleRestricted' xlink:type='locator' />
    <link:loc xlink:href='../elts/us-gaap-2024.xsd#us-gaap_HeldToMaturitySecuritiesRestricted' xlink:label='loc_HeldToMaturitySecuritiesRestricted' xlink:type='locator' />
    <link:loc xlink:href='../elts/us-gaap-2024.xsd#us-gaap_DeferredRevenue' xlink:label='loc_DeferredRevenue' xlink:type='locator' />
    <link:loc xlink:href='../elts/us-gaap-2024.xsd#us-gaap_DeferredRevenueCurrent' xlink:label='loc_DeferredRevenueCurrent' xlink:type='locator' />
    <link:loc xlink:href='../elts/us-gaap-2024.xsd#us-gaap_DeferredRevenueNoncurrent' xlink:label='loc_DeferredRevenueNoncurrent' xlink:type='locator' />
    <link:loc xlink:href='../elts/us-gaap-2024.xsd#us-gaap_SalesTypeAndDirectFinancingLeasesLeaseReceivablePaymentsToBeReceived' xlink:label='loc_SalesTypeAndDirectFinancingLeasesLeaseReceivablePaymentsToBeReceived' xlink:type='locator' />
    <link:loc xlink:href='../elts/us-gaap-2024.xsd#us-gaap_SalesTypeAndDirectFinancingLeasesLeaseReceivable' xlink:label='loc_SalesTypeAndDirectFinancingLeasesLeaseReceivable' xlink:type='locator' />
    <link:loc xlink:href='../elts/us-gaap-2024.xsd#us-gaap_SalesTypeAndDirectFinancingLeasesLeaseReceivableUndiscountedExcessAmount' xlink:label='loc_SalesTypeAndDirectFinancingLeasesLeaseReceivableUndiscountedExcessAmount' xlink:type='locator' />
    <link:loc xlink:href='../elts/us-gaap-2024.xsd#us-gaap_DebtSecurities' xlink:label='loc_DebtSecurities' xlink:type='locator' />
    <link:loc xlink:href='../elts/us-gaap-2024.xsd#us-gaap_TradingSecuritiesDebt' xlink:label='loc_TradingSecuritiesDebt' xlink:type='locator' />
    <link:loc xlink:href='../elts/us-gaap-2024.xsd#us-gaap_AvailableForSaleSecuritiesDebtSecurities' xlink:label='loc_AvailableForSaleSecuritiesDebtSecurities' xlink:type='locator' />
    <link:loc xlink:href='../elts/us-gaap-2024.xsd#us-gaap_DebtSecuritiesHeldToMaturityAmortizedCostAfterAllowanceForCreditLoss' xlink:label='loc_DebtSecuritiesHeldToMaturityAmortizedCostAfterAllowanceForCreditLoss' xlink:type='locator' />
    <link:loc xlink:href='../elts/us-gaap-2024.xsd#us-gaap_PropertyPlantAndEquipmentAndFinanceLeaseRightOfUseAssetAfterAccumulatedDepreciationAndAmortization' xlink:label='loc_PropertyPlantAndEquipmentAndFinanceLeaseRightOfUseAssetAfterAccumulatedDepreciationAndAmortization' xlink:type='locator' />
    <link:loc xlink:href='../elts/us-gaap-2024.xsd#us-gaap_FinanceLeaseRightOfUseAsset' xlink:label='loc_FinanceLeaseRightOfUseAsset' xlink:type='locator' />
    <link:loc xlink:href='../elts/us-gaap-2024.xsd#us-gaap_PropertyPlantAndEquipmentNet' xlink:label='loc_PropertyPlantAndEquipmentNet' xlink:type='locator' />
    <link:loc xlink:href='../elts/us-gaap-2024.xsd#us-gaap_NetInvestmentInLeaseAfterAllowanceForCreditLoss' xlink:label='loc_NetInvestmentInLeaseAfterAllowanceForCreditLoss' xlink:type='locator' />
    <link:loc xlink:href='../elts/us-gaap-2024.xsd#us-gaap_NetInvestmentInLease' xlink:label='loc_NetInvestmentInLease' xlink:type='locator' />
    <link:loc xlink:href='../elts/us-gaap-2024.xsd#us-gaap_NetInvestmentInLeaseAllowanceForCreditLoss' xlink:label='loc_NetInvestmentInLeaseAllowanceForCreditLoss' xlink:type='locator' />
    <link:loc xlink:href='../elts/us-gaap-2024.xsd#us-gaap_SalesTypeLeaseNetInvestmentInLeaseAfterAllowanceForCreditLoss' xlink:label='loc_SalesTypeLeaseNetInvestmentInLeaseAfterAllowanceForCreditLoss' xlink:type='locator' />
    <link:loc xlink:href='../elts/us-gaap-2024.xsd#us-gaap_SalesTypeLeaseNetInvestmentInLease' xlink:label='loc_SalesTypeLeaseNetInvestmentInLease' xlink:type='locator' />
    <link:loc xlink:href='../elts/us-gaap-2024.xsd#us-gaap_SalesTypeLeaseNetInvestmentInLeaseAllowanceForCreditLoss' xlink:label='loc_SalesTypeLeaseNetInvestmentInLeaseAllowanceForCreditLoss' xlink:type='locator' />
    <link:loc xlink:href='../elts/us-gaap-2024.xsd#us-gaap_DirectFinancingLeaseNetInvestmentInLeaseAfterAllowanceForCreditLoss' xlink:label='loc_DirectFinancingLeaseNetInvestmentInLeaseAfterAllowanceForCreditLoss' xlink:type='locator' />
    <link:loc xlink:href='../elts/us-gaap-2024.xsd#us-gaap_DirectFinancingLeaseNetInvestmentInLease' xlink:label='loc_DirectFinancingLeaseNetInvestmentInLease' xlink:type='locator' />
    <link:loc xlink:href='../elts/us-gaap-2024.xsd#us-gaap_DirectFinancingLeaseNetInvestmentInLeaseAllowanceForCreditLoss' xlink:label='loc_DirectFinancingLeaseNetInvestmentInLeaseAllowanceForCreditLoss' xlink:type='locator' />
    <link:calculationArc order='10' weight='1.0' xlink:arcrole='https://xbrl.org/2023/arcrole/summation-item' xlink:from='loc_LongTermDebt' xlink:to='loc_LongTermDebtMaturitiesRepaymentsOfPrincipalInNextTwelveMonths' xlink:type='arc' />
    <link:calculationArc order='20' weight='1.0' xlink:arcrole='https://xbrl.org/2023/arcrole/summation-item' xlink:from='loc_LongTermDebt' xlink:to='loc_LongTermDebtMaturingInYearsTwoAndThree' xlink:type='arc' />
    <link:calculationArc order='10' weight='1.0' xlink:arcrole='https://xbrl.org/2023/arcrole/summation-item' xlink:from='loc_LongTermDebtMaturingInYearsTwoAndThree' xlink:to='loc_LongTermDebtMaturitiesRepaymentsOfPrincipalInYearTwo' xlink:type='arc' />
    <link:calculationArc order='20' weight='1.0' xlink:arcrole='https://xbrl.org/2023/arcrole/summation-item' xlink:from='loc_LongTermDebtMaturingInYearsTwoAndThree' xlink:to='loc_LongTermDebtMaturitiesRepaymentsOfPrincipalInYearThree' xlink:type='arc' />
    <link:calculationArc order='30' weight='1.0' xlink:arcrole='https://xbrl.org/2023/arcrole/summation-item' xlink:from='loc_LongTermDebt' xlink:to='loc_LongTermDebtMaturingInYearsFourAndFive' xlink:type='arc' />
    <link:calculationArc order='10' weight='1.0' xlink:arcrole='https://xbrl.org/2023/arcrole/summation-item' xlink:from='loc_LongTermDebtMaturingInYearsFourAndFive' xlink:to='loc_LongTermDebtMaturitiesRepaymentsOfPrincipalInYearFour' xlink:type='arc' />
    <link:calculationArc order='20' weight='1.0' xlink:arcrole='https://xbrl.org/2023/arcrole/summation-item' xlink:from='loc_LongTermDebtMaturingInYearsFourAndFive' xlink:to='loc_LongTermDebtMaturitiesRepaymentsOfPrincipalInYearFive' xlink:type='arc' />
    <link:calculationArc order='40' weight='1.0' xlink:arcrole='https://xbrl.org/2023/arcrole/summation-item' xlink:from='loc_LongTermDebt' xlink:to='loc_LongTermDebtMaturitiesRepaymentsOfPrincipalAfterYearFive' xlink:type='arc' />
    <link:calculationArc order='10' weight='1.0' xlink:arcrole='https://xbrl.org/2023/arcrole/summation-item' xlink:from='loc_LoansPayable' xlink:to='loc_LoansPayableCurrent' xlink:type='arc' />
    <link:calculationArc order='20' weight='1.0' xlink:arcrole='https://xbrl.org/2023/arcrole/summation-item' xlink:from='loc_LoansPayable' xlink:to='loc_LongTermLoansPayable' xlink:type='arc' />
    <link:calculationArc order='10' weight='1.0' xlink:arcrole='https://xbrl.org/2023/arcrole/summation-item' xlink:from='loc_NotesAndLoansPayable' xlink:to='loc_NotesAndLoansPayableCurrent' xlink:type='arc' />
    <link:calculationArc order='20' weight='1.0' xlink:arcrole='https://xbrl.org/2023/arcrole/summation-item' xlink:from='loc_NotesAndLoansPayable' xlink:to='loc_LongTermNotesAndLoans' xlink:type='arc' />
    <link:calculationArc order='10' weight='1.0' xlink:arcrole='https://xbrl.org/2023/arcrole/summation-item' xlink:from='loc_NotesPayable' xlink:to='loc_NotesPayableCurrent' xlink:type='arc' />
    <link:calculationArc order='20' weight='1.0' xlink:arcrole='https://xbrl.org/2023/arcrole/summation-item' xlink:from='loc_NotesPayable' xlink:to='loc_LongTermNotesPayable' xlink:type='arc' />
    <link:calculationArc order='10' weight='1.0' xlink:arcrole='https://xbrl.org/2023/arcrole/summation-item' xlink:from='loc_AccountsReceivableNet' xlink:to='loc_AccountsReceivableGross' xlink:type='arc' />
    <link:calculationArc order='20' weight='-1.0' xlink:arcrole='https://xbrl.org/2023/arcrole/summation-item' xlink:from='loc_AccountsReceivableNet' xlink:to='loc_AllowanceForDoubtfulAccountsReceivable' xlink:type='arc' />
    <link:calculationArc order='10' weight='1.0' xlink:arcrole='https://xbrl.org/2023/arcrole/summation-item' xlink:from='loc_Deposits' xlink:to='loc_NoninterestBearingDepositLiabilities' xlink:type='arc' />
    <link:calculationArc order='10' weight='1.0' xlink:arcrole='https://xbrl.org/2023/arcrole/summation-item' xlink:from='loc_NoninterestBearingDepositLiabilities' xlink:to='loc_NoninterestBearingDepositLiabilitiesDomestic' xlink:type='arc' />
    <link:calculationArc order='10' weight='1.0' xlink:arcrole='https://xbrl.org/2023/arcrole/summation-item' xlink:from='loc_NoninterestBearingDepositLiabilitiesDomestic' xlink:to='loc_NoninterestBearingDomesticDepositBrokered' xlink:type='arc' />
    <link:calculationArc order='20' weight='1.0' xlink:arcrole='https://xbrl.org/2023/arcrole/summation-item' xlink:from='loc_NoninterestBearingDepositLiabilitiesDomestic' xlink:to='loc_NoninterestBearingDomesticDepositRetail' xlink:type='arc' />
    <link:calculationArc order='30' weight='1.0' xlink:arcrole='https://xbrl.org/2023/arcrole/summation-item' xlink:from='loc_NoninterestBearingDepositLiabilitiesDomestic' xlink:to='loc_NoninterestBearingDomesticDepositDemand' xlink:type='arc' />
    <link:calculationArc order='40' weight='1.0' xlink:arcrole='https://xbrl.org/2023/arcrole/summation-item' xlink:from='loc_NoninterestBearingDepositLiabilitiesDomestic' xlink:to='loc_NoninterestBearingDomesticDepositChecking' xlink:type='arc' />
    <link:calculationArc order='50' weight='1.0' xlink:arcrole='https://xbrl.org/2023/arcrole/summation-item' xlink:from='loc_NoninterestBearingDepositLiabilitiesDomestic' xlink:to='loc_NoninterestbearingDomesticDepositOther' xlink:type='arc' />
    <link:calculationArc order='20' weight='1.0' xlink:arcrole='https://xbrl.org/2023/arcrole/summation-item' xlink:from='loc_NoninterestBearingDepositLiabilities' xlink:to='loc_NoninterestBearingDepositLiabilitiesForeign' xlink:type='arc' />
    <link:calculationArc order='20' weight='1.0' xlink:arcrole='https://xbrl.org/2023/arcrole/summation-item' xlink:from='loc_Deposits' xlink:to='loc_InterestBearingDepositLiabilities' xlink:type='arc' />
    <link:calculationArc order='10' weight='1.0' xlink:arcrole='https://xbrl.org/2023/arcrole/summation-item' xlink:from='loc_InterestBearingDepositLiabilities' xlink:to='loc_InterestBearingDepositLiabilitiesDomestic' xlink:type='arc' />
    <link:calculationArc order='10' weight='1.0' xlink:arcrole='https://xbrl.org/2023/arcrole/summation-item' xlink:from='loc_InterestBearingDepositLiabilitiesDomestic' xlink:to='loc_InterestBearingDomesticDepositBrokered' xlink:type='arc' />
    <link:calculationArc order='20' weight='1.0' xlink:arcrole='https://xbrl.org/2023/arcrole/summation-item' xlink:from='loc_InterestBearingDepositLiabilitiesDomestic' xlink:to='loc_InterestBearingDomesticDepositRetail' xlink:type='arc' />
    <link:calculationArc order='30' weight='1.0' xlink:arcrole='https://xbrl.org/2023/arcrole/summation-item' xlink:from='loc_InterestBearingDepositLiabilitiesDomestic' xlink:to='loc_InterestBearingDomesticDepositDemand' xlink:type='arc' />
    <link:calculationArc order='40' weight='1.0' xlink:arcrole='https://xbrl.org/2023/arcrole/summation-item' xlink:from='loc_InterestBearingDepositLiabilitiesDomestic' xlink:to='loc_InterestBearingDomesticDepositChecking' xlink:type='arc' />
    <link:calculationArc order='50' weight='1.0' xlink:arcrole='https://xbrl.org/2023/arcrole/summation-item' xlink:from='loc_InterestBearingDepositLiabilitiesDomestic' xlink:to='loc_InterestBearingDomesticDepositNegotiableOrderOfWithdrawalNOW' xlink:type='arc' />
    <link:calculationArc order='60' weight='1.0' xlink:arcrole='https://xbrl.org/2023/arcrole/summation-item' xlink:from='loc_InterestBearingDepositLiabilitiesDomestic' xlink:to='loc_InterestBearingDomesticDepositMoneyMarket' xlink:type='arc' />
    <link:calculationArc order='70' weight='1.0' xlink:arcrole='https://xbrl.org/2023/arcrole/summation-item' xlink:from='loc_InterestBearingDepositLiabilitiesDomestic' xlink:to='loc_InterestBearingDomesticDepositSavings' xlink:type='arc' />
    <link:calculationArc order='80' weight='1.0' xlink:arcrole='https://xbrl.org/2023/arcrole/summation-item' xlink:from='loc_InterestBearingDepositLiabilitiesDomestic' xlink:to='loc_InterestBearingDomesticDepositTimeDeposits' xlink:type='arc' />
    <link:calculationArc order='10' weight='1.0' xlink:arcrole='https://xbrl.org/2023/arcrole/summation-item' xlink:from='loc_InterestBearingDomesticDepositTimeDeposits' xlink:to='loc_InterestBearingDomesticDepositCertificatesOfDeposits' xlink:type='arc' />
    <link:calculationArc order='20' weight='1.0' xlink:arcrole='https://xbrl.org/2023/arcrole/summation-item' xlink:from='loc_InterestBearingDomesticDepositTimeDeposits' xlink:to='loc_InterestBearingDomesticDepositOtherTimeDeposit' xlink:type='arc' />
    <link:calculationArc order='90' weight='1.0' xlink:arcrole='https://xbrl.org/2023/arcrole/summation-item' xlink:from='loc_InterestBearingDepositLiabilitiesDomestic' xlink:to='loc_InterestbearingDomesticDepositOther' xlink:type='arc' />
    <link:calculationArc order='20' weight='1.0' xlink:arcrole='https://xbrl.org/2023/arcrole/summation-item' xlink:from='loc_InterestBearingDepositLiabilities' xlink:to='loc_InterestBearingDepositLiabilitiesForeign' xlink:type='arc' />
    <link:calculationArc order='10' weight='1.0' xlink:arcrole='https://xbrl.org/2023/arcrole/summation-item' xlink:from='loc_InterestBearingDepositLiabilitiesForeign' xlink:to='loc_InterestBearingForeignDepositBrokered' xlink:type='arc' />
    <link:calculationArc order='20' weight='1.0' xlink:arcrole='https://xbrl.org/2023/arcrole/summation-item' xlink:from='loc_InterestBearingDepositLiabilitiesForeign' xlink:to='loc_InterestBearingForeignDepositRetail' xlink:type='arc' />
    <link:calculationArc order='30' weight='1.0' xlink:arcrole='https://xbrl.org/2023/arcrole/summation-item' xlink:from='loc_InterestBearingDepositLiabilitiesForeign' xlink:to='loc_InterestBearingForeignDepositDemand' xlink:type='arc' />
    <link:calculationArc order='40' weight='1.0' xlink:arcrole='https://xbrl.org/2023/arcrole/summation-item' xlink:from='loc_InterestBearingDepositLiabilitiesForeign' xlink:to='loc_InterestBearingForeignDepositChecking' xlink:type='arc' />
    <link:calculationArc order='50' weight='1.0' xlink:arcrole='https://xbrl.org/2023/arcrole/summation-item' xlink:from='loc_InterestBearingDepositLiabilitiesForeign' xlink:to='loc_InterestBearingForeignDepositNegotiableOrderOfWithdrawalNOW' xlink:type='arc' />
    <link:calculationArc order='60' weight='1.0' xlink:arcrole='https://xbrl.org/2023/arcrole/summation-item' xlink:from='loc_InterestBearingDepositLiabilitiesForeign' xlink:to='loc_InterestBearingForeignDepositMoneyMarket' xlink:type='arc' />
    <link:calculationArc order='70' weight='1.0' xlink:arcrole='https://xbrl.org/2023/arcrole/summation-item' xlink:from='loc_InterestBearingDepositLiabilitiesForeign' xlink:to='loc_InterestBearingForeignDepositSavings' xlink:type='arc' />
    <link:calculationArc order='80' weight='1.0' xlink:arcrole='https://xbrl.org/2023/arcrole/summation-item' xlink:from='loc_InterestBearingDepositLiabilitiesForeign' xlink:to='loc_InterestBearingForeignDepositTimeDeposits' xlink:type='arc' />
    <link:calculationArc order='90' weight='1.0' xlink:arcrole='https://xbrl.org/2023/arcrole/summation-item' xlink:from='loc_InterestBearingDepositLiabilitiesForeign' xlink:to='loc_InterestBearingForeignDepositCertificatesOfDeposits' xlink:type='arc' />
    <link:calculationArc order='100' weight='1.0' xlink:arcrole='https://xbrl.org/2023/arcrole/summation-item' xlink:from='loc_InterestBearingDepositLiabilitiesForeign' xlink:to='loc_InterestBearingForeignDepositOtherTimeDeposits' xlink:type='arc' />
    <link:calculationArc order='10' weight='1.0' xlink:arcrole='https://xbrl.org/2023/arcrole/summation-item' xlink:from='loc_DeferredPolicyAcquisitionCostsAndValueOfBusinessAcquired' xlink:to='loc_DeferredPolicyAcquisitionCosts' xlink:type='arc' />
    <link:calculationArc order='20' weight='1.0' xlink:arcrole='https://xbrl.org/2023/arcrole/summation-item' xlink:from='loc_DeferredPolicyAcquisitionCostsAndValueOfBusinessAcquired' xlink:to='loc_ValueOfBusinessAcquiredVOBA' xlink:type='arc' />
    <link:calculationArc order='10' weight='1.0' xlink:arcrole='https://xbrl.org/2023/arcrole/summation-item' xlink:from='loc_FederalFundsPurchasedAndSecuritiesSoldUnderAgreementsToRepurchase' xlink:to='loc_FederalFundsPurchased' xlink:type='arc' />
    <link:calculationArc order='20' weight='1.0' xlink:arcrole='https://xbrl.org/2023/arcrole/summation-item' xlink:from='loc_FederalFundsPurchasedAndSecuritiesSoldUnderAgreementsToRepurchase' xlink:to='loc_SecuritiesSoldUnderAgreementsToRepurchase' xlink:type='arc' />
    <link:calculationArc order='10' weight='1.0' xlink:arcrole='https://xbrl.org/2023/arcrole/summation-item' xlink:from='loc_FederalFundsSoldAndSecuritiesPurchasedUnderAgreementsToResell' xlink:to='loc_FederalFundsSold' xlink:type='arc' />
    <link:calculationArc order='20' weight='1.0' xlink:arcrole='https://xbrl.org/2023/arcrole/summation-item' xlink:from='loc_FederalFundsSoldAndSecuritiesPurchasedUnderAgreementsToResell' xlink:to='loc_SecuritiesPurchasedUnderAgreementsToResell' xlink:type='arc' />
    <link:calculationArc order='10' weight='1.0' xlink:arcrole='https://xbrl.org/2023/arcrole/summation-item' xlink:from='loc_AccrualForEnvironmentalLossContingencies' xlink:to='loc_AccruedEnvironmentalLossContingenciesCurrent' xlink:type='arc' />
    <link:calculationArc order='20' weight='1.0' xlink:arcrole='https://xbrl.org/2023/arcrole/summation-item' xlink:from='loc_AccrualForEnvironmentalLossContingencies' xlink:to='loc_AccruedEnvironmentalLossContingenciesNoncurrent' xlink:type='arc' />
    <link:calculationArc order='10' weight='1.0' xlink:arcrole='https://xbrl.org/2023/arcrole/summation-item' xlink:from='loc_ProductWarrantyAccrual' xlink:to='loc_ProductWarrantyAccrualClassifiedCurrent' xlink:type='arc' />
    <link:calculationArc order='20' weight='1.0' xlink:arcrole='https://xbrl.org/2023/arcrole/summation-item' xlink:from='loc_ProductWarrantyAccrual' xlink:to='loc_ProductWarrantyAccrualNoncurrent' xlink:type='arc' />
    <link:calculationArc order='10' weight='1.0' xlink:arcrole='https://xbrl.org/2023/arcrole/summation-item' xlink:from='loc_DeferredTaxAssetsOperatingLossCarryforwards' xlink:to='loc_DeferredTaxAssetsOperatingLossCarryforwardsSubjectToExpiration' xlink:type='arc' />
    <link:calculationArc order='20' weight='1.0' xlink:arcrole='https://xbrl.org/2023/arcrole/summation-item' xlink:from='loc_DeferredTaxAssetsOperatingLossCarryforwards' xlink:to='loc_DeferredTaxAssetsOperatingLossCarryforwardsNotSubjectToExpiration' xlink:type='arc' />
    <link:calculationArc order='10' weight='1.0' xlink:arcrole='https://xbrl.org/2023/arcrole/summation-item' xlink:from='loc_InvestmentsAndCash' xlink:to='loc_Investments' xlink:type='arc' />
    <link:calculationArc order='20' weight='1.0' xlink:arcrole='https://xbrl.org/2023/arcrole/summation-item' xlink:from='loc_InvestmentsAndCash' xlink:to='loc_CashAndCashEquivalentsAtCarryingValue' xlink:type='arc' />
    <link:calculationArc order='10' weight='1.0' xlink:arcrole='https://xbrl.org/2023/arcrole/summation-item' xlink:from='loc_RecordedThirdPartyEnvironmentalRecoveriesNet' xlink:to='loc_RecordedThirdPartyEnvironmentalRecoveriesCurrent' xlink:type='arc' />
    <link:calculationArc order='20' weight='1.0' xlink:arcrole='https://xbrl.org/2023/arcrole/summation-item' xlink:from='loc_RecordedThirdPartyEnvironmentalRecoveriesNet' xlink:to='loc_RecordedThirdPartyEnvironmentalRecoveriesNoncurrent' xlink:type='arc' />
    <link:calculationArc order='10' weight='1.0' xlink:arcrole='https://xbrl.org/2023/arcrole/summation-item' xlink:from='loc_AssetsOfDisposalGroupIncludingDiscontinuedOperation' xlink:to='loc_AssetsOfDisposalGroupIncludingDiscontinuedOperationCurrent' xlink:type='arc' />
    <link:calculationArc order='20' weight='1.0' xlink:arcrole='https://xbrl.org/2023/arcrole/summation-item' xlink:from='loc_AssetsOfDisposalGroupIncludingDiscontinuedOperation' xlink:to='loc_DisposalGroupIncludingDiscontinuedOperationAssetsNoncurrent' xlink:type='arc' />
    <link:calculationArc order='10' weight='1.0' xlink:arcrole='https://xbrl.org/2023/arcrole/summation-item' xlink:from='loc_OtherBorrowings' xlink:to='loc_OtherLongTermDebt' xlink:type='arc' />
    <link:calculationArc order='20' weight='1.0' xlink:arcrole='https://xbrl.org/2023/arcrole/summation-item' xlink:from='loc_OtherBorrowings' xlink:to='loc_OtherLongTermNotesPayable' xlink:type='arc' />
    <link:calculationArc order='30' weight='1.0' xlink:arcrole='https://xbrl.org/2023/arcrole/summation-item' xlink:from='loc_OtherBorrowings' xlink:to='loc_OtherLoansPayableLongTerm' xlink:type='arc' />
    <link:calculationArc order='40' weight='1.0' xlink:arcrole='https://xbrl.org/2023/arcrole/summation-item' xlink:from='loc_OtherBorrowings' xlink:to='loc_OtherShortTermBorrowings' xlink:type='arc' />
    <link:calculationArc order='50' weight='1.0' xlink:arcrole='https://xbrl.org/2023/arcrole/summation-item' xlink:from='loc_OtherBorrowings' xlink:to='loc_OtherNotesPayableCurrent' xlink:type='arc' />
    <link:calculationArc order='60' weight='1.0' xlink:arcrole='https://xbrl.org/2023/arcrole/summation-item' xlink:from='loc_OtherBorrowings' xlink:to='loc_OtherLoansPayableCurrent' xlink:type='arc' />
    <link:calculationArc order='10' weight='1.0' xlink:arcrole='https://xbrl.org/2023/arcrole/summation-item' xlink:from='loc_SharesSubjectToMandatoryRedemptionSettlementTermsAmount' xlink:to='loc_FinancialInstrumentsSubjectToMandatoryRedemptionRedeemableWithinOneYear' xlink:type='arc' />
    <link:calculationArc order='20' weight='1.0' xlink:arcrole='https://xbrl.org/2023/arcrole/summation-item' xlink:from='loc_SharesSubjectToMandatoryRedemptionSettlementTermsAmount' xlink:to='loc_FinancialInstrumentsSubjectToMandatoryRedemptionRedeemableInYearTwo' xlink:type='arc' />
    <link:calculationArc order='30' weight='1.0' xlink:arcrole='https://xbrl.org/2023/arcrole/summation-item' xlink:from='loc_SharesSubjectToMandatoryRedemptionSettlementTermsAmount' xlink:to='loc_FinancialInstrumentsSubjectToMandatoryRedemptionRedeemableInYearThree' xlink:type='arc' />
    <link:calculationArc order='40' weight='1.0' xlink:arcrole='https://xbrl.org/2023/arcrole/summation-item' xlink:from='loc_SharesSubjectToMandatoryRedemptionSettlementTermsAmount' xlink:to='loc_FinancialInstrumentsSubjectToMandatoryRedemptionRedeemableInYearFour' xlink:type='arc' />
    <link:calculationArc order='50' weight='1.0' xlink:arcrole='https://xbrl.org/2023/arcrole/summation-item' xlink:from='loc_SharesSubjectToMandatoryRedemptionSettlementTermsAmount' xlink:to='loc_FinancialInstrumentsSubjectToMandatoryRedemptionRedeemableInYearFive' xlink:type='arc' />
    <link:calculationArc order='60' weight='1.0' xlink:arcrole='https://xbrl.org/2023/arcrole/summation-item' xlink:from='loc_SharesSubjectToMandatoryRedemptionSettlementTermsAmount' xlink:to='loc_FinancialInstrumentsSubjectToMandatoryRedemptionPastContractualRedemptionDateDueToOutstandingActivity' xlink:type='arc' />
    <link:calculationArc order='70' weight='1.0' xlink:arcrole='https://xbrl.org/2023/arcrole/summation-item' xlink:from='loc_SharesSubjectToMandatoryRedemptionSettlementTermsAmount' xlink:to='loc_FinancialInstrumentsSubjectToMandatoryRedemptionPastContractualRedemptionDateDueToRegulatoryAction' xlink:type='arc' />
    <link:calculationArc order='10' weight='-1.0' xlink:arcrole='https://xbrl.org/2023/arcrole/summation-item' xlink:from='loc_DeferredTaxAssetsLiabilitiesNet' xlink:to='loc_DeferredIncomeTaxLiabilities' xlink:type='arc' />
    <link:calculationArc order='20' weight='1.0' xlink:arcrole='https://xbrl.org/2023/arcrole/summation-item' xlink:from='loc_DeferredTaxAssetsLiabilitiesNet' xlink:to='loc_DeferredTaxAssetsNet' xlink:type='arc' />
    <link:calculationArc order='10' weight='1.0' xlink:arcrole='https://xbrl.org/2023/arcrole/summation-item' xlink:from='loc_RestrictedInvestments' xlink:to='loc_EquitySecuritiesFvNiRestricted' xlink:type='arc' />
    <link:calculationArc order='20' weight='1.0' xlink:arcrole='https://xbrl.org/2023/arcrole/summation-item' xlink:from='loc_RestrictedInvestments' xlink:to='loc_DebtSecuritiesTradingRestricted' xlink:type='arc' />
    <link:calculationArc order='30' weight='1.0' xlink:arcrole='https://xbrl.org/2023/arcrole/summation-item' xlink:from='loc_RestrictedInvestments' xlink:to='loc_DebtSecuritiesAvailableForSaleRestricted' xlink:type='arc' />
    <link:calculationArc order='40' weight='1.0' xlink:arcrole='https://xbrl.org/2023/arcrole/summation-item' xlink:from='loc_RestrictedInvestments' xlink:to='loc_HeldToMaturitySecuritiesRestricted' xlink:type='arc' />
    <link:calculationArc order='10' weight='1.0' xlink:arcrole='https://xbrl.org/2023/arcrole/summation-item' xlink:from='loc_DeferredRevenue' xlink:to='loc_DeferredRevenueCurrent' xlink:type='arc' />
    <link:calculationArc order='20' weight='1.0' xlink:arcrole='https://xbrl.org/2023/arcrole/summation-item' xlink:from='loc_DeferredRevenue' xlink:to='loc_DeferredRevenueNoncurrent' xlink:type='arc' />
    <link:calculationArc order='10' weight='1.0' xlink:arcrole='https://xbrl.org/2023/arcrole/summation-item' xlink:from='loc_SalesTypeAndDirectFinancingLeasesLeaseReceivablePaymentsToBeReceived' xlink:to='loc_SalesTypeAndDirectFinancingLeasesLeaseReceivable' xlink:type='arc' />
    <link:calculationArc order='20' weight='1.0' xlink:arcrole='https://xbrl.org/2023/arcrole/summation-item' xlink:from='loc_SalesTypeAndDirectFinancingLeasesLeaseReceivablePaymentsToBeReceived' xlink:to='loc_SalesTypeAndDirectFinancingLeasesLeaseReceivableUndiscountedExcessAmount' xlink:type='arc' />
    <link:calculationArc order='10' weight='1.0' xlink:arcrole='https://xbrl.org/2023/arcrole/summation-item' xlink:from='loc_DebtSecurities' xlink:to='loc_TradingSecuritiesDebt' xlink:type='arc' />
    <link:calculationArc order='20' weight='1.0' xlink:arcrole='https://xbrl.org/2023/arcrole/summation-item' xlink:from='loc_DebtSecurities' xlink:to='loc_AvailableForSaleSecuritiesDebtSecurities' xlink:type='arc' />
    <link:calculationArc order='30' weight='1.0' xlink:arcrole='https://xbrl.org/2023/arcrole/summation-item' xlink:from='loc_DebtSecurities' xlink:to='loc_DebtSecuritiesHeldToMaturityAmortizedCostAfterAllowanceForCreditLoss' xlink:type='arc' />
    <link:calculationArc order='10' weight='1.0' xlink:arcrole='https://xbrl.org/2023/arcrole/summation-item' xlink:from='loc_PropertyPlantAndEquipmentAndFinanceLeaseRightOfUseAssetAfterAccumulatedDepreciationAndAmortization' xlink:to='loc_FinanceLeaseRightOfUseAsset' xlink:type='arc' />
    <link:calculationArc order='20' weight='1.0' xlink:arcrole='https://xbrl.org/2023/arcrole/summation-item' xlink:from='loc_PropertyPlantAndEquipmentAndFinanceLeaseRightOfUseAssetAfterAccumulatedDepreciationAndAmortization' xlink:to='loc_PropertyPlantAndEquipmentNet' xlink:type='arc' />
    <link:calculationArc order='10' weight='1.0' xlink:arcrole='https://xbrl.org/2023/arcrole/summation-item' xlink:from='loc_NetInvestmentInLeaseAfterAllowanceForCreditLoss' xlink:to='loc_NetInvestmentInLease' xlink:type='arc' />
    <link:calculationArc order='20' weight='-1.0' xlink:arcrole='https://xbrl.org/2023/arcrole/summation-item' xlink:from='loc_NetInvestmentInLeaseAfterAllowanceForCreditLoss' xlink:to='loc_NetInvestmentInLeaseAllowanceForCreditLoss' xlink:type='arc' />
    <link:calculationArc order='10' weight='1.0' xlink:arcrole='https://xbrl.org/2023/arcrole/summation-item' xlink:from='loc_SalesTypeLeaseNetInvestmentInLeaseAfterAllowanceForCreditLoss' xlink:to='loc_SalesTypeLeaseNetInvestmentInLease' xlink:type='arc' />
    <link:calculationArc order='20' weight='-1.0' xlink:arcrole='https://xbrl.org/2023/arcrole/summation-item' xlink:from='loc_SalesTypeLeaseNetInvestmentInLeaseAfterAllowanceForCreditLoss' xlink:to='loc_SalesTypeLeaseNetInvestmentInLeaseAllowanceForCreditLoss' xlink:type='arc' />
    <link:calculationArc order='10' weight='1.0' xlink:arcrole='https://xbrl.org/2023/arcrole/summation-item' xlink:from='loc_DirectFinancingLeaseNetInvestmentInLeaseAfterAllowanceForCreditLoss' xlink:to='loc_DirectFinancingLeaseNetInvestmentInLease' xlink:type='arc' />
    <link:calculationArc order='20' weight='-1.0' xlink:arcrole='https://xbrl.org/2023/arcrole/summation-item' xlink:from='loc_DirectFinancingLeaseNetInvestmentInLeaseAfterAllowanceForCreditLoss' xlink:to='loc_DirectFinancingLeaseNetInvestmentInLeaseAllowanceForCreditLoss' xlink:type='arc' />
  </link:calculationLink>
</link:linkbase>
