<?xml version='1.0' encoding='UTF-8'?>

<!--
(c) 2010-2024 Financial Accounting Foundation; (c) 2007-2010 XBRL US, Inc.  All Rights Reserved.
Notice: Authorized Uses are Set Forth at https://xbrl.fasb.org/terms/TaxonomiesTermsConditions.html
  -->
<link:linkbase xmlns:link='http://www.xbrl.org/2003/linkbase' xmlns:xlink='http://www.w3.org/1999/xlink' xmlns:xsi='http://www.w3.org/2001/XMLSchema-instance' xsi:schemaLocation='http://www.xbrl.org/2003/linkbase http://www.xbrl.org/2003/xbrl-linkbase-2003-12-31.xsd'>  <link:arcroleRef arcroleURI='https://xbrl.org/2023/arcrole/summation-item' xlink:href='https://www.xbrl.org/2023/calculation-1.1.xsd#summation-item' xlink:type='simple'/>
  <link:roleRef roleURI='http://fasb.org/us-gaap/role/statement/StatementOfShareholdersEquityAndOtherComprehensiveIncomeCalc2' xlink:href='../elts/us-roles-2024.xsd#sheci2' xlink:type='simple' />
  <link:calculationLink xlink:role='http://fasb.org/us-gaap/role/statement/StatementOfShareholdersEquityAndOtherComprehensiveIncomeCalc2' xlink:type='extended'>
    <link:loc xlink:href='../elts/us-gaap-2024.xsd#us-gaap_OtherComprehensiveIncomeLossTax' xlink:label='loc_OtherComprehensiveIncomeLossTax' xlink:type='locator' />
    <link:loc xlink:href='../elts/us-gaap-2024.xsd#us-gaap_OtherComprehensiveIncomeLossBeforeReclassificationsTax' xlink:label='loc_OtherComprehensiveIncomeLossBeforeReclassificationsTax' xlink:type='locator' />
    <link:loc xlink:href='../elts/us-gaap-2024.xsd#us-gaap_OtherComprehensiveIncomeForeignCurrencyTranslationGainLossArisingDuringPeriodTax' xlink:label='loc_OtherComprehensiveIncomeForeignCurrencyTranslationGainLossArisingDuringPeriodTax' xlink:type='locator' />
    <link:loc xlink:href='../elts/us-gaap-2024.xsd#us-gaap_OtherComprehensiveIncomeLossCashFlowHedgeGainLossBeforeReclassificationTax' xlink:label='loc_OtherComprehensiveIncomeLossCashFlowHedgeGainLossBeforeReclassificationTax' xlink:type='locator' />
    <link:loc xlink:href='../elts/us-gaap-2024.xsd#us-gaap_OtherComprehensiveIncomeLossAvailableForSaleSecuritiesBeforeReclassificationAdjustmentsTax' xlink:label='loc_OtherComprehensiveIncomeLossAvailableForSaleSecuritiesBeforeReclassificationAdjustmentsTax' xlink:type='locator' />
    <link:loc xlink:href='../elts/us-gaap-2024.xsd#us-gaap_OtherComprehensiveIncomeLossPensionAndOtherPostretirementBenefitPlansBeforeReclassificationAdjustmentsTax' xlink:label='loc_OtherComprehensiveIncomeLossPensionAndOtherPostretirementBenefitPlansBeforeReclassificationAdjustmentsTax' xlink:type='locator' />
    <link:loc xlink:href='../elts/us-gaap-2024.xsd#us-gaap_OtherComprehensiveIncomeLossFinancialLiabilityFairValueOptionUnrealizedGainLossArisingDuringPeriodTax' xlink:label='loc_OtherComprehensiveIncomeLossFinancialLiabilityFairValueOptionUnrealizedGainLossArisingDuringPeriodTax' xlink:type='locator' />
    <link:loc xlink:href='../elts/us-gaap-2024.xsd#us-gaap_OtherComprehensiveIncomeLossDerivativeExcludedComponentIncreaseDecreaseBeforeAdjustmentsTax' xlink:label='loc_OtherComprehensiveIncomeLossDerivativeExcludedComponentIncreaseDecreaseBeforeAdjustmentsTax' xlink:type='locator' />
    <link:loc xlink:href='../elts/us-gaap-2024.xsd#us-gaap_OciLiabilityForFuturePolicyBenefitGainLossBeforeReclassificationAdjustmentTax' xlink:label='loc_OciLiabilityForFuturePolicyBenefitGainLossBeforeReclassificationAdjustmentTax' xlink:type='locator' />
    <link:loc xlink:href='../elts/us-gaap-2024.xsd#us-gaap_OciMarketRiskBenefitInstrumentSpecificCreditRiskGainLossBeforeAdjustmentsTax' xlink:label='loc_OciMarketRiskBenefitInstrumentSpecificCreditRiskGainLossBeforeAdjustmentsTax' xlink:type='locator' />
    <link:loc xlink:href='../elts/us-gaap-2024.xsd#us-gaap_ReclassificationFromAociCurrentPeriodTax' xlink:label='loc_ReclassificationFromAociCurrentPeriodTax' xlink:type='locator' />
    <link:loc xlink:href='../elts/us-gaap-2024.xsd#us-gaap_OtherComprehensiveIncomeLossForeignCurrencyTransactionAndTranslationReclassificationAdjustmentFromAOCIRealizedUponSaleOrLiquidationTax' xlink:label='loc_OtherComprehensiveIncomeLossForeignCurrencyTransactionAndTranslationReclassificationAdjustmentFromAOCIRealizedUponSaleOrLiquidationTax' xlink:type='locator' />
    <link:loc xlink:href='../elts/us-gaap-2024.xsd#us-gaap_OtherComprehensiveIncomeLossCashFlowHedgeGainLossReclassificationTax' xlink:label='loc_OtherComprehensiveIncomeLossCashFlowHedgeGainLossReclassificationTax' xlink:type='locator' />
    <link:loc xlink:href='../elts/us-gaap-2024.xsd#us-gaap_OtherComprehensiveIncomeLossReclassificationAdjustmentFromAOCIForSaleOfSecuritiesTax' xlink:label='loc_OtherComprehensiveIncomeLossReclassificationAdjustmentFromAOCIForSaleOfSecuritiesTax' xlink:type='locator' />
    <link:loc xlink:href='../elts/us-gaap-2024.xsd#us-gaap_OtherComprehensiveIncomeLossReclassificationAdjustmentFromAOCIForWritedownOfSecuritiesTax' xlink:label='loc_OtherComprehensiveIncomeLossReclassificationAdjustmentFromAOCIForWritedownOfSecuritiesTax' xlink:type='locator' />
    <link:loc xlink:href='../elts/us-gaap-2024.xsd#us-gaap_OtherComprehensiveIncomeLossReclassificationAdjustmentFromAociForInvestmentTransferredFromAvailableForSaleToEquityMethodTax' xlink:label='loc_OtherComprehensiveIncomeLossReclassificationAdjustmentFromAociForInvestmentTransferredFromAvailableForSaleToEquityMethodTax' xlink:type='locator' />
    <link:loc xlink:href='../elts/us-gaap-2024.xsd#us-gaap_OciDebtSecuritiesAvailableForSaleTransferToHeldToMaturityAdjustmentFromAociForAmortizationOfGainLossTax' xlink:label='loc_OciDebtSecuritiesAvailableForSaleTransferToHeldToMaturityAdjustmentFromAociForAmortizationOfGainLossTax' xlink:type='locator' />
    <link:loc xlink:href='../elts/us-gaap-2024.xsd#us-gaap_OtherComprehensiveIncomeLossReclassificationAdjustmentFromAOCIPensionAndOtherPostretirementBenefitPlansTax' xlink:label='loc_OtherComprehensiveIncomeLossReclassificationAdjustmentFromAOCIPensionAndOtherPostretirementBenefitPlansTax' xlink:type='locator' />
    <link:loc xlink:href='../elts/us-gaap-2024.xsd#us-gaap_OtherComprehensiveIncomeLossFinancialLiabilityFairValueOptionReclassificationAdjustmentFromAociForDerecognitionTax' xlink:label='loc_OtherComprehensiveIncomeLossFinancialLiabilityFairValueOptionReclassificationAdjustmentFromAociForDerecognitionTax' xlink:type='locator' />
    <link:loc xlink:href='../elts/us-gaap-2024.xsd#us-gaap_OtherComprehensiveIncomeLossDerivativeExcludedComponentIncreaseDecreaseAdjustmentsTax' xlink:label='loc_OtherComprehensiveIncomeLossDerivativeExcludedComponentIncreaseDecreaseAdjustmentsTax' xlink:type='locator' />
    <link:loc xlink:href='../elts/us-gaap-2024.xsd#us-gaap_OciLiabilityForFuturePolicyBenefitGainLossReclassificationAdjustmentFromAociTax' xlink:label='loc_OciLiabilityForFuturePolicyBenefitGainLossReclassificationAdjustmentFromAociTax' xlink:type='locator' />
    <link:loc xlink:href='../elts/us-gaap-2024.xsd#us-gaap_OciMarketRiskBenefitInstrumentSpecificCreditRiskGainLossReclassificationAdjustmentFromAociTax' xlink:label='loc_OciMarketRiskBenefitInstrumentSpecificCreditRiskGainLossReclassificationAdjustmentFromAociTax' xlink:type='locator' />
    <link:loc xlink:href='../elts/us-gaap-2024.xsd#us-gaap_OciMarketRiskBenefitInstrumentSpecificCreditRiskAdjustmentFromAociTax' xlink:label='loc_OciMarketRiskBenefitInstrumentSpecificCreditRiskAdjustmentFromAociTax' xlink:type='locator' />
    <link:loc xlink:href='../elts/us-gaap-2024.xsd#us-gaap_OciEquityMethodInvestmentTax' xlink:label='loc_OciEquityMethodInvestmentTax' xlink:type='locator' />
    <link:calculationArc order='10' weight='1.0' xlink:arcrole='https://xbrl.org/2023/arcrole/summation-item' xlink:from='loc_OtherComprehensiveIncomeLossTax' xlink:to='loc_OtherComprehensiveIncomeLossBeforeReclassificationsTax' xlink:type='arc' />
    <link:calculationArc order='10' weight='1.0' xlink:arcrole='https://xbrl.org/2023/arcrole/summation-item' xlink:from='loc_OtherComprehensiveIncomeLossBeforeReclassificationsTax' xlink:to='loc_OtherComprehensiveIncomeForeignCurrencyTranslationGainLossArisingDuringPeriodTax' xlink:type='arc' />
    <link:calculationArc order='20' weight='1.0' xlink:arcrole='https://xbrl.org/2023/arcrole/summation-item' xlink:from='loc_OtherComprehensiveIncomeLossBeforeReclassificationsTax' xlink:to='loc_OtherComprehensiveIncomeLossCashFlowHedgeGainLossBeforeReclassificationTax' xlink:type='arc' />
    <link:calculationArc order='30' weight='1.0' xlink:arcrole='https://xbrl.org/2023/arcrole/summation-item' xlink:from='loc_OtherComprehensiveIncomeLossBeforeReclassificationsTax' xlink:to='loc_OtherComprehensiveIncomeLossAvailableForSaleSecuritiesBeforeReclassificationAdjustmentsTax' xlink:type='arc' />
    <link:calculationArc order='40' weight='-1.0' xlink:arcrole='https://xbrl.org/2023/arcrole/summation-item' xlink:from='loc_OtherComprehensiveIncomeLossBeforeReclassificationsTax' xlink:to='loc_OtherComprehensiveIncomeLossPensionAndOtherPostretirementBenefitPlansBeforeReclassificationAdjustmentsTax' xlink:type='arc' />
    <link:calculationArc order='50' weight='1.0' xlink:arcrole='https://xbrl.org/2023/arcrole/summation-item' xlink:from='loc_OtherComprehensiveIncomeLossBeforeReclassificationsTax' xlink:to='loc_OtherComprehensiveIncomeLossFinancialLiabilityFairValueOptionUnrealizedGainLossArisingDuringPeriodTax' xlink:type='arc' />
    <link:calculationArc order='60' weight='1.0' xlink:arcrole='https://xbrl.org/2023/arcrole/summation-item' xlink:from='loc_OtherComprehensiveIncomeLossBeforeReclassificationsTax' xlink:to='loc_OtherComprehensiveIncomeLossDerivativeExcludedComponentIncreaseDecreaseBeforeAdjustmentsTax' xlink:type='arc' />
    <link:calculationArc order='70' weight='1.0' xlink:arcrole='https://xbrl.org/2023/arcrole/summation-item' xlink:from='loc_OtherComprehensiveIncomeLossBeforeReclassificationsTax' xlink:to='loc_OciLiabilityForFuturePolicyBenefitGainLossBeforeReclassificationAdjustmentTax' xlink:type='arc' />
    <link:calculationArc order='80' weight='1.0' xlink:arcrole='https://xbrl.org/2023/arcrole/summation-item' xlink:from='loc_OtherComprehensiveIncomeLossBeforeReclassificationsTax' xlink:to='loc_OciMarketRiskBenefitInstrumentSpecificCreditRiskGainLossBeforeAdjustmentsTax' xlink:type='arc' />
    <link:calculationArc order='20' weight='-1.0' xlink:arcrole='https://xbrl.org/2023/arcrole/summation-item' xlink:from='loc_OtherComprehensiveIncomeLossTax' xlink:to='loc_ReclassificationFromAociCurrentPeriodTax' xlink:type='arc' />
    <link:calculationArc order='10' weight='1.0' xlink:arcrole='https://xbrl.org/2023/arcrole/summation-item' xlink:from='loc_ReclassificationFromAociCurrentPeriodTax' xlink:to='loc_OtherComprehensiveIncomeLossForeignCurrencyTransactionAndTranslationReclassificationAdjustmentFromAOCIRealizedUponSaleOrLiquidationTax' xlink:type='arc' />
    <link:calculationArc order='20' weight='1.0' xlink:arcrole='https://xbrl.org/2023/arcrole/summation-item' xlink:from='loc_ReclassificationFromAociCurrentPeriodTax' xlink:to='loc_OtherComprehensiveIncomeLossCashFlowHedgeGainLossReclassificationTax' xlink:type='arc' />
    <link:calculationArc order='30' weight='1.0' xlink:arcrole='https://xbrl.org/2023/arcrole/summation-item' xlink:from='loc_ReclassificationFromAociCurrentPeriodTax' xlink:to='loc_OtherComprehensiveIncomeLossReclassificationAdjustmentFromAOCIForSaleOfSecuritiesTax' xlink:type='arc' />
    <link:calculationArc order='40' weight='-1.0' xlink:arcrole='https://xbrl.org/2023/arcrole/summation-item' xlink:from='loc_ReclassificationFromAociCurrentPeriodTax' xlink:to='loc_OtherComprehensiveIncomeLossReclassificationAdjustmentFromAOCIForWritedownOfSecuritiesTax' xlink:type='arc' />
    <link:calculationArc order='50' weight='1.0' xlink:arcrole='https://xbrl.org/2023/arcrole/summation-item' xlink:from='loc_ReclassificationFromAociCurrentPeriodTax' xlink:to='loc_OtherComprehensiveIncomeLossReclassificationAdjustmentFromAociForInvestmentTransferredFromAvailableForSaleToEquityMethodTax' xlink:type='arc' />
    <link:calculationArc order='60' weight='1.0' xlink:arcrole='https://xbrl.org/2023/arcrole/summation-item' xlink:from='loc_ReclassificationFromAociCurrentPeriodTax' xlink:to='loc_OciDebtSecuritiesAvailableForSaleTransferToHeldToMaturityAdjustmentFromAociForAmortizationOfGainLossTax' xlink:type='arc' />
    <link:calculationArc order='70' weight='-1.0' xlink:arcrole='https://xbrl.org/2023/arcrole/summation-item' xlink:from='loc_ReclassificationFromAociCurrentPeriodTax' xlink:to='loc_OtherComprehensiveIncomeLossReclassificationAdjustmentFromAOCIPensionAndOtherPostretirementBenefitPlansTax' xlink:type='arc' />
    <link:calculationArc order='80' weight='1.0' xlink:arcrole='https://xbrl.org/2023/arcrole/summation-item' xlink:from='loc_ReclassificationFromAociCurrentPeriodTax' xlink:to='loc_OtherComprehensiveIncomeLossFinancialLiabilityFairValueOptionReclassificationAdjustmentFromAociForDerecognitionTax' xlink:type='arc' />
    <link:calculationArc order='90' weight='1.0' xlink:arcrole='https://xbrl.org/2023/arcrole/summation-item' xlink:from='loc_ReclassificationFromAociCurrentPeriodTax' xlink:to='loc_OtherComprehensiveIncomeLossDerivativeExcludedComponentIncreaseDecreaseAdjustmentsTax' xlink:type='arc' />
    <link:calculationArc order='100' weight='1.0' xlink:arcrole='https://xbrl.org/2023/arcrole/summation-item' xlink:from='loc_ReclassificationFromAociCurrentPeriodTax' xlink:to='loc_OciLiabilityForFuturePolicyBenefitGainLossReclassificationAdjustmentFromAociTax' xlink:type='arc' />
    <link:calculationArc order='110' weight='1.0' xlink:arcrole='https://xbrl.org/2023/arcrole/summation-item' xlink:from='loc_ReclassificationFromAociCurrentPeriodTax' xlink:to='loc_OciMarketRiskBenefitInstrumentSpecificCreditRiskGainLossReclassificationAdjustmentFromAociTax' xlink:type='arc' />
    <link:calculationArc order='120' weight='1.0' xlink:arcrole='https://xbrl.org/2023/arcrole/summation-item' xlink:from='loc_ReclassificationFromAociCurrentPeriodTax' xlink:to='loc_OciMarketRiskBenefitInstrumentSpecificCreditRiskAdjustmentFromAociTax' xlink:type='arc' />
    <link:calculationArc order='30' weight='1.0' xlink:arcrole='https://xbrl.org/2023/arcrole/summation-item' xlink:from='loc_OtherComprehensiveIncomeLossTax' xlink:to='loc_OciEquityMethodInvestmentTax' xlink:type='arc' />
  </link:calculationLink>
</link:linkbase>
