<?xml version='1.0' encoding='UTF-8'?>

<!--
(c) 2010-2024 Financial Accounting Foundation; (c) 2007-2010 XBRL US, Inc.  All Rights Reserved.
Notice: Authorized Uses are Set Forth at https://xbrl.fasb.org/terms/TaxonomiesTermsConditions.html
  -->
<link:linkbase xmlns:link='http://www.xbrl.org/2003/linkbase' xmlns:xlink='http://www.w3.org/1999/xlink' xmlns:xsi='http://www.w3.org/2001/XMLSchema-instance' xsi:schemaLocation='http://www.xbrl.org/2003/linkbase http://www.xbrl.org/2003/xbrl-linkbase-2003-12-31.xsd'>  <link:arcroleRef arcroleURI='https://xbrl.org/2023/arcrole/summation-item' xlink:href='https://www.xbrl.org/2023/calculation-1.1.xsd#summation-item' xlink:type='simple'/>
  <link:roleRef roleURI='http://fasb.org/us-gaap/role/statement/StatementOfOtherComprehensiveIncomeSecondAlternative' xlink:href='../elts/us-roles-2024.xsd#soc3' xlink:type='simple' />
  <link:calculationLink xlink:role='http://fasb.org/us-gaap/role/statement/StatementOfOtherComprehensiveIncomeSecondAlternative' xlink:type='extended'>
    <link:loc xlink:href='../elts/us-gaap-2024.xsd#us-gaap_OtherComprehensiveIncomeLossBeforeTaxPortionAttributableToParent' xlink:label='loc_OtherComprehensiveIncomeLossBeforeTaxPortionAttributableToParent' xlink:type='locator' />
    <link:loc xlink:href='../elts/us-gaap-2024.xsd#us-gaap_OtherComprehensiveIncomeAvailableforsaleSecuritiesAdjustmentBeforeTaxPortionAttributableToParent' xlink:label='loc_OtherComprehensiveIncomeAvailableforsaleSecuritiesAdjustmentBeforeTaxPortionAttributableToParent' xlink:type='locator' />
    <link:loc xlink:href='../elts/us-gaap-2024.xsd#us-gaap_OtherComprehensiveIncomeLossAvailableForSaleSecuritiesAdjustmentBeforeTax' xlink:label='loc_OtherComprehensiveIncomeLossAvailableForSaleSecuritiesAdjustmentBeforeTax' xlink:type='locator' />
    <link:loc xlink:href='../elts/us-gaap-2024.xsd#us-gaap_OtherComprehensiveIncomeAvailableforsaleSecuritiesAdjustmentBeforeTaxPortionAttributableToNoncontrollingInterest' xlink:label='loc_OtherComprehensiveIncomeAvailableforsaleSecuritiesAdjustmentBeforeTaxPortionAttributableToNoncontrollingInterest' xlink:type='locator' />
    <link:loc xlink:href='../elts/us-gaap-2024.xsd#us-gaap_OtherComprehensiveIncomeLossCashFlowHedgeGainLossAfterReclassificationBeforeTaxParent' xlink:label='loc_OtherComprehensiveIncomeLossCashFlowHedgeGainLossAfterReclassificationBeforeTaxParent' xlink:type='locator' />
    <link:loc xlink:href='../elts/us-gaap-2024.xsd#us-gaap_OtherComprehensiveIncomeLossCashFlowHedgeGainLossAfterReclassificationBeforeTax' xlink:label='loc_OtherComprehensiveIncomeLossCashFlowHedgeGainLossAfterReclassificationBeforeTax' xlink:type='locator' />
    <link:loc xlink:href='../elts/us-gaap-2024.xsd#us-gaap_OtherComprehensiveIncomeLossCashFlowHedgeGainLossAfterReclassificationBeforeTaxNoncontrollingInterest' xlink:label='loc_OtherComprehensiveIncomeLossCashFlowHedgeGainLossAfterReclassificationBeforeTaxNoncontrollingInterest' xlink:type='locator' />
    <link:loc xlink:href='../elts/us-gaap-2024.xsd#us-gaap_OtherComprehensiveIncomeForeignCurrencyTransactionAndTranslationAdjustmentBeforeTaxPortionAttributableToParent' xlink:label='loc_OtherComprehensiveIncomeForeignCurrencyTransactionAndTranslationAdjustmentBeforeTaxPortionAttributableToParent' xlink:type='locator' />
    <link:loc xlink:href='../elts/us-gaap-2024.xsd#us-gaap_OtherComprehensiveIncomeLossForeignCurrencyTransactionAndTranslationAdjustmentBeforeTax' xlink:label='loc_OtherComprehensiveIncomeLossForeignCurrencyTransactionAndTranslationAdjustmentBeforeTax' xlink:type='locator' />
    <link:loc xlink:href='../elts/us-gaap-2024.xsd#us-gaap_OtherComprehensiveIncomeForeignCurrencyTransactionAndTranslationAdjustmentBeforeTaxPortionAttributableToNoncontrollingInterest' xlink:label='loc_OtherComprehensiveIncomeForeignCurrencyTransactionAndTranslationAdjustmentBeforeTaxPortionAttributableToNoncontrollingInterest' xlink:type='locator' />
    <link:loc xlink:href='../elts/us-gaap-2024.xsd#us-gaap_OtherComprehensiveIncomeDefinedBenefitPlansAdjustmentBeforeTaxPortionAttributableToParent' xlink:label='loc_OtherComprehensiveIncomeDefinedBenefitPlansAdjustmentBeforeTaxPortionAttributableToParent' xlink:type='locator' />
    <link:loc xlink:href='../elts/us-gaap-2024.xsd#us-gaap_OtherComprehensiveIncomeLossPensionAndOtherPostretirementBenefitPlansAdjustmentBeforeTax' xlink:label='loc_OtherComprehensiveIncomeLossPensionAndOtherPostretirementBenefitPlansAdjustmentBeforeTax' xlink:type='locator' />
    <link:loc xlink:href='../elts/us-gaap-2024.xsd#us-gaap_OtherComprehensiveIncomeDefinedBenefitPlansAdjustmentBeforeTaxPortionAttributableToNoncontrollingInterest' xlink:label='loc_OtherComprehensiveIncomeDefinedBenefitPlansAdjustmentBeforeTaxPortionAttributableToNoncontrollingInterest' xlink:type='locator' />
    <link:loc xlink:href='../elts/us-gaap-2024.xsd#us-gaap_OtherComprehensiveIncomeLossFinancialLiabilityFairValueOptionBeforeTaxAfterReclassificationAdjustmentAttributableToParent' xlink:label='loc_OtherComprehensiveIncomeLossFinancialLiabilityFairValueOptionBeforeTaxAfterReclassificationAdjustmentAttributableToParent' xlink:type='locator' />
    <link:loc xlink:href='../elts/us-gaap-2024.xsd#us-gaap_OtherComprehensiveIncomeLossFinancialLiabilityFairValueOptionBeforeTaxAfterReclassificationAdjustment' xlink:label='loc_OtherComprehensiveIncomeLossFinancialLiabilityFairValueOptionBeforeTaxAfterReclassificationAdjustment' xlink:type='locator' />
    <link:loc xlink:href='../elts/us-gaap-2024.xsd#us-gaap_OtherComprehensiveIncomeLossFinancialLiabilityFairValueOptionBeforeTaxAfterReclassificationAdjustmentAttributableToNoncontrollingInterest' xlink:label='loc_OtherComprehensiveIncomeLossFinancialLiabilityFairValueOptionBeforeTaxAfterReclassificationAdjustmentAttributableToNoncontrollingInterest' xlink:type='locator' />
    <link:loc xlink:href='../elts/us-gaap-2024.xsd#us-gaap_OtherComprehensiveIncomeLossDerivativeExcludedComponentIncreaseDecreaseAfterAdjustmentsBeforeTaxParent' xlink:label='loc_OtherComprehensiveIncomeLossDerivativeExcludedComponentIncreaseDecreaseAfterAdjustmentsBeforeTaxParent' xlink:type='locator' />
    <link:loc xlink:href='../elts/us-gaap-2024.xsd#us-gaap_OtherComprehensiveIncomeLossDerivativeExcludedComponentIncreaseDecreaseAfterAdjustmentsBeforeTax' xlink:label='loc_OtherComprehensiveIncomeLossDerivativeExcludedComponentIncreaseDecreaseAfterAdjustmentsBeforeTax' xlink:type='locator' />
    <link:loc xlink:href='../elts/us-gaap-2024.xsd#us-gaap_OtherComprehensiveIncomeLossDerivativeExcludedComponentIncreaseDecreaseAfterAdjustmentsBeforeTaxNoncontrollingInterest1' xlink:label='loc_OtherComprehensiveIncomeLossDerivativeExcludedComponentIncreaseDecreaseAfterAdjustmentsBeforeTaxNoncontrollingInterest1' xlink:type='locator' />
    <link:loc xlink:href='../elts/us-gaap-2024.xsd#us-gaap_OciEquityMethodInvestmentBeforeTaxParent' xlink:label='loc_OciEquityMethodInvestmentBeforeTaxParent' xlink:type='locator' />
    <link:loc xlink:href='../elts/us-gaap-2024.xsd#us-gaap_OciEquityMethodInvestmentBeforeTax' xlink:label='loc_OciEquityMethodInvestmentBeforeTax' xlink:type='locator' />
    <link:loc xlink:href='../elts/us-gaap-2024.xsd#us-gaap_OciEquityMethodInvestmentBeforeTaxNoncontrollingInterest' xlink:label='loc_OciEquityMethodInvestmentBeforeTaxNoncontrollingInterest' xlink:type='locator' />
    <link:loc xlink:href='../elts/us-gaap-2024.xsd#us-gaap_OciLiabilityForFuturePolicyBenefitGainLossAfterReclassificationAdjustmentBeforeTaxParent' xlink:label='loc_OciLiabilityForFuturePolicyBenefitGainLossAfterReclassificationAdjustmentBeforeTaxParent' xlink:type='locator' />
    <link:loc xlink:href='../elts/us-gaap-2024.xsd#us-gaap_OciLiabilityForFuturePolicyBenefitGainLossAfterReclassificationAdjustmentBeforeTax' xlink:label='loc_OciLiabilityForFuturePolicyBenefitGainLossAfterReclassificationAdjustmentBeforeTax' xlink:type='locator' />
    <link:loc xlink:href='../elts/us-gaap-2024.xsd#us-gaap_OciLiabilityForFuturePolicyBenefitGainLossAfterReclassificationAdjustmentBeforeTaxNoncontrollingInterest' xlink:label='loc_OciLiabilityForFuturePolicyBenefitGainLossAfterReclassificationAdjustmentBeforeTaxNoncontrollingInterest' xlink:type='locator' />
    <link:loc xlink:href='../elts/us-gaap-2024.xsd#us-gaap_OciMarketRiskBenefitInstrumentSpecificCreditRiskGainLossAfterAdjustmentsBeforeTaxParent' xlink:label='loc_OciMarketRiskBenefitInstrumentSpecificCreditRiskGainLossAfterAdjustmentsBeforeTaxParent' xlink:type='locator' />
    <link:loc xlink:href='../elts/us-gaap-2024.xsd#us-gaap_OciMarketRiskBenefitInstrumentSpecificCreditRiskGainLossAfterAdjustmentsBeforeTax' xlink:label='loc_OciMarketRiskBenefitInstrumentSpecificCreditRiskGainLossAfterAdjustmentsBeforeTax' xlink:type='locator' />
    <link:loc xlink:href='../elts/us-gaap-2024.xsd#us-gaap_OciMarketRiskBenefitInstrumentSpecificCreditRiskGainLossAfterAdjustmentsBeforeTaxNoncontrollingInterest' xlink:label='loc_OciMarketRiskBenefitInstrumentSpecificCreditRiskGainLossAfterAdjustmentsBeforeTaxNoncontrollingInterest' xlink:type='locator' />
    <link:loc xlink:href='../elts/us-gaap-2024.xsd#us-gaap_OtherComprehensiveIncomeLossTaxPortionAttributableToParent1' xlink:label='loc_OtherComprehensiveIncomeLossTaxPortionAttributableToParent1' xlink:type='locator' />
    <link:loc xlink:href='../elts/us-gaap-2024.xsd#us-gaap_OtherComprehensiveIncomeAvailableforsaleSecuritiesTaxPortionAttributableToParent' xlink:label='loc_OtherComprehensiveIncomeAvailableforsaleSecuritiesTaxPortionAttributableToParent' xlink:type='locator' />
    <link:loc xlink:href='../elts/us-gaap-2024.xsd#us-gaap_OtherComprehensiveIncomeLossAvailableForSaleSecuritiesTax' xlink:label='loc_OtherComprehensiveIncomeLossAvailableForSaleSecuritiesTax' xlink:type='locator' />
    <link:loc xlink:href='../elts/us-gaap-2024.xsd#us-gaap_OtherComprehensiveIncomeAvailableforsaleSecuritiesTaxPortionAttributableToNoncontrollingInterest' xlink:label='loc_OtherComprehensiveIncomeAvailableforsaleSecuritiesTaxPortionAttributableToNoncontrollingInterest' xlink:type='locator' />
    <link:loc xlink:href='../elts/us-gaap-2024.xsd#us-gaap_OtherComprehensiveIncomeLossCashFlowHedgeGainLossAfterReclassificationTaxParent' xlink:label='loc_OtherComprehensiveIncomeLossCashFlowHedgeGainLossAfterReclassificationTaxParent' xlink:type='locator' />
    <link:loc xlink:href='../elts/us-gaap-2024.xsd#us-gaap_OtherComprehensiveIncomeLossCashFlowHedgeGainLossAfterReclassificationTax' xlink:label='loc_OtherComprehensiveIncomeLossCashFlowHedgeGainLossAfterReclassificationTax' xlink:type='locator' />
    <link:loc xlink:href='../elts/us-gaap-2024.xsd#us-gaap_OtherComprehensiveIncomeLossCashFlowHedgeGainLossAfterReclassificationTaxNoncontrollingInterest' xlink:label='loc_OtherComprehensiveIncomeLossCashFlowHedgeGainLossAfterReclassificationTaxNoncontrollingInterest' xlink:type='locator' />
    <link:loc xlink:href='../elts/us-gaap-2024.xsd#us-gaap_OtherComprehensiveIncomeForeignCurrencyTranslationAdjustmentTaxPortionAttributableToParent' xlink:label='loc_OtherComprehensiveIncomeForeignCurrencyTranslationAdjustmentTaxPortionAttributableToParent' xlink:type='locator' />
    <link:loc xlink:href='../elts/us-gaap-2024.xsd#us-gaap_OtherComprehensiveIncomeLossForeignCurrencyTranslationAdjustmentTax' xlink:label='loc_OtherComprehensiveIncomeLossForeignCurrencyTranslationAdjustmentTax' xlink:type='locator' />
    <link:loc xlink:href='../elts/us-gaap-2024.xsd#us-gaap_OtherComprehensiveIncomeForeignCurrencyTranslationAdjustmentTaxPortionAttributableToNoncontrollingInterest' xlink:label='loc_OtherComprehensiveIncomeForeignCurrencyTranslationAdjustmentTaxPortionAttributableToNoncontrollingInterest' xlink:type='locator' />
    <link:loc xlink:href='../elts/us-gaap-2024.xsd#us-gaap_OtherComprehensiveIncomeDefinedBenefitPlansTaxPortionAttributableToParent' xlink:label='loc_OtherComprehensiveIncomeDefinedBenefitPlansTaxPortionAttributableToParent' xlink:type='locator' />
    <link:loc xlink:href='../elts/us-gaap-2024.xsd#us-gaap_OtherComprehensiveIncomeLossPensionAndOtherPostretirementBenefitPlansTax' xlink:label='loc_OtherComprehensiveIncomeLossPensionAndOtherPostretirementBenefitPlansTax' xlink:type='locator' />
    <link:loc xlink:href='../elts/us-gaap-2024.xsd#us-gaap_OtherComprehensiveIncomeDefinedBenefitPlansTaxPortionAttributableToNoncontrollingInterest' xlink:label='loc_OtherComprehensiveIncomeDefinedBenefitPlansTaxPortionAttributableToNoncontrollingInterest' xlink:type='locator' />
    <link:loc xlink:href='../elts/us-gaap-2024.xsd#us-gaap_OtherComprehensiveIncomeLossFinancialLiabilityFairValueOptionAfterReclassificationAdjustmentTaxAttributableToParent' xlink:label='loc_OtherComprehensiveIncomeLossFinancialLiabilityFairValueOptionAfterReclassificationAdjustmentTaxAttributableToParent' xlink:type='locator' />
    <link:loc xlink:href='../elts/us-gaap-2024.xsd#us-gaap_OtherComprehensiveIncomeLossFinancialLiabilityFairValueOptionAfterReclassificationAdjustmentTax' xlink:label='loc_OtherComprehensiveIncomeLossFinancialLiabilityFairValueOptionAfterReclassificationAdjustmentTax' xlink:type='locator' />
    <link:loc xlink:href='../elts/us-gaap-2024.xsd#us-gaap_OtherComprehensiveIncomeLossFinancialLiabilityFairValueOptionAfterReclassificationAdjustmentTaxAttributableToNoncontrollingInterest' xlink:label='loc_OtherComprehensiveIncomeLossFinancialLiabilityFairValueOptionAfterReclassificationAdjustmentTaxAttributableToNoncontrollingInterest' xlink:type='locator' />
    <link:loc xlink:href='../elts/us-gaap-2024.xsd#us-gaap_OtherComprehensiveIncomeLossDerivativeExcludedComponentIncreaseDecreaseAfterAdjustmentsTaxParent' xlink:label='loc_OtherComprehensiveIncomeLossDerivativeExcludedComponentIncreaseDecreaseAfterAdjustmentsTaxParent' xlink:type='locator' />
    <link:loc xlink:href='../elts/us-gaap-2024.xsd#us-gaap_OtherComprehensiveIncomeLossDerivativeExcludedComponentIncreaseDecreaseAfterAdjustmentsTax' xlink:label='loc_OtherComprehensiveIncomeLossDerivativeExcludedComponentIncreaseDecreaseAfterAdjustmentsTax' xlink:type='locator' />
    <link:loc xlink:href='../elts/us-gaap-2024.xsd#us-gaap_OtherComprehensiveIncomeLossDerivativeExcludedComponentIncreaseDecreaseAfterAdjustmentsTaxNoncontrollingInterest1' xlink:label='loc_OtherComprehensiveIncomeLossDerivativeExcludedComponentIncreaseDecreaseAfterAdjustmentsTaxNoncontrollingInterest1' xlink:type='locator' />
    <link:loc xlink:href='../elts/us-gaap-2024.xsd#us-gaap_OciEquityMethodInvestmentTaxParent' xlink:label='loc_OciEquityMethodInvestmentTaxParent' xlink:type='locator' />
    <link:loc xlink:href='../elts/us-gaap-2024.xsd#us-gaap_OciEquityMethodInvestmentTax' xlink:label='loc_OciEquityMethodInvestmentTax' xlink:type='locator' />
    <link:loc xlink:href='../elts/us-gaap-2024.xsd#us-gaap_OciEquityMethodInvestmentTaxNoncontrollingInterest' xlink:label='loc_OciEquityMethodInvestmentTaxNoncontrollingInterest' xlink:type='locator' />
    <link:loc xlink:href='../elts/us-gaap-2024.xsd#us-gaap_OciLiabilityForFuturePolicyBenefitGainLossAfterReclassificationAdjustmentTaxParent' xlink:label='loc_OciLiabilityForFuturePolicyBenefitGainLossAfterReclassificationAdjustmentTaxParent' xlink:type='locator' />
    <link:loc xlink:href='../elts/us-gaap-2024.xsd#us-gaap_OciLiabilityForFuturePolicyBenefitGainLossAfterReclassificationAdjustmentTax' xlink:label='loc_OciLiabilityForFuturePolicyBenefitGainLossAfterReclassificationAdjustmentTax' xlink:type='locator' />
    <link:loc xlink:href='../elts/us-gaap-2024.xsd#us-gaap_OciLiabilityForFuturePolicyBenefitGainLossAfterReclassificationAdjustmentTaxNoncontrollingInterest' xlink:label='loc_OciLiabilityForFuturePolicyBenefitGainLossAfterReclassificationAdjustmentTaxNoncontrollingInterest' xlink:type='locator' />
    <link:loc xlink:href='../elts/us-gaap-2024.xsd#us-gaap_OciMarketRiskBenefitInstrumentSpecificCreditRiskGainLossAfterAdjustmentsTaxParent' xlink:label='loc_OciMarketRiskBenefitInstrumentSpecificCreditRiskGainLossAfterAdjustmentsTaxParent' xlink:type='locator' />
    <link:loc xlink:href='../elts/us-gaap-2024.xsd#us-gaap_OciMarketRiskBenefitInstrumentSpecificCreditRiskGainLossAfterAdjustmentsTax' xlink:label='loc_OciMarketRiskBenefitInstrumentSpecificCreditRiskGainLossAfterAdjustmentsTax' xlink:type='locator' />
    <link:loc xlink:href='../elts/us-gaap-2024.xsd#us-gaap_OciMarketRiskBenefitInstrumentSpecificCreditRiskGainLossAfterAdjustmentsTaxNoncontrollingInterest' xlink:label='loc_OciMarketRiskBenefitInstrumentSpecificCreditRiskGainLossAfterAdjustmentsTaxNoncontrollingInterest' xlink:type='locator' />
    <link:calculationArc order='10' weight='1.0' xlink:arcrole='https://xbrl.org/2023/arcrole/summation-item' xlink:from='loc_OtherComprehensiveIncomeLossBeforeTaxPortionAttributableToParent' xlink:to='loc_OtherComprehensiveIncomeAvailableforsaleSecuritiesAdjustmentBeforeTaxPortionAttributableToParent' xlink:type='arc' />
    <link:calculationArc order='10' weight='1.0' xlink:arcrole='https://xbrl.org/2023/arcrole/summation-item' xlink:from='loc_OtherComprehensiveIncomeAvailableforsaleSecuritiesAdjustmentBeforeTaxPortionAttributableToParent' xlink:to='loc_OtherComprehensiveIncomeLossAvailableForSaleSecuritiesAdjustmentBeforeTax' xlink:type='arc' />
    <link:calculationArc order='20' weight='-1.0' xlink:arcrole='https://xbrl.org/2023/arcrole/summation-item' xlink:from='loc_OtherComprehensiveIncomeAvailableforsaleSecuritiesAdjustmentBeforeTaxPortionAttributableToParent' xlink:to='loc_OtherComprehensiveIncomeAvailableforsaleSecuritiesAdjustmentBeforeTaxPortionAttributableToNoncontrollingInterest' xlink:type='arc' />
    <link:calculationArc order='20' weight='1.0' xlink:arcrole='https://xbrl.org/2023/arcrole/summation-item' xlink:from='loc_OtherComprehensiveIncomeLossBeforeTaxPortionAttributableToParent' xlink:to='loc_OtherComprehensiveIncomeLossCashFlowHedgeGainLossAfterReclassificationBeforeTaxParent' xlink:type='arc' />
    <link:calculationArc order='10' weight='1.0' xlink:arcrole='https://xbrl.org/2023/arcrole/summation-item' xlink:from='loc_OtherComprehensiveIncomeLossCashFlowHedgeGainLossAfterReclassificationBeforeTaxParent' xlink:to='loc_OtherComprehensiveIncomeLossCashFlowHedgeGainLossAfterReclassificationBeforeTax' xlink:type='arc' />
    <link:calculationArc order='20' weight='-1.0' xlink:arcrole='https://xbrl.org/2023/arcrole/summation-item' xlink:from='loc_OtherComprehensiveIncomeLossCashFlowHedgeGainLossAfterReclassificationBeforeTaxParent' xlink:to='loc_OtherComprehensiveIncomeLossCashFlowHedgeGainLossAfterReclassificationBeforeTaxNoncontrollingInterest' xlink:type='arc' />
    <link:calculationArc order='30' weight='1.0' xlink:arcrole='https://xbrl.org/2023/arcrole/summation-item' xlink:from='loc_OtherComprehensiveIncomeLossBeforeTaxPortionAttributableToParent' xlink:to='loc_OtherComprehensiveIncomeForeignCurrencyTransactionAndTranslationAdjustmentBeforeTaxPortionAttributableToParent' xlink:type='arc' />
    <link:calculationArc order='10' weight='1.0' xlink:arcrole='https://xbrl.org/2023/arcrole/summation-item' xlink:from='loc_OtherComprehensiveIncomeForeignCurrencyTransactionAndTranslationAdjustmentBeforeTaxPortionAttributableToParent' xlink:to='loc_OtherComprehensiveIncomeLossForeignCurrencyTransactionAndTranslationAdjustmentBeforeTax' xlink:type='arc' />
    <link:calculationArc order='20' weight='-1.0' xlink:arcrole='https://xbrl.org/2023/arcrole/summation-item' xlink:from='loc_OtherComprehensiveIncomeForeignCurrencyTransactionAndTranslationAdjustmentBeforeTaxPortionAttributableToParent' xlink:to='loc_OtherComprehensiveIncomeForeignCurrencyTransactionAndTranslationAdjustmentBeforeTaxPortionAttributableToNoncontrollingInterest' xlink:type='arc' />
    <link:calculationArc order='40' weight='-1.0' xlink:arcrole='https://xbrl.org/2023/arcrole/summation-item' xlink:from='loc_OtherComprehensiveIncomeLossBeforeTaxPortionAttributableToParent' xlink:to='loc_OtherComprehensiveIncomeDefinedBenefitPlansAdjustmentBeforeTaxPortionAttributableToParent' xlink:type='arc' />
    <link:calculationArc order='10' weight='1.0' xlink:arcrole='https://xbrl.org/2023/arcrole/summation-item' xlink:from='loc_OtherComprehensiveIncomeDefinedBenefitPlansAdjustmentBeforeTaxPortionAttributableToParent' xlink:to='loc_OtherComprehensiveIncomeLossPensionAndOtherPostretirementBenefitPlansAdjustmentBeforeTax' xlink:type='arc' />
    <link:calculationArc order='20' weight='-1.0' xlink:arcrole='https://xbrl.org/2023/arcrole/summation-item' xlink:from='loc_OtherComprehensiveIncomeDefinedBenefitPlansAdjustmentBeforeTaxPortionAttributableToParent' xlink:to='loc_OtherComprehensiveIncomeDefinedBenefitPlansAdjustmentBeforeTaxPortionAttributableToNoncontrollingInterest' xlink:type='arc' />
    <link:calculationArc order='50' weight='1.0' xlink:arcrole='https://xbrl.org/2023/arcrole/summation-item' xlink:from='loc_OtherComprehensiveIncomeLossBeforeTaxPortionAttributableToParent' xlink:to='loc_OtherComprehensiveIncomeLossFinancialLiabilityFairValueOptionBeforeTaxAfterReclassificationAdjustmentAttributableToParent' xlink:type='arc' />
    <link:calculationArc order='10' weight='1.0' xlink:arcrole='https://xbrl.org/2023/arcrole/summation-item' xlink:from='loc_OtherComprehensiveIncomeLossFinancialLiabilityFairValueOptionBeforeTaxAfterReclassificationAdjustmentAttributableToParent' xlink:to='loc_OtherComprehensiveIncomeLossFinancialLiabilityFairValueOptionBeforeTaxAfterReclassificationAdjustment' xlink:type='arc' />
    <link:calculationArc order='20' weight='-1.0' xlink:arcrole='https://xbrl.org/2023/arcrole/summation-item' xlink:from='loc_OtherComprehensiveIncomeLossFinancialLiabilityFairValueOptionBeforeTaxAfterReclassificationAdjustmentAttributableToParent' xlink:to='loc_OtherComprehensiveIncomeLossFinancialLiabilityFairValueOptionBeforeTaxAfterReclassificationAdjustmentAttributableToNoncontrollingInterest' xlink:type='arc' />
    <link:calculationArc order='60' weight='1.0' xlink:arcrole='https://xbrl.org/2023/arcrole/summation-item' xlink:from='loc_OtherComprehensiveIncomeLossBeforeTaxPortionAttributableToParent' xlink:to='loc_OtherComprehensiveIncomeLossDerivativeExcludedComponentIncreaseDecreaseAfterAdjustmentsBeforeTaxParent' xlink:type='arc' />
    <link:calculationArc order='10' weight='1.0' xlink:arcrole='https://xbrl.org/2023/arcrole/summation-item' xlink:from='loc_OtherComprehensiveIncomeLossDerivativeExcludedComponentIncreaseDecreaseAfterAdjustmentsBeforeTaxParent' xlink:to='loc_OtherComprehensiveIncomeLossDerivativeExcludedComponentIncreaseDecreaseAfterAdjustmentsBeforeTax' xlink:type='arc' />
    <link:calculationArc order='20' weight='-1.0' xlink:arcrole='https://xbrl.org/2023/arcrole/summation-item' xlink:from='loc_OtherComprehensiveIncomeLossDerivativeExcludedComponentIncreaseDecreaseAfterAdjustmentsBeforeTaxParent' xlink:to='loc_OtherComprehensiveIncomeLossDerivativeExcludedComponentIncreaseDecreaseAfterAdjustmentsBeforeTaxNoncontrollingInterest1' xlink:type='arc' />
    <link:calculationArc order='70' weight='1.0' xlink:arcrole='https://xbrl.org/2023/arcrole/summation-item' xlink:from='loc_OtherComprehensiveIncomeLossBeforeTaxPortionAttributableToParent' xlink:to='loc_OciEquityMethodInvestmentBeforeTaxParent' xlink:type='arc' />
    <link:calculationArc order='10' weight='1.0' xlink:arcrole='https://xbrl.org/2023/arcrole/summation-item' xlink:from='loc_OciEquityMethodInvestmentBeforeTaxParent' xlink:to='loc_OciEquityMethodInvestmentBeforeTax' xlink:type='arc' />
    <link:calculationArc order='20' weight='-1.0' xlink:arcrole='https://xbrl.org/2023/arcrole/summation-item' xlink:from='loc_OciEquityMethodInvestmentBeforeTaxParent' xlink:to='loc_OciEquityMethodInvestmentBeforeTaxNoncontrollingInterest' xlink:type='arc' />
    <link:calculationArc order='80' weight='1.0' xlink:arcrole='https://xbrl.org/2023/arcrole/summation-item' xlink:from='loc_OtherComprehensiveIncomeLossBeforeTaxPortionAttributableToParent' xlink:to='loc_OciLiabilityForFuturePolicyBenefitGainLossAfterReclassificationAdjustmentBeforeTaxParent' xlink:type='arc' />
    <link:calculationArc order='10' weight='1.0' xlink:arcrole='https://xbrl.org/2023/arcrole/summation-item' xlink:from='loc_OciLiabilityForFuturePolicyBenefitGainLossAfterReclassificationAdjustmentBeforeTaxParent' xlink:to='loc_OciLiabilityForFuturePolicyBenefitGainLossAfterReclassificationAdjustmentBeforeTax' xlink:type='arc' />
    <link:calculationArc order='20' weight='-1.0' xlink:arcrole='https://xbrl.org/2023/arcrole/summation-item' xlink:from='loc_OciLiabilityForFuturePolicyBenefitGainLossAfterReclassificationAdjustmentBeforeTaxParent' xlink:to='loc_OciLiabilityForFuturePolicyBenefitGainLossAfterReclassificationAdjustmentBeforeTaxNoncontrollingInterest' xlink:type='arc' />
    <link:calculationArc order='90' weight='1.0' xlink:arcrole='https://xbrl.org/2023/arcrole/summation-item' xlink:from='loc_OtherComprehensiveIncomeLossBeforeTaxPortionAttributableToParent' xlink:to='loc_OciMarketRiskBenefitInstrumentSpecificCreditRiskGainLossAfterAdjustmentsBeforeTaxParent' xlink:type='arc' />
    <link:calculationArc order='10' weight='1.0' xlink:arcrole='https://xbrl.org/2023/arcrole/summation-item' xlink:from='loc_OciMarketRiskBenefitInstrumentSpecificCreditRiskGainLossAfterAdjustmentsBeforeTaxParent' xlink:to='loc_OciMarketRiskBenefitInstrumentSpecificCreditRiskGainLossAfterAdjustmentsBeforeTax' xlink:type='arc' />
    <link:calculationArc order='20' weight='-1.0' xlink:arcrole='https://xbrl.org/2023/arcrole/summation-item' xlink:from='loc_OciMarketRiskBenefitInstrumentSpecificCreditRiskGainLossAfterAdjustmentsBeforeTaxParent' xlink:to='loc_OciMarketRiskBenefitInstrumentSpecificCreditRiskGainLossAfterAdjustmentsBeforeTaxNoncontrollingInterest' xlink:type='arc' />
    <link:calculationArc order='10' weight='1.0' xlink:arcrole='https://xbrl.org/2023/arcrole/summation-item' xlink:from='loc_OtherComprehensiveIncomeLossTaxPortionAttributableToParent1' xlink:to='loc_OtherComprehensiveIncomeAvailableforsaleSecuritiesTaxPortionAttributableToParent' xlink:type='arc' />
    <link:calculationArc order='10' weight='1.0' xlink:arcrole='https://xbrl.org/2023/arcrole/summation-item' xlink:from='loc_OtherComprehensiveIncomeAvailableforsaleSecuritiesTaxPortionAttributableToParent' xlink:to='loc_OtherComprehensiveIncomeLossAvailableForSaleSecuritiesTax' xlink:type='arc' />
    <link:calculationArc order='20' weight='-1.0' xlink:arcrole='https://xbrl.org/2023/arcrole/summation-item' xlink:from='loc_OtherComprehensiveIncomeAvailableforsaleSecuritiesTaxPortionAttributableToParent' xlink:to='loc_OtherComprehensiveIncomeAvailableforsaleSecuritiesTaxPortionAttributableToNoncontrollingInterest' xlink:type='arc' />
    <link:calculationArc order='20' weight='1.0' xlink:arcrole='https://xbrl.org/2023/arcrole/summation-item' xlink:from='loc_OtherComprehensiveIncomeLossTaxPortionAttributableToParent1' xlink:to='loc_OtherComprehensiveIncomeLossCashFlowHedgeGainLossAfterReclassificationTaxParent' xlink:type='arc' />
    <link:calculationArc order='10' weight='1.0' xlink:arcrole='https://xbrl.org/2023/arcrole/summation-item' xlink:from='loc_OtherComprehensiveIncomeLossCashFlowHedgeGainLossAfterReclassificationTaxParent' xlink:to='loc_OtherComprehensiveIncomeLossCashFlowHedgeGainLossAfterReclassificationTax' xlink:type='arc' />
    <link:calculationArc order='20' weight='-1.0' xlink:arcrole='https://xbrl.org/2023/arcrole/summation-item' xlink:from='loc_OtherComprehensiveIncomeLossCashFlowHedgeGainLossAfterReclassificationTaxParent' xlink:to='loc_OtherComprehensiveIncomeLossCashFlowHedgeGainLossAfterReclassificationTaxNoncontrollingInterest' xlink:type='arc' />
    <link:calculationArc order='30' weight='1.0' xlink:arcrole='https://xbrl.org/2023/arcrole/summation-item' xlink:from='loc_OtherComprehensiveIncomeLossTaxPortionAttributableToParent1' xlink:to='loc_OtherComprehensiveIncomeForeignCurrencyTranslationAdjustmentTaxPortionAttributableToParent' xlink:type='arc' />
    <link:calculationArc order='10' weight='1.0' xlink:arcrole='https://xbrl.org/2023/arcrole/summation-item' xlink:from='loc_OtherComprehensiveIncomeForeignCurrencyTranslationAdjustmentTaxPortionAttributableToParent' xlink:to='loc_OtherComprehensiveIncomeLossForeignCurrencyTranslationAdjustmentTax' xlink:type='arc' />
    <link:calculationArc order='20' weight='-1.0' xlink:arcrole='https://xbrl.org/2023/arcrole/summation-item' xlink:from='loc_OtherComprehensiveIncomeForeignCurrencyTranslationAdjustmentTaxPortionAttributableToParent' xlink:to='loc_OtherComprehensiveIncomeForeignCurrencyTranslationAdjustmentTaxPortionAttributableToNoncontrollingInterest' xlink:type='arc' />
    <link:calculationArc order='40' weight='-1.0' xlink:arcrole='https://xbrl.org/2023/arcrole/summation-item' xlink:from='loc_OtherComprehensiveIncomeLossTaxPortionAttributableToParent1' xlink:to='loc_OtherComprehensiveIncomeDefinedBenefitPlansTaxPortionAttributableToParent' xlink:type='arc' />
    <link:calculationArc order='10' weight='1.0' xlink:arcrole='https://xbrl.org/2023/arcrole/summation-item' xlink:from='loc_OtherComprehensiveIncomeDefinedBenefitPlansTaxPortionAttributableToParent' xlink:to='loc_OtherComprehensiveIncomeLossPensionAndOtherPostretirementBenefitPlansTax' xlink:type='arc' />
    <link:calculationArc order='20' weight='-1.0' xlink:arcrole='https://xbrl.org/2023/arcrole/summation-item' xlink:from='loc_OtherComprehensiveIncomeDefinedBenefitPlansTaxPortionAttributableToParent' xlink:to='loc_OtherComprehensiveIncomeDefinedBenefitPlansTaxPortionAttributableToNoncontrollingInterest' xlink:type='arc' />
    <link:calculationArc order='50' weight='1.0' xlink:arcrole='https://xbrl.org/2023/arcrole/summation-item' xlink:from='loc_OtherComprehensiveIncomeLossTaxPortionAttributableToParent1' xlink:to='loc_OtherComprehensiveIncomeLossFinancialLiabilityFairValueOptionAfterReclassificationAdjustmentTaxAttributableToParent' xlink:type='arc' />
    <link:calculationArc order='10' weight='1.0' xlink:arcrole='https://xbrl.org/2023/arcrole/summation-item' xlink:from='loc_OtherComprehensiveIncomeLossFinancialLiabilityFairValueOptionAfterReclassificationAdjustmentTaxAttributableToParent' xlink:to='loc_OtherComprehensiveIncomeLossFinancialLiabilityFairValueOptionAfterReclassificationAdjustmentTax' xlink:type='arc' />
    <link:calculationArc order='20' weight='-1.0' xlink:arcrole='https://xbrl.org/2023/arcrole/summation-item' xlink:from='loc_OtherComprehensiveIncomeLossFinancialLiabilityFairValueOptionAfterReclassificationAdjustmentTaxAttributableToParent' xlink:to='loc_OtherComprehensiveIncomeLossFinancialLiabilityFairValueOptionAfterReclassificationAdjustmentTaxAttributableToNoncontrollingInterest' xlink:type='arc' />
    <link:calculationArc order='60' weight='1.0' xlink:arcrole='https://xbrl.org/2023/arcrole/summation-item' xlink:from='loc_OtherComprehensiveIncomeLossTaxPortionAttributableToParent1' xlink:to='loc_OtherComprehensiveIncomeLossDerivativeExcludedComponentIncreaseDecreaseAfterAdjustmentsTaxParent' xlink:type='arc' />
    <link:calculationArc order='10' weight='1.0' xlink:arcrole='https://xbrl.org/2023/arcrole/summation-item' xlink:from='loc_OtherComprehensiveIncomeLossDerivativeExcludedComponentIncreaseDecreaseAfterAdjustmentsTaxParent' xlink:to='loc_OtherComprehensiveIncomeLossDerivativeExcludedComponentIncreaseDecreaseAfterAdjustmentsTax' xlink:type='arc' />
    <link:calculationArc order='20' weight='-1.0' xlink:arcrole='https://xbrl.org/2023/arcrole/summation-item' xlink:from='loc_OtherComprehensiveIncomeLossDerivativeExcludedComponentIncreaseDecreaseAfterAdjustmentsTaxParent' xlink:to='loc_OtherComprehensiveIncomeLossDerivativeExcludedComponentIncreaseDecreaseAfterAdjustmentsTaxNoncontrollingInterest1' xlink:type='arc' />
    <link:calculationArc order='70' weight='1.0' xlink:arcrole='https://xbrl.org/2023/arcrole/summation-item' xlink:from='loc_OtherComprehensiveIncomeLossTaxPortionAttributableToParent1' xlink:to='loc_OciEquityMethodInvestmentTaxParent' xlink:type='arc' />
    <link:calculationArc order='10' weight='1.0' xlink:arcrole='https://xbrl.org/2023/arcrole/summation-item' xlink:from='loc_OciEquityMethodInvestmentTaxParent' xlink:to='loc_OciEquityMethodInvestmentTax' xlink:type='arc' />
    <link:calculationArc order='20' weight='-1.0' xlink:arcrole='https://xbrl.org/2023/arcrole/summation-item' xlink:from='loc_OciEquityMethodInvestmentTaxParent' xlink:to='loc_OciEquityMethodInvestmentTaxNoncontrollingInterest' xlink:type='arc' />
    <link:calculationArc order='80' weight='1.0' xlink:arcrole='https://xbrl.org/2023/arcrole/summation-item' xlink:from='loc_OtherComprehensiveIncomeLossTaxPortionAttributableToParent1' xlink:to='loc_OciLiabilityForFuturePolicyBenefitGainLossAfterReclassificationAdjustmentTaxParent' xlink:type='arc' />
    <link:calculationArc order='10' weight='1.0' xlink:arcrole='https://xbrl.org/2023/arcrole/summation-item' xlink:from='loc_OciLiabilityForFuturePolicyBenefitGainLossAfterReclassificationAdjustmentTaxParent' xlink:to='loc_OciLiabilityForFuturePolicyBenefitGainLossAfterReclassificationAdjustmentTax' xlink:type='arc' />
    <link:calculationArc order='20' weight='-1.0' xlink:arcrole='https://xbrl.org/2023/arcrole/summation-item' xlink:from='loc_OciLiabilityForFuturePolicyBenefitGainLossAfterReclassificationAdjustmentTaxParent' xlink:to='loc_OciLiabilityForFuturePolicyBenefitGainLossAfterReclassificationAdjustmentTaxNoncontrollingInterest' xlink:type='arc' />
    <link:calculationArc order='90' weight='1.0' xlink:arcrole='https://xbrl.org/2023/arcrole/summation-item' xlink:from='loc_OtherComprehensiveIncomeLossTaxPortionAttributableToParent1' xlink:to='loc_OciMarketRiskBenefitInstrumentSpecificCreditRiskGainLossAfterAdjustmentsTaxParent' xlink:type='arc' />
    <link:calculationArc order='10' weight='1.0' xlink:arcrole='https://xbrl.org/2023/arcrole/summation-item' xlink:from='loc_OciMarketRiskBenefitInstrumentSpecificCreditRiskGainLossAfterAdjustmentsTaxParent' xlink:to='loc_OciMarketRiskBenefitInstrumentSpecificCreditRiskGainLossAfterAdjustmentsTax' xlink:type='arc' />
    <link:calculationArc order='20' weight='-1.0' xlink:arcrole='https://xbrl.org/2023/arcrole/summation-item' xlink:from='loc_OciMarketRiskBenefitInstrumentSpecificCreditRiskGainLossAfterAdjustmentsTaxParent' xlink:to='loc_OciMarketRiskBenefitInstrumentSpecificCreditRiskGainLossAfterAdjustmentsTaxNoncontrollingInterest' xlink:type='arc' />
  </link:calculationLink>
</link:linkbase>
